time,runtime,loop_dt,nav_mode,receiver_pulse_width,receiver_angle,receiver_sample_age_sec,receiver_is_fresh,battery_percent,battery_seconds_left,battery_time_remaining,battery_plugged_in,imu_temperature,imu_raw_acceleration_x,imu_raw_acceleration_y,imu_raw_acceleration_z,imu_body_acceleration_x,imu_body_acceleration_y,imu_body_acceleration_z,imu_acceleration_x,imu_acceleration_y,imu_acceleration_z,imu_velocity_x,imu_velocity_y,imu_velocity_z,imu_position_x,imu_position_y,imu_position_z,imu_gravity_x,imu_gravity_y,imu_gravity_z,imu_absolute_roll,imu_absolute_pitch,imu_absolute_yaw,imu_relative_roll,imu_relative_pitch,imu_relative_yaw,imu_initial_roll,imu_initial_pitch,imu_initial_yaw,imu_quaternion_w,imu_quaternion_x,imu_quaternion_y,imu_quaternion_z,imu_angular_velocity_x,imu_angular_velocity_y,imu_angular_velocity_z,imu_magnetic_x,imu_magnetic_y,imu_magnetic_z,gps_lat,gps_lon,gps_has_fix,gps_speed_mps,gps_track_deg,ekf_initialized,ekf_east_m,ekf_north_m,ekf_yaw_rad,ekf_roll_rad,ekf_pitch_rad,ekf_vx_body_mps,ekf_vy_body_mps,ekf_yaw_rate_radps,ekf_bias_ax_mps2,ekf_bias_ay_mps2,ekf_bias_gz_radps,ekf_pos_1sigma_m,ekf_yaw_1sigma_rad,ekf_vel_1sigma_mps
295.9560167789459,0.00014352798461914062,0.0001418590545654297,odometry_only,0,0,,False,,,N/A,False,-91,-0.38,0.16,9.73,0.04,-0.09,-0.03,0.08157061171963406,0.0527969854044826,-0.034039883018064966,5.785764929435523e-06,3.7448652166923456e-06,-2.4144328112302606e-06,4.1038157141377166e-10,2.6562151955746955e-10,-1.7125457795643867e-10,-0.41000000000000003,0.25,9.790000000000001,-2.375,-1.5,260.5,0.0,0.0,-0.1875,-2.375,-1.5,260.6875,0.64605712890625,-0.00762939453125,0.0238037109375,0.76287841796875,0.002181661564992912,0.002181661564992912,0.001090830782496456,22.25,-5.5625,-40.75,,,False,,,False,,,,,,,,,,,,,,
296.0760307312012,0.12015748023986816,0.11999988555908203,odometry_only,0,0,,False,,,N/A,False,-91,-0.41000000000000003,0.15,9.71,0.027974599193040642,-0.09,-0.045031751008699196,0.08326867887948966,0.04025346139481048,-0.048542999107200675,0.009896133768696991,0.0055867663487850034,-0.0049573826348967495,0.0005941150158067764,0.0003354306185700037,-0.00029758771151519207,-0.41000000000000003,0.25,9.790000000000001,-2.375,-1.5,260.5,0.0,0.0,-0.1875,-2.375,-1.5,260.6875,0.64605712890625,-0.00762939453125,0.0238037109375,0.76287841796875,-0.001090830782496456,0.002181661564992912,0.001090830782496456,22.25,-5.1875,-40.5,,,False,,,False,,,,,,,,,,,,,,
296.19265389442444,0.23678064346313477,0.11661171913146973,odometry_only,0,0,,False,,,N/A,False,37,-0.4,0.16,9.700000000000001,0.019272064785991423,-0.09000000000000001,-0.0578911990722175,0.08445965980362351,0.03108448272334376,-0.06101740907981012,0.0196756787291486,0.009746186500246345,-0.011345396408613189,0.002318324962410405,0.00122943161411366,-0.001248135256957288,-0.41000000000000003,0.25,9.790000000000001,-2.375,-1.5,260.5,0.0,0.0,-0.1875,-2.375,-1.5,260.6875,0.64605712890625,-0.00762939453125,0.0238037109375,0.76287841796875,-0.002181661564992912,-0.003272492347489368,0.0,21.875,-5.5625,-40.375,,,False,,,False,,,,,,,,,,,,,,
296.30935311317444,0.35347986221313477,0.11668729782104492,odometry_only,0,0,,False,,,N/A,False,37,-0.41000000000000003,0.19,9.73,0.009795847990157482,-0.08405459786810475,-0.07301757099981784,0.07987233333860738,0.020072910730785654,-0.07556578827200051,0.029263406841805305,0.01273089550311153,-0.01931415852198383,0.005173609788964155,0.0025408265950505947,-0.0030369255655809183,-0.41000000000000003,0.25,9.790000000000001,-2.375,-1.5,260.5,0.0,0.0,-0.1875,-2.375,-1.5,260.6875,0.64605712890625,-0.00762939453125,0.0238037109375,0.76287841796875,0.001090830782496456,-0.001090830782496456,0.001090830782496456,22.25,-4.5,-40.375,,,False,,,False,,,,,,,,,,,,,,
296.4285066127777,0.47263336181640625,0.1191413402557373,odometry_only,0,0,,False,,,N/A,False,37,-0.39,0.17,9.71,0.00791975556889253,-0.07962518317366238,-0.07120839425416615,0.07584885925346842,0.017581014443035052,-0.07356212488141153,0.038539822637626155,0.014973965058660653,-0.028197808243303184,0.009212693605887546,0.004191223704514523,-0.00586724526488209,-0.41000000000000003,0.25,9.790000000000001,-2.375,-1.5,260.5,0.0,0.0,-0.1875,-2.375,-1.5,260.6875,0.64605712890625,-0.00762939453125,0.0238037109375,0.76287841796875,0.0,0.001090830782496456,0.001090830782496456,21.875,-4.5,-40.75,,,False,,,False,,,,,,,,,,,,,,
296.54736280441284,0.5914895534515381,0.11884307861328125,odometry_only,0,0,,False,,,N/A,False,37,-0.42,0.17,9.73,0.007169223717241317,-0.07585670856457005,-0.062498693200181143,0.07242321381604709,0.016625300764574212,-0.0647317706364573,0.047350377455603464,0.017006556962304947,-0.03641544439168668,0.014316421506782619,0.006091555550830217,-0.009706664196062042,-0.41000000000000003,0.25,9.790000000000001,-2.375,-1.5,260.5,0.0,0.0,-0.1875,-2.375,-1.5,260.6875,0.64605712890625,-0.00762939453125,0.0238037109375,0.76287841796875,-0.001090830782496456,-0.007635815477475192,-0.001090830782496456,22.25,-4.5,-40.75,,,False,,,False,,,,,,,,,,,,,,
296.6621198654175,0.7062466144561768,0.11474442481994629,odometry_only,0,0,,False,,,N/A,False,37,-0.41000000000000003,0.18,9.700000000000001,0.004904182854604203,-0.07633497775755042,-0.059054961214040254,0.07333462675969869,0.014630907044507237,-0.06120896470109248,0.055712827245534155,0.01879979475585783,-0.0436409430105408,0.02022938557854883,0.008145845167230858,-0.014299676258877736,-0.41000000000000003,0.25,9.790000000000001,-2.375,-1.5,260.5,0.0,0.0,-0.1875,-2.375,-1.5,260.6875,0.64605712890625,-0.00762939453125,0.0238037109375,0.76287841796875,0.001090830782496456,0.002181661564992912,0.001090830782496456,21.5,-4.875,-40.75,,,False,,,False,,,,,,,,,,,,,,
296.78060483932495,0.8247315883636475,0.11847257614135742,odometry_only,0,0,,False,,,N/A,False,37,-0.41000000000000003,0.17,9.700000000000001,0.005958492106537115,-0.07653339245120686,-0.057626295021248206,0.0733835239278472,0.015768314420218907,-0.059832034416575225,0.06440386588485887,0.020600531795666708,-0.05081096250263773,0.027344652614918107,0.010479774260915776,-0.019894656542680907,-0.41000000000000003,0.25,9.790000000000001,-2.375,-1.5,260.5,0.0,0.0,-0.1875,-2.375,-1.5,260.6875,0.64605712890625,-0.00762939453125,0.0238037109375,0.76287841796875,0.001090830782496456,0.0,-0.001090830782496456,22.25,-4.875,-40.375,,,False,,,False,,,,,,,,,,,,,,
296.90003085136414,0.944157600402832,0.1194143295288086,odometry_only,0,0,,False,,,N/A,False,37,-0.4,0.17,9.73,0.012384432666243572,-0.08461465963297683,-0.05304978030138232,0.0803789390391748,0.023637557691414315,-0.0557475202373689,0.07358458659581146,0.02295334469452104,-0.057711890015757245,0.03558355188276666,0.01308025274064393,-0.026374248378699863,-0.41000000000000003,0.25,9.790000000000001,-2.375,-1.5,260.5,0.0,0.0,-0.1875,-2.375,-1.5,260.6875,0.64605712890625,-0.00762939453125,0.0238037109375,0.76287841796875,-0.003272492347489368,0.0,0.001090830782496456,21.875,-5.5625,-40.5,,,False,,,False,,,,,,,,,,,,,,
297.0157675743103,1.059894323348999,0.11572480201721191,odometry_only,0,0,,False,,,N/A,False,37,-0.38,0.19,9.75,0.020847256328805526,-0.085830560008222,-0.04334209719450941,0.08036627266195684,0.032624307099676855,-0.04644294695292502,0.0828856904954756,0.026208791276555125,-0.06362487580757882,0.04463729780175041,0.01592489196664195,-0.03339508497985705,-0.41000000000000003,0.25,9.790000000000001,-2.375,-1.5,260.5,0.0,0.0,-0.1875,-2.375,-1.5,260.6875,0.64605712890625,-0.00762939453125,0.0238037109375,0.76287841796875,-0.002181661564992912,0.0,0.0,21.1875,-4.0625,-41.6875,,,False,,,False,,,,,,,,,,,,,,
297.1327180862427,1.176844835281372,0.11693859100341797,odometry_only,0,0,,False,,,N/A,False,37,-0.37,0.16,9.73,0.02232661805763342,-0.08632809254219762,-0.04928746909591823,0.08049898394403283,0.0338891175465875,-0.052456775936371575,0.09229136871992946,0.030097784357028208,-0.06940747293023024,0.0548797770421363,0.01921709777605126,-0.04117339268949441,-0.41000000000000003,0.25,9.790000000000001,-2.375,-1.5,260.5,0.0,0.0,-0.1875,-2.375,-1.5,260.6875,0.64605712890625,-0.00762939453125,0.0238037109375,0.76287841796875,0.002181661564992912,-0.001090830782496456,-0.001090830782496456,22.6875,-4.875,-40.5,,,False,,,False,,,,,,,,,,,,,,
297.251633644104,1.2957603931427002,0.11890292167663574,odometry_only,0,0,,False,,,N/A,False,37,-0.4,0.14,9.72,0.020932819505612234,-0.07654648199038579,-0.05370809793761526,0.07099903662655863,0.03070656597724023,-0.05655395853184328,0.10129814735696466,0.03393809210636943,-0.07588832034142358,0.06638895657589068,0.023024124177862308,-0.04981143985315646,-0.41000000000000003,0.25,9.790000000000001,-2.375,-1.5,260.5,0.0,0.0,-0.1875,-2.375,-1.5,260.6875,0.64605712890625,-0.00762939453125,0.0238037109375,0.76287841796875,0.002181661564992912,0.004363323129985824,0.0,22.25,-5.1875,-40.0,,,False,,,False,,,,,,,,,,,,,,
297.36809730529785,1.4122240543365479,0.11645174026489258,odometry_only,0,0,,False,,,N/A,False,37,-0.42,0.2,9.78,0.014438145341135983,-0.07067734811327236,-0.04754493795831042,0.06640164019747165,0.023628498112212508,-0.04996783924408506,0.10929842132183087,0.03710179849168005,-0.0820906447049995,0.07865112503412104,0.02716048362204753,-0.059009902555607764,-0.41000000000000003,0.25,9.790000000000001,-2.375,-1.5,260.5,0.0,0.0,-0.1875,-2.375,-1.5,260.6875,0.64605712890625,-0.00762939453125,0.0238037109375,0.76287841796875,-0.001090830782496456,-0.003272492347489368,-0.001090830782496456,22.6875,-4.0625,-40.0,,,False,,,False,,,,,,,,,,,,,,
297.48441457748413,1.5285413265228271,0.11630439758300781,odometry_only,0,0,,False,,,N/A,False,37,-0.37,0.16,9.74,0.01774048342081589,-0.07027517426932019,-0.03514851364427323,0.06569681308858728,0.0273889419650782,-0.037716276195112815,0.11698023683737196,0.0400685748088883,-0.08718966881687691,0.09180972654566977,0.03164811051103675,-0.06885392499902003,-0.41000000000000003,0.25,9.790000000000001,-2.375,-1.5,260.5,0.0,0.0,-0.1875,-2.375,-1.5,260.6875,0.64605712890625,-0.00762939453125,0.0238037109375,0.76287841796875,0.004363323129985824,0.00545415391248228,0.001090830782496456,21.875,-6.0,-40.375,,,False,,,False,,,,,,,,,,,,,,
297.6034333705902,1.6475601196289062,0.11899518966674805,odometry_only,0,0,,False,,,N/A,False,37,-0.38,0.18,9.75,0.021092013445408814,-0.07410529290413656,-0.03605827083712945,0.06890292216108547,0.031277878905161614,-0.03886834151607711,0.1249885973499364,0.04355910954718796,-0.09174626937192613,0.1062062902044501,0.036623756591707864,-0.07950018295050709,-0.41000000000000003,0.25,9.790000000000001,-2.375,-1.5,260.5,0.0,0.0,-0.1875,-2.375,-1.5,260.6875,0.64605712890625,-0.00762939453125,0.0238037109375,0.76287841796875,0.002181661564992912,-0.002181661564992912,-0.002181661564992912,22.25,-4.0625,-39.1875,,,False,,,False,,,,,,,,,,,,,,
297.7254683971405,1.7695951461791992,0.12201571464538574,odometry_only,0,0,,False,,,N/A,False,37,-0.4,0.16,9.73,0.024466112092008906,-0.08372567780911128,-0.048531649488178674,0.07759397889469428,0.03560518212754568,-0.05172374901813792,0.13392605938776408,0.047639501791976326,-0.097273098705802,0.12200211864145774,0.04218758846031532,-0.09103184958941869,-0.41000000000000003,0.25,9.790000000000001,-2.375,-1.5,260.5,0.0,0.0,-0.1875,-2.375,-1.5,260.6875,0.64605712890625,-0.00762939453125,0.0238037109375,0.76287841796875,-0.001090830782496456,-0.001090830782496456,-0.001090830782496456,22.6875,2043.125,-40.5,,,False,,,False,,,,,,,,,,,,,,
297.85053515434265,1.8946619033813477,0.12505197525024414,odometry_only,0,0,,False,,,N/A,False,37,-0.42,0.16,9.71,0.01766271211418006,-0.08348591050072666,-0.05350307458262173,0.0783857675519302,0.028632444910073305,-0.05639416800453495,0.1436788470838554,0.051656022865197694,-0.10403327824761562,0.13935963958817538,0.048396139206259785,-0.10361872962366624,-0.41000000000000003,1.53,9.790000000000001,-2.375,-1.5,260.5,0.0,0.0,-0.1875,-2.375,-1.5,260.6875,0.64605712890625,-0.00762939453125,0.0238037109375,0.76287841796875,0.0,0.0,-0.001090830782496456,22.6875,-4.875,-41.6875,,,False,,,False,,,,,,,,,,,,,,
297.9683027267456,2.0124294757843018,0.11774682998657227,odometry_only,0,0,,False,,,N/A,False,37,-0.36,0.16,9.71,0.01309023901513954,-0.07742769177971624,-0.05737990255877145,0.07309262632265622,0.022953805437250268,-0.059911983965378175,0.15259689742895038,0.05469308158984323,-0.11088061859881251,0.1568024044473226,0.05465727416700574,-0.11627144466053028,-0.41000000000000003,0.25,9.790000000000001,-2.375,-1.5,260.5,0.0,0.0,-0.1875,-2.375,-1.5,260.6875,0.64605712890625,-0.00762939453125,0.0238037109375,0.76287841796875,0.0,-0.001090830782496456,-0.001090830782496456,22.6875,-4.875,-40.75,,,False,,,False,,,,,,,,,,,,,,
298.0901794433594,2.1343061923980713,0.12185978889465332,odometry_only,0,0,,False,,,N/A,False,37,-0.41000000000000003,0.18,9.74,0.00920428877623,-0.06890128737407127,-0.06299794517525281,0.06521899645070654,0.017466243983799045,-0.06513263585212777,0.16102421000536984,0.05715587093462349,-0.11849957408549924,0.17591130541974942,0.06147221903836555,-0.13024755558909284,-0.41000000000000003,0.25,9.790000000000001,-2.375,-1.5,260.5,0.0,0.0,-0.1875,-2.375,-1.5,260.6875,0.64605712890625,-0.00762939453125,0.0238037109375,0.76287841796875,0.0,0.001090830782496456,-0.002181661564992912,23.0,-5.1875,-41.25,,,False,,,False,,,,,,,,,,,,,,
298.2096860408783,2.253812789916992,0.11948704719543457,odometry_only,0,-180,0.0,True,,,N/A,False,37,-0.41000000000000003,0.16,9.74,0.00568028995151199,-0.07156159111908313,-0.0611984501225451,0.06845851918626389,0.01451343226292419,-0.0632563731935619,0.1690105758153114,0.05906644947711696,-0.12616998587710795,0.19562874643449485,0.06841574998046582,-0.14486497721836197,-0.41000000000000003,0.25,9.790000000000001,-2.375,-1.5,260.5,0.0,0.0,-0.1875,-2.375,-1.5,260.6875,0.64605712890625,-0.00762939453125,0.0238037109375,0.76287841796875,-0.003272492347489368,-0.001090830782496456,-0.001090830782496456,21.5,-4.5,-40.0,,,False,,,False,,,,,,,,,,,,,,
298.3327281475067,2.37685489654541,0.12302565574645996,odometry_only,0,-180,0.12193463399989923,True,,,N/A,False,37,-0.41000000000000003,0.15,9.71,0.0042551595459817525,-0.07870968564526612,-0.062494804282815605,0.07571770256289373,0.014222196680250328,-0.06467982838313063,0.17787926292717998,0.06083405927412746,-0.1340397034234499,0.21696692137603424,0.07579116933719382,-0.16087121104725385,-0.41000000000000003,0.25,9.790000000000001,-2.375,-1.5,260.5,0.0,0.0,-0.1875,-2.375,-1.5,260.6875,0.64605712890625,-0.00762939453125,0.0238037109375,0.76287841796875,0.001090830782496456,0.0,0.003272492347489368,22.6875,-4.5,-40.0,,,False,,,False,,,,,,,,,,,,,,
298.45499777793884,2.499124526977539,0.12224960327148438,odometry_only,0,-180,0.24421175899988157,True,,,N/A,False,37,-0.39,0.2,9.73,0.0077348932090544244,-0.08352934511852987,-0.05492651906681681,0.08004049329029535,0.018791319293572174,-0.057396065359365395,0.18739995175184723,0.06285200388932577,-0.14150156821296592,0.23929454091494945,0.08335145541316578,-0.17771361661848992,-0.41000000000000003,0.25,9.790000000000001,-2.375,-1.5,260.5,0.0,0.0,-0.1875,-2.375,-1.5,260.6875,0.64605712890625,-0.00762939453125,0.0238037109375,0.76287841796875,-0.004363323129985824,-0.001090830782496456,0.002181661564992912,22.6875,-4.0625,-40.5,,,False,,,False,,,,,,,,,,,,,,
298.57600831985474,2.6201350688934326,0.12099146842956543,odometry_only,0,-180,0.3652150650000294,False,,,N/A,False,37,-0.4,0.16,9.72,0.011112103517062242,-0.07938949403614275,-0.06401946532596114,0.0752268115309245,0.021019930108012962,-0.06651129162522412,0.1967929613565574,0.0652604146518825,-0.14899743474836186,0.2625365732735586,0.09110171023484773,-0.19528756709129777,-0.41000000000000003,0.25,9.790000000000001,-2.375,-1.5,-1787.5,0.0,0.0,-2048.1875,-2.375,-1.5,260.6875,0.64605712890625,-0.00762939453125,0.0238037109375,0.76287841796875,0.001090830782496456,-0.004363323129985824,0.0,21.5,-4.5,-40.5,,,False,,,False,,,,,,,,,,,,,,
298.69804072380066,2.7421674728393555,0.12201237678527832,odometry_only,0,-180,0.4872495479999088,False,,,N/A,False,37,-0.42,0.16,9.74,0.008421500193255839,-0.07774150113532997,-0.05956917952104264,0.07413103945128849,0.01830379267837325,-0.06190888447184593,0.20590471455149803,0.06765940509248869,-0.15683186020475562,0.2871036235552834,0.09921064179928847,-0.21394504667519568,-0.41000000000000003,0.25,9.790000000000001,-2.375,-1.5,260.5,0.0,0.0,-0.1875,-2.375,-1.5,260.6875,0.64605712890625,-0.00762939453125,0.0238037109375,0.76287841796875,0.0,-0.001090830782496456,0.001090830782496456,22.25,-4.5,-42.0625,,,False,,,False,,,,,,,,,,,,,,
298.81806802749634,2.862194776535034,0.12000775337219238,odometry_only,0,-180,0.6072754159999931,False,,,N/A,False,37,-0.38,0.15,9.74,0.007366343784986926,-0.08310807606255695,-0.05782393987752475,0.07963054330306768,0.018225245869096303,-0.06026309265883403,0.2151310056021494,0.0698512890169527,-0.1641626524550015,0.31236739898782456,0.10746181653165089,-0.2332059618297453,-0.41000000000000003,0.25,9.790000000000001,-2.375,-1.5,260.5,0.0,0.0,-0.1875,-2.375,-1.5,260.6875,0.64605712890625,-0.00762939453125,0.0238037109375,0.76287841796875,0.0,0.001090830782496456,0.0,23.0,-5.1875,-42.0625,,,False,,,False,,,,,,,,,,,,,,
298.93951320648193,2.98363995552063,0.12142753601074219,odometry_only,0,-180,0.0,True,,,N/A,False,37,-0.41000000000000003,0.15,9.75,0.006943667407351091,-0.09129884836643157,-0.04705646135726432,0.08798301331147441,0.01964995081322375,-0.04970788254632347,0.22530745619299986,0.07215083492148087,-0.17083940473093184,0.33910807757789774,0.1160833005407189,-0.2535451990110541,-0.41000000000000003,0.25,9.790000000000001,-2.375,-1.5,260.5,0.0,0.0,-0.1875,-2.375,-1.5,260.6875,0.64605712890625,-0.00762939453125,0.0238037109375,0.76287841796875,-0.002181661564992912,-0.002181661564992912,-0.003272492347489368,23.25,-5.1875,-40.5,,,False,,,False,,,,,,,,,,,,,,
299.06058144569397,3.104708194732666,0.1210482120513916,odometry_only,0,-180,0.12013514299997041,True,,,N/A,False,37,-0.4,0.15,9.73,0.00878771643009272,-0.09654871881744233,-0.04481009896510021,0.09289834991437664,0.022432169478493233,-0.047681426051257456,0.23625513899895365,0.07469781763180283,-0.17673380557026103,0.3670437410267908,0.12497118395758441,-0.27458175684301495,-0.41000000000000003,0.25,9.790000000000001,-2.375,-1.5,260.5,0.0,0.0,-0.1875,-2.375,-1.5,260.6875,0.64605712890625,-0.00762939453125,0.0238037109375,0.76287841796875,0.0,0.001090830782496456,0.0,22.6875,-4.875,-40.5,,,False,,,False,,,,,,,,,,,,,,
299.18212032318115,3.2262470722198486,0.12151885032653809,odometry_only,0,-180,0.24166858399985358,True,,,N/A,False,37,-0.39,0.17,9.700000000000001,0.009520277345743362,-0.09661999255782093,-0.043917716349132475,0.09286474404012425,0.023206911534594015,-0.04682310352084576,0.24754199780417946,0.07747082195913788,-0.18247584646238718,0.39643897695458463,0.13421686302700664,-0.2964071288136165,-0.41000000000000003,0.25,9.790000000000001,-2.375,-1.5,260.5,0.0,0.0,-0.1875,-2.375,-1.5,260.6875,0.64605712890625,-0.00762939453125,0.0238037109375,0.76287841796875,-0.001090830782496456,-0.006544984694978736,-0.001090830782496456,22.25,-4.5,-40.0,,,False,,,False,,,,,,,,,,,,,,
299.303790807724,3.3479175567626953,0.12165093421936035,odometry_only,0,-180,0.36334087399973214,False,,,N/A,False,37,-0.39,0.16,9.74,0.00981028962723296,-0.09866334752774021,-0.04759470959221433,0.09476150515312398,0.02365817264049906,-0.050561866238736215,0.258954452053396,0.0803214125952224,-0.18839933273747583,0.4272468601065664,0.1438146494000558,-0.31896578482783455,-0.41000000000000003,0.25,9.790000000000001,-2.375,-1.5,260.5,0.0,0.0,-0.1875,-2.375,-1.5,260.6875,0.64605712890625,-0.00762939453125,0.0238037109375,0.76287841796875,-0.002181661564992912,0.001090830782496456,0.001090830782496456,23.6875,-6.0,-42.0625,,,False,,,False,,,,,,,,,,,,,,
299.42411065101624,3.4682374000549316,0.1203005313873291,odometry_only,0,-180,0.4836623090000103,False,,,N/A,False,37,-0.4,0.17,9.73,0.01393693582707067,-0.10348030352662839,-0.05104861385059844,0.09876411697523825,0.028355326882312494,-0.054313874928761975,0.2705950696429487,0.0834500384111768,-0.19470763643352085,0.4590994045345545,0.1536655456911277,-0.34200977081256456,-0.41000000000000003,0.25,9.790000000000001,-2.375,-1.5,260.5,0.0,0.0,-0.1875,-2.375,-1.5,260.6875,0.64605712890625,-0.00762939453125,0.0238037109375,0.76287841796875,0.0,0.001090830782496456,-0.004363323129985824,22.25,-4.875,-40.75,,,False,,,False,,,,,,,,,,,,,,
299.55769395828247,3.601820707321167,0.13356757164001465,odometry_only,0,-180,0.0,True,,,N/A,False,37,-0.41000000000000003,0.17,9.74,0.017736361542869252,-0.103388204496182,-0.05874684658949489,0.09789884103724578,0.03172855497439,-0.062161137833332485,0.28372896650958357,0.08746266750832944,-0.2024862787392072,0.4961192622398472,0.1650797432371739,-0.3685358841724702,-0.41000000000000003,0.25,9.790000000000001,-2.375,-1.5,260.5,0.0,0.0,-0.1875,-2.375,-1.5,260.6875,0.64605712890625,-0.00762939453125,0.0238037109375,0.76287841796875,-0.001090830782496456,0.0,0.001090830782496456,22.25,-4.875,-42.0625,,,False,,,False,,,,,,,,,,,,,,
299.6782855987549,3.722412347793579,0.12057137489318848,odometry_only,0,-180,0.11974930200040035,True,,,N/A,False,37,-0.39,0.18,9.71,0.023116053637769078,-0.09733106421260211,-0.06753387081099435,0.09086977101327343,0.03562986771102879,-0.07100499240298395,0.2951090120553886,0.09152341632523818,-0.21051429044510622,0.5310149076978335,0.17587004234445427,-0.39343390740158124,-0.41000000000000003,0.25,9.790000000000001,-2.375,-1.5,260.5,0.0,0.0,-0.1875,-2.375,-1.5,260.6875,0.64605712890625,-0.00762939453125,0.0238037109375,0.76287841796875,0.002181661564992912,0.0,-0.001090830782496456,23.0,-4.875,-41.25,,,False,,,False,,,,,,,,,,,,,,
299.8007483482361,3.8448750972747803,0.12244367599487305,odometry_only,0,-180,0.24221279300036258,True,,,N/A,False,37,-0.41000000000000003,0.17,9.73,0.01920712302199949,-0.08682682128097834,-0.0670082641378216,0.08116705156144498,0.03007882158218036,-0.07003636315767929,0.3056414225366517,0.09554622305617093,-0.21914910146618,0.567793953481317,0.18732278950090178,-0.41973868997460306,-0.41000000000000003,0.25,9.790000000000001,-2.375,-1.5,260.5,0.0,0.0,-0.1875,-2.375,-1.5,260.6875,0.64605712890625,-0.00762939453125,0.0238037109375,0.76287841796875,0.0,-0.001090830782496456,-0.001090830782496456,23.25,-5.5625,-40.0,,,False,,,False,,,,,,,,,,,,,,
299.92056488990784,3.964691638946533,0.1197969913482666,odometry_only,0,-180,0.36202835300036895,False,,,N/A,False,37,-0.41000000000000003,0.19,9.74,0.01167201085319466,-0.07871906647900226,-0.06279724861408098,0.07449663137773467,0.021518073627429583,-0.0652966011283574,0.3149654429758038,0.09863679946068246,-0.2272553424420348,0.6049673711305522,0.19895406043511765,-0.44647764462695316,-0.41000000000000003,0.25,9.790000000000001,-2.375,-1.5,260.5,0.0,0.0,-0.1875,-2.375,-1.5,260.6875,0.64605712890625,-0.00762939453125,0.0238037109375,0.76287841796875,0.0,-0.001090830782496456,0.0,22.6875,-4.875,-40.0,,,False,,,False,,,,,,,,,,,,,,
300.0415680408478,4.085694789886475,0.12098479270935059,odometry_only,0,-180,0.4830641970002034,False,,,N/A,False,37,-0.37,0.17,9.71,0.012674167249011537,-0.07547024093030776,-0.05909910934122413,0.07119823050020048,0.022143246080258864,-0.06155960634320209,0.3237788743073635,0.10127797731780815,-0.2349291784244553,0.643606545540942,0.21104738434915854,-0.4744362938522046,-0.41000000000000003,0.25,9.790000000000001,-2.375,-1.5,260.5,0.0,0.0,-0.1875,-2.375,-1.5,260.6875,0.64605712890625,-0.00762939453125,0.0238037109375,0.76287841796875,0.002181661564992912,0.0,0.0,21.875,-4.875,-40.0,,,False,,,False,,,,,,,,,,,,,,
300.162770986557,4.206897735595703,0.12118268013000488,odometry_only,0,-180,0.6042355000004136,False,,,N/A,False,37,-0.39,0.16,9.72,0.01709618047991351,-0.07619242646413078,-0.05964290423091298,0.07116989084609138,0.026593931412500296,-0.062309314805848094,0.33240514956227224,0.10423102821308029,-0.24243456234928237,0.6833656148764488,0.22349945038970107,-0.5033604026041278,-0.41000000000000003,0.25,9.790000000000001,-2.375,-1.5,260.5,0.0,0.0,-0.1875,-2.375,-1.5,260.6875,0.64605712890625,-0.00762939453125,0.0238037109375,0.76287841796875,0.0,0.003272492347489368,0.0,21.875,-4.5,-40.75,,,False,,,False,,,,,,,,,,,,,,
300.28493189811707,4.329058647155762,0.12214183807373047,odometry_only,0,-180,0.0,True,,,N/A,False,37,-0.38,0.18,9.71,0.018854454659447697,-0.080516273755509,-0.05985912712839796,0.07513916970294758,0.029025969203277175,-0.06271422636621612,0.3413403783534224,0.10762778666042493,-0.2500698649099037,0.7245118734632382,0.23643786292008712,-0.5334381006065713,-0.41000000000000003,0.25,9.790000000000001,-2.375,-1.5,260.5,0.0,0.0,-0.1875,-2.375,-1.5,260.6875,0.64605712890625,-0.00762939453125,0.0238037109375,0.76287841796875,0.002181661564992912,0.001090830782496456,-0.001090830782496456,22.6875,-5.1875,-40.75,,,False,,,False,,,,,,,,,,,,,,
300.4073693752289,4.451496124267578,0.12241792678833008,odometry_only,0,-180,0.12130818899959195,True,,,N/A,False,37,-0.42,0.18,9.74,0.011468129275228441,-0.08828396487114124,-0.05792435834504125,0.08405530723214046,0.023111652217779725,-0.06067424980996366,0.3510845072646955,0.11081907642144523,-0.25762234563143327,0.7668944829402465,0.2498087689660355,-0.5645134145370987,-0.41000000000000003,0.25,9.790000000000001,-2.375,-1.5,260.5,0.0,0.0,-0.1875,-2.375,-1.5,260.6875,0.64605712890625,-0.00762939453125,0.0238037109375,0.76287841796875,0.002181661564992912,-0.001090830782496456,0.001090830782496456,22.25,-5.1875,-40.375,,,False,,,False,,,,,,,,,,,,,,
300.52717423439026,4.571300983428955,0.11978554725646973,odometry_only,0,-180,0.2411140819999673,True,,,N/A,False,37,-0.35000000000000003,0.16,9.72,0.014591625549047397,-0.09532344334622017,-0.061174294230649254,0.0904190504207427,0.027194440383397165,-0.06423882311660725,0.3615342604715313,0.11383204783772853,-0.26510373603143156,0.809575197479504,0.26326374789661866,-0.5958209294157069,-0.41000000000000003,0.25,9.790000000000001,-2.375,-1.5,260.5,0.0,0.0,-0.1875,-2.375,-1.5,260.6875,0.64605712890625,-0.00762939453125,0.0238037109375,0.76287841796875,0.0,0.001090830782496456,-0.001090830782496456,22.6875,-4.875,-40.5,,,False,,,False,,,,,,,,,,,,,,
300.64892315864563,4.693049907684326,0.12172937393188477,odometry_only,0,-180,0.36286109299999225,False,,,N/A,False,37,-0.38,0.2,9.75,0.02390900256506672,-0.10016698898462187,-0.06449550795515104,0.09359341659140605,0.037016847837872985,-0.06807908621000988,0.37273412167405656,0.11774024779499605,-0.27315722416258403,0.8542662127077841,0.27735832318028913,-0.6285820142639031,-0.41000000000000003,0.25,9.790000000000001,-2.375,-1.5,260.5,0.0,0.0,-0.1875,-2.375,-1.5,260.6875,0.64605712890625,-0.00762939453125,0.0238037109375,0.76287841796875,0.003272492347489368,0.002181661564992912,0.0,22.25,-5.1875,-41.25,,,False,,,False,,,,,,,,,,,,,,
300.76993107795715,4.81405782699585,0.12098836898803711,odometry_only,0,-180,0.4838663819996327,False,,,N/A,False,37,-0.41000000000000003,0.16,9.74,0.025572522539261452,-0.09604468755346074,-0.0658052272504262,0.089228763194171,0.03791913290347639,-0.06934861951351459,0.3837938003476039,0.12227343883920345,-0.2814708011472126,0.9000317523974389,0.29187775542062794,-0.6621337843525472,-0.41000000000000003,0.25,9.790000000000001,-2.375,-1.5,260.5,0.0,0.0,-0.1875,-2.375,-1.5,260.6875,0.64605712890625,-0.00762939453125,0.0238037109375,0.76287841796875,-0.001090830782496456,-0.002181661564992912,0.001090830782496456,22.6875,-5.1875,-40.5,,,False,,,False,,,,,,,,,,,,,,
300.89245891571045,4.9365856647491455,0.12250757217407227,odometry_only,0,-180,0.6063978180000049,False,,,N/A,False,37,-0.38,0.18,9.72,0.020173633235036785,-0.08631811065156356,-0.06430672089448597,0.08055748755319274,0.03107246322640642,-0.06736571297566359,0.3941938510314028,0.1264994353103465,-0.28984507162453665,0.9476864415733642,0.30711603583804165,-0.6971290446114363,-0.41000000000000003,0.25,9.790000000000001,-2.375,-1.5,260.5,0.0,0.0,-0.1875,-2.375,-1.5,260.6875,0.64605712890625,-0.00762939453125,0.0238037109375,0.76287841796875,0.004363323129985824,0.0,0.0,22.25,-4.875,-41.25,,,False,,,False,,,,,,,,,,,,,,
301.0141363143921,5.058263063430786,0.1216585636138916,odometry_only,0,-180,0.0,True,,,N/A,False,37,-0.42,0.16,9.71,0.009992719586837095,-0.08048326695137908,-0.06976381858942511,0.07638037206992049,0.019831145109812962,-0.07222994901133722,0.40374026832059606,0.12959586524682076,-0.29833657548657105,0.9962242009828041,0.32269412904506806,-0.7329077117772315,-0.41000000000000003,0.25,9.790000000000001,-2.375,-1.5,260.5,0.0,0.0,-0.1875,-2.375,-1.5,260.6875,0.64605712890625,-0.00762939453125,0.0238037109375,0.76287841796875,-0.003272492347489368,-0.00545415391248228,0.002181661564992912,21.5,-4.875,-42.0625,,,False,,,False,,,,,,,,,,,,,,
301.13651418685913,5.180640935897827,0.12235879898071289,odometry_only,0,-180,0.1212803199996415,True,,,N/A,False,37,-0.4,0.15,9.72,0.00999713099152618,-0.08019044207349264,-0.07596620541314968,0.0759723234813051,0.01950103717223261,-0.07841702370618198,0.41306111474515717,0.13200218453948154,-0.30755306681246897,1.0461956191016595,0.3386985406388424,-0.7699756762505137,-0.41000000000000003,0.25,9.790000000000001,-2.375,-1.5,260.5,0.0,0.0,-0.1875,-2.375,-1.5,260.6875,0.64605712890625,-0.00762939453125,0.0238037109375,0.76287841796875,-0.002181661564992912,0.0,-0.001090830782496456,22.25,-4.875,-41.25,,,False,,,False,,,,,,,,,,,,,,
301.258704662323,5.302831411361694,0.12217164039611816,odometry_only,0,-180,0.24347096899964527,True,,,N/A,False,37,-0.38,0.16,9.72,0.005961786878571602,-0.07805657681036796,-0.07033475607169558,0.07464203664876681,0.015434657336660301,-0.07256505850357546,0.4222615164673085,0.1341362600927461,-0.3167759311394628,1.0972219871592737,0.3549558258154378,-0.8081133251638397,-0.41000000000000003,0.25,9.790000000000001,-2.375,-1.5,260.5,0.0,0.0,-0.1875,-2.375,-1.5,260.6875,0.64605712890625,-0.00762939453125,0.0238037109375,0.76287841796875,0.0,0.0,0.0,21.875,-5.1875,-41.25,,,False,,,False,,,,,,,,,,,,,,
301.37912940979004,5.423256158828735,0.12040543556213379,odometry_only,0,-180,0.3638912920000621,False,,,N/A,False,37,-0.39,0.15,9.75,0.010400037499522912,-0.08123359917038196,-0.0661193490323753,0.07712268855484898,0.020523910479462268,-0.0686271574475704,0.4313981653878629,0.13630106360279148,-0.3252760862692531,1.148614620067076,0.3712368876913473,-0.8467666015686612,-0.41000000000000003,0.25,9.790000000000001,-2.375,-1.5,260.5,0.0,0.0,-0.1875,-2.375,-1.5,260.6875,0.64605712890625,-0.00762939453125,0.0238037109375,0.76287841796875,0.001090830782496456,0.0,0.0,21.875,-4.5,-40.75,,,False,,,False,,,,,,,,,,,,,,
301.5011601448059,5.5452868938446045,0.12201142311096191,odometry_only,0,-180,0.4859254449997934,False,,,N/A,False,37,-0.35000000000000003,0.23,9.68,0.020245394195780107,-0.07241698172642741,-0.05232814189668231,0.06706684851207916,0.02941533190931889,-0.05503731227258468,0.44019455069548624,0.13934764261926072,-0.3328203252386624,1.201786753898315,0.3880530331537713,-0.8869142414248102,-0.41000000000000003,0.25,9.790000000000001,-2.375,-1.5,260.5,0.0,0.0,-0.1875,-2.375,-1.5,260.6875,0.64605712890625,-0.00762939453125,0.0238037109375,0.76287841796875,-0.001090830782496456,0.001090830782496456,0.002181661564992912,22.25,-5.1875,-40.5,,,False,,,False,,,,,,,,,,,,,,
301.6224250793457,5.666551828384399,0.1212460994720459,odometry_only,0,-180,0.0,True,,,N/A,False,37,-0.4,0.14,9.75,0.026134682488253867,-0.07900766750147598,-0.04689757690734593,0.07269734355142654,0.0365506313935011,-0.050037620425718965,0.4486674822622672,0.14334670049345224,-0.3391902881096409,1.2556722811307752,0.40519082637638565,-0.9276535742609597,-0.41000000000000003,0.25,9.790000000000001,-2.375,-1.5,260.5,0.0,0.0,-0.1875,-2.375,-1.5,260.6875,0.64605712890625,-0.00762939453125,0.0238037109375,0.76287841796875,-0.001090830782496456,0.001090830782496456,-0.002181661564992912,23.0,-4.5,-40.5,,,False,,,False,,,,,,,,,,,,,,
301.74558210372925,5.789708852767944,0.1231379508972168,odometry_only,0,-180,0.12214864999987185,True,,,N/A,False,37,-0.42,0.17,9.71,0.0203834078527014,-0.07758564424161318,-0.042707695958526276,0.07232474423051799,0.030843670128236043,-0.04557150630791536,0.4575963436244197,0.1474960985892202,-0.34507684408616696,1.3114700163767545,0.42309771953251124,-0.969783200523413,-0.41000000000000003,0.25,9.790000000000001,-2.375,-1.5,260.5,0.0,0.0,-0.1875,-2.375,-1.5,260.6875,0.64605712890625,-0.00762939453125,0.0238037109375,0.76287841796875,-0.001090830782496456,-0.004363323129985824,-0.002181661564992912,21.5,-4.875,-41.25,,,False,,,False,,,,,,,,,,,,,,
301.86710500717163,5.911231756210327,0.12150359153747559,odometry_only,0,-180,0.24362764999978026,True,,,N/A,False,37,-0.41000000000000003,0.17,9.72,0.008066697249033554,-0.08508704088303709,-0.049128256321678235,0.08163258443814142,0.019641607962999002,-0.05166033385998655,0.4669495278127985,0.15056316989314683,-0.35098385298226586,1.3676378383371381,0.4412053553383314,-1.0120701378343597,-0.41000000000000003,0.25,9.790000000000001,-2.375,-1.5,260.5,0.0,0.0,-0.1875,-2.375,-1.5,260.6875,0.64605712890625,-0.00762939453125,0.0238037109375,0.76287841796875,0.002181661564992912,-0.002181661564992912,-0.002181661564992912,21.5,-5.1875,-40.0,,,False,,,False,,,,,,,,,,,,,,
301.98902916908264,6.033155918121338,0.12190437316894531,odometry_only,0,-180,0.3655461399998785,False,,,N/A,False,37,-0.4,0.17,9.72,0.0031860308392207878,-0.08402597942675154,-0.06377327183058056,0.08111212863370533,0.013982006495204164,-0.06605204231503949,0.4768691739295902,0.1526126027152476,-0.3581586796981877,1.425165651947655,0.4596845815982499,-1.0552939258012843,-0.41000000000000003,0.25,9.790000000000001,-2.375,-1.5,260.5,0.0,0.0,-0.1875,-2.375,-1.5,260.6875,0.64605712890625,-0.00762939453125,0.0238037109375,0.76287841796875,0.0,-0.001090830782496456,0.001090830782496456,23.25,-5.5625,-40.0,,,False,,,False,,,,,,,,,,,,,,
302.11167335510254,6.155800104141235,0.12262558937072754,odometry_only,0,-180,0.48819366699990496,False,,,N/A,False,37,-0.4,0.15,9.72,0.0012538696363112096,-0.07956294083338027,-0.06754945705826619,0.07695798256094738,0.011171430607444802,-0.06962349424094819,0.48656089420316057,0.15415483023995352,-0.36647732601487154,1.4842362419087844,0.4784933502311882,-1.0997233844411913,-0.41000000000000003,0.25,9.790000000000001,-2.375,-1.5,260.5,0.0,0.0,-0.1875,-2.375,-1.5,260.6875,0.64605712890625,-0.00762939453125,0.0238037109375,0.76287841796875,0.001090830782496456,0.0,-0.001090830782496456,21.875,-4.5,-40.0,,,False,,,False,,,,,,,,,,,,,,
302.23101592063904,6.275142669677734,0.1193230152130127,odometry_only,0,-180,0.6075368140000137,False,,,N/A,False,37,-0.37,0.17,9.71,0.0025013672286895313,-0.08182484883049913,-0.07501870134748279,0.07883967901605676,0.012426911294866817,-0.07719614734120003,0.4958560175744129,0.15556274289485922,-0.3752368071779094,1.5428487159635627,0.4969715675766395,-1.1439751678405257,-0.41000000000000003,0.25,9.790000000000001,-2.375,-1.5,260.5,0.0,0.0,-0.1875,-2.375,-1.5,260.6875,0.64605712890625,-0.00762939453125,0.0238037109375,0.76287841796875,0.001090830782496456,0.003272492347489368,0.0,22.25,-5.1875,-40.5,,,False,,,False,,,,,,,,,,,,,,
302.3524959087372,6.396622657775879,0.1214609146118164,odometry_only,0,-180,0.0,True,,,N/A,False,37,-0.41000000000000003,0.16,9.73,0.00904569209748236,-0.08072233397143738,-0.07400045630299931,0.07669148054742307,0.018741570662508027,-0.07642746640388708,0.5053014960200212,0.15745561905766153,-0.3845664394936348,1.6036494695993986,0.5159813158431624,-1.1901183664734023,-0.41000000000000003,0.25,9.790000000000001,-2.375,-1.5,260.5,0.0,0.0,-0.1875,-2.375,-1.5,260.6875,0.64605712890625,-0.00762939453125,0.0238037109375,0.76287841796875,0.002181661564992912,-0.002181661564992912,0.0,-2025.0,-4.5,-40.75,,,False,,,False,,,,,,,,,,,,,,
302.4746735095978,6.518800258636475,0.12215781211853027,odometry_only,0,-180,0.12106247399970016,True,,,N/A,False,37,-0.42,0.16,9.73,0.013660460335699285,-0.0863402871773851,-0.0715780392593702,0.08151569350103355,0.024322484998049253,-0.07435238736743907,0.5149646171416287,0.16008592446788367,-0.39377590801776335,1.6659662076806505,0.5353764059500733,-1.237658665598999,-0.41000000000000003,0.25,9.790000000000001,-2.375,-1.5,260.5,0.0,0.0,-0.1875,-2.375,-1.5,260.6875,0.64605712890625,-0.00762939453125,0.0238037109375,0.76287841796875,0.001090830782496456,-0.001090830782496456,0.0,23.25,-5.1875,-40.5,,,False,,,False,,,,,,,,,,,,,,
302.59705781936646,6.641184568405151,0.12236499786376953,odometry_only,0,-180,0.24344774800010782,True,,,N/A,False,37,-0.4,0.18,9.73,0.013462241035605078,-0.08249845425742437,-0.0645624434147682,0.07789413651614935,0.023820735205551117,-0.06723549701549567,0.5247177088963869,0.16303144698656793,-0.40243860860279007,1.7295765704829709,0.5551455341839587,-1.2863730594116871,-0.41000000000000003,0.25,9.790000000000001,-2.375,-1.5,260.5,0.0,0.0,-0.1875,-2.375,-1.5,260.6875,0.64605712890625,-0.00762939453125,0.0238037109375,0.76287841796875,0.0,0.002181661564992912,0.002181661564992912,22.25,-4.875,-41.25,,,False,,,False,,,,,,,,,,,,,,
302.7191607952118,6.763287544250488,0.12208294868469238,odometry_only,0,-180,0.3655533070000274,False,,,N/A,False,37,-0.4,0.14,9.72,0.009348276798015604,-0.08098591817051481,-0.057764466557045244,0.07721181723767746,0.019832703543486284,-0.06023156951836237,0.5341856049927962,0.1656961172479225,-0.4102193862741107,1.7942135899487628,0.5752115493618003,-1.335978901555068,-0.41000000000000003,0.25,9.790000000000001,-2.375,-1.5,260.5,0.0,0.0,-0.1875,-2.375,-1.5,260.6875,0.64605712890625,-0.00762939453125,0.0238037109375,0.76287841796875,-0.001090830782496456,0.0,-0.002181661564992912,22.25,-4.875,-41.25,,,False,,,False,,,,,,,,,,,,,,
302.84402298927307,6.888149738311768,0.12485265731811523,odometry_only,0,-180,0.4903823720001128,False,,,N/A,False,37,-0.4,0.2,9.73,0.011782090741009235,-0.0763122159252369,-0.06320135272367737,0.07209735781475282,0.02121295278946575,-0.06564118050306102,0.543506428626432,0.1682584468801901,-0.41807715993616745,1.8614899470327249,0.5960591067392542,-1.3876864139759533,-0.41000000000000003,0.25,9.790000000000001,-2.375,-1.5,260.5,0.0,0.0,-0.1875,-2.375,-1.5,260.6875,0.64605712890625,-0.00762939453125,0.0238037109375,0.76287841796875,0.003272492347489368,0.00545415391248228,0.0,22.6875,-5.5625,-41.25,,,False,,,False,,,,,,,,,,,,,,
302.96254444122314,7.006671190261841,0.11850905418395996,odometry_only,0,-180,0.608901355999933,False,,,N/A,False,37,-0.38,0.16,9.72,0.016698612195782583,-0.07851850330962339,-0.06527454309501085,0.07342159661165344,0.026323806165416023,-0.06797860963179632,0.5521290854538881,0.17107521505154705,-0.425994737410738,1.9264113112847325,0.6161661624034092,-1.4377014950848743,-0.41000000000000003,0.25,9.790000000000001,-2.375,-1.5,260.5,0.0,0.0,-0.1875,-2.375,-1.5,260.6875,0.64605712890625,-0.00762939453125,0.0238037109375,0.76287841796875,0.001090830782496456,0.003272492347489368,0.0,21.5,-5.5625,-39.5625,,,False,,,False,,,,,,,,,,,,,,
303.07882380485535,7.122950553894043,0.11626744270324707,odometry_only,0,-180,0.0,True,,,N/A,False,37,-0.41000000000000003,0.17,9.71,0.01470074378638183,-0.07939802490569732,-0.07005881301533887,0.0745272791851423,0.024278571593461248,-0.07269546840455615,0.5607299041737449,0.17401691957991122,-0.4341726450646999,1.9911059456913947,0.6362276523987113,-1.4877062260134568,-0.41000000000000003,0.25,9.790000000000001,-2.375,-1.5,260.5,0.0,0.0,-0.1875,-2.375,-1.5,260.6875,0.64605712890625,-0.00762939453125,0.0238037109375,0.76287841796875,0.002181661564992912,0.001090830782496456,0.001090830782496456,23.0,-5.1875,-40.5,,,False,,,False,,,,,,,,,,,,,,
303.1974575519562,7.241584300994873,0.1186223030090332,odometry_only,0,-180,0.11817652999980055,True,,,N/A,False,37,-0.42,0.17,9.700000000000001,0.00989235925298559,-0.0817533017963254,-0.0700236135034218,0.07764434554124063,0.019928651464020012,-0.07251877019479736,0.5697553784625798,0.17663890088426745,-0.44278546877087915,2.058156329563464,0.6570254528922027,-1.539719621566274,-0.41000000000000003,0.25,9.790000000000001,-2.375,-1.5,260.5,0.0,0.0,-0.1875,-2.375,-1.5,260.6875,0.64605712890625,-0.00762939453125,0.0238037109375,0.76287841796875,-0.001090830782496456,-0.001090830782496456,0.002181661564992912,23.0,-5.1875,-40.5,,,False,,,False,,,,,,,,,,,,,,
303.3167316913605,7.36085844039917,0.1192619800567627,odometry_only,0,-180,0.2374506799997107,True,,,N/A,False,37,-0.4,0.16,9.700000000000001,0.003959017843951967,-0.08070168833540799,-0.07000945035244012,0.07758723838883531,0.013910245593829758,-0.0722252377485752,0.579011991496004,0.1786567478172955,-0.4514166972652184,2.1266584651463942,0.6782120841770529,-1.5930417820125296,-0.41000000000000003,0.25,9.790000000000001,-2.375,-1.5,260.5,0.0,0.0,-0.1875,-2.375,-1.5,260.6875,0.64605712890625,-0.00762939453125,0.0238037109375,0.76287841796875,0.002181661564992912,-0.001090830782496456,-0.001090830782496456,23.0,-5.1875,-41.6875,,,False,,,False,,,,,,,,,,,,,,
303.43286871910095,7.476995468139648,0.11612510681152344,odometry_only,0,-180,0.3535878539996702,False,,,N/A,False,37,-0.4,0.16,9.72,0.0016098338226873971,-0.08226324188794157,-0.0700038427452449,0.07951503561603836,0.011851929882065161,-0.07216135668765102,0.5881337506705786,0.18015256550671327,-0.45980015161574783,2.1944259271332487,0.6990454690944129,-1.6459493589649106,-0.41000000000000003,0.25,9.790000000000001,-2.375,-1.5,260.5,0.0,0.0,-0.1875,-2.375,-1.5,260.6875,0.64605712890625,-0.00762939453125,0.0238037109375,0.76287841796875,0.002181661564992912,-0.001090830782496456,0.001090830782496456,21.1875,-5.1875,-40.5,,,False,,,False,,,,,,,,,,,,,,
303.54939889907837,7.593525648117065,0.11651849746704102,odometry_only,0,-180,0.4701182029998563,False,,,N/A,False,37,-0.38,0.17,9.71,0.0046145593552322384,-0.0868603554085325,-0.06604028481017989,0.08362789077743692,0.01575002485333889,-0.06845178828040586,0.5976383349984505,0.18176063465317455,-0.46799216780364444,2.263508118013506,0.7201302602424722,-1.700001842475015,-0.41000000000000003,0.25,9.790000000000001,-2.375,-1.5,260.5,0.0,0.0,-0.1875,-2.375,-1.5,260.6875,0.64605712890625,-0.00762939453125,0.0238037109375,0.76287841796875,-0.001090830782496456,0.001090830782496456,-0.001090830782496456,21.875,-4.875,-40.75,,,False,,,False,,,,,,,,,,,,,,
303.66821670532227,7.712343454360962,0.1188056468963623,odometry_only,0,-180,0.5889364380000188,False,,,N/A,False,37,-0.38,0.18,9.700000000000001,0.00783973680302832,-0.08674436108172387,-0.06441917347848487,0.08301201535980939,0.01898382567892918,-0.06696637389588284,0.6075372159221428,0.18382392344401838,-0.4760363889830797,2.3350989484889064,0.7418470152025011,-1.756079804163858,-0.41000000000000003,0.25,9.790000000000001,-2.375,-1.5,260.5,0.0,0.0,-0.1875,-2.375,-1.5,260.6875,0.64605712890625,-0.00762939453125,0.0238037109375,0.76287841796875,-0.002181661564992912,-0.002181661564992912,-0.002181661564992912,21.875,-4.875,-40.5,,,False,,,False,,,,,,,,,,,,,,
303.7845952510834,7.82872200012207,0.11636686325073242,odometry_only,0,-180,0.0,True,,,N/A,False,37,-0.4,0.18,-317.97,0.011102258257705937,-0.08273903913901558,-0.06377431782693403,0.07853608016932409,0.021571161072209362,-0.0663546642821245,0.6169366384925703,0.1861835517427209,-0.4837934644921326,2.4063430392742937,0.7633753198359031,-1.811925998815518,-0.41000000000000003,0.25,9.790000000000001,-2.375,-1.5,260.5,0.0,0.0,-0.1875,-2.375,-1.5,260.6875,0.64605712890625,-0.00762939453125,0.0238037109375,0.76287841796875,0.001090830782496456,0.0,-0.002181661564992912,21.875,-5.1875,-39.5625,,,False,,,False,,,,,,,,,,,,,,
303.9018054008484,7.945932149887085,0.11719727516174316,odometry_only,0,-180,0.1167567880002025,True,,,N/A,False,37,-0.41000000000000003,0.18,9.72,0.008460459668721526,-0.07515178162629597,-0.06351167141572883,0.07149554081451664,0.01773519467515661,-0.06577957569721872,0.625728287076273,0.18848685063778559,-0.4915363509327061,2.479161510882163,0.7853304949572777,-1.8690789971914166,-0.41000000000000003,0.25,9.790000000000001,-2.375,-1.5,260.5,0.0,0.0,-0.1875,-2.375,-1.5,260.6875,0.64605712890625,-0.00762939453125,0.0238037109375,0.76287841796875,-0.003272492347489368,-0.002181661564992912,0.0,21.875,-4.875,-40.5,,,False,,,False,,,,,,,,,,,,,,
304.01991748809814,8.06404423713684,0.11809873580932617,odometry_only,0,-180,0.23486863500011168,True,,,N/A,False,37,-0.43,0.18,9.700000000000001,0.0053973336271752135,-0.07207392564468162,-0.05743077338428062,0.06908246947155071,0.01449266308151252,-0.05949496472940174,0.6340293297249605,0.1903898852672383,-0.4989337333594452,2.553549401867361,0.8077029267262513,-1.9275656295973465,-0.41000000000000003,0.25,9.790000000000001,-2.375,-1.5,260.5,0.0,0.0,-0.1875,-2.375,-1.5,260.6875,0.64605712890625,-0.00762939453125,0.0238037109375,0.76287841796875,0.002181661564992912,-0.001090830782496456,0.003272492347489368,23.0,-5.1875,-41.25,,,False,,,False,,,,,,,,,,,,,,
304.13699984550476,8.181126594543457,0.11706948280334473,odometry_only,0,-180,0.3519490640001095,False,,,N/A,False,37,-0.38,0.17,9.72,0.00218414856493336,-0.07679254144276716,-0.054991451660893656,0.0743125906944195,0.01221340073077641,-0.05704731710464886,0.6424229224900528,0.1919531178063472,-0.5057555056889621,2.6282662043623493,0.8300832755379025,-1.986374854394088,-0.41000000000000003,0.25,9.790000000000001,-2.375,-1.5,-1787.5,0.0,0.0,-2048.1875,-2.375,-1.5,260.6875,0.64605712890625,-0.00762939453125,0.0238037109375,0.76287841796875,0.002181661564992912,0.004363323129985824,0.0,21.875,-4.0625,-40.75,,,False,,,False,,,,,,,,,,,,,,
304.2534918785095,8.297618627548218,0.11648058891296387,odometry_only,0,-180,0.4684430259999317,False,,,N/A,False,37,-0.42,0.17,9.73,-0.0010938576507886892,-0.08067850914838952,-0.05202596670388351,0.07874240555336676,0.009757936908631899,-0.05404938306212968,0.6513368905395597,0.19323273498006913,-0.5122258102198187,2.703615156829157,0.8525166130246545,-2.0456623859838126,-0.41000000000000003,0.25,9.790000000000001,-2.375,-1.5,260.5,0.0,0.0,-0.1875,-2.375,-1.5,260.6875,0.64605712890625,-0.00762939453125,0.0238037109375,0.76287841796875,-0.002181661564992912,0.001090830782496456,0.0,23.25,-4.5,-41.6875,,,False,,,False,,,,,,,,,,,,,,
304.37132930755615,8.415456056594849,0.11782526969909668,odometry_only,0,-180,0.5862764910002625,False,,,N/A,False,37,-0.39,0.14,9.73,0.0015486333725049529,-0.08226311417272598,-0.060764672209280245,0.07970163507748237,0.01221823959315975,-0.0629311337466491,0.6606712464493318,0.1945274094417084,-0.5191174406910858,2.7809090131232197,0.8753605848221828,-2.106421534329273,-0.41000000000000003,0.25,9.790000000000001,-2.375,-1.5,260.5,0.0,0.0,-0.1875,-2.375,-1.5,260.6875,0.64605712890625,-0.00762939453125,0.0238037109375,0.76287841796875,0.001090830782496456,0.001090830782496456,-0.001090830782496456,22.6875,-5.1875,-40.0,,,False,,,False,,,,,,,,,,,,,,
304.48887515068054,8.533001899719238,0.11753344535827637,odometry_only,0,-180,0.0,True,,,N/A,False,37,-0.4,0.16,9.75,0.00460041810350229,-0.07892606025666361,-0.06627152039051899,0.07580186686086557,0.014423509526436548,-0.06847218853362955,0.6698096776233775,0.1960930577239069,-0.5268395832906484,2.859097016618084,0.8983160694889,-2.167889000691904,-0.41000000000000003,0.25,9.790000000000001,-2.375,-1.5,260.5,0.0,0.0,-0.1875,-2.375,-1.5,260.6875,0.64605712890625,-0.00762939453125,0.0238037109375,0.76287841796875,0.0,0.003272492347489368,0.0,22.25,-5.1875,-40.75,,,False,,,False,,,,,,,,,,,,,,
304.6081130504608,8.652239799499512,0.11922574043273926,odometry_only,0,-180,0.11877718200003073,True,,,N/A,False,37,-0.42,0.16,9.75,0.009837699101379603,-0.08156917849718559,-0.07050661231144228,0.07746257443602837,0.01982227595858733,-0.0729939759262051,0.6789462108711937,0.19813454728948326,-0.5352727873926001,2.939500226352475,0.9218171085422734,-2.231204567600645,-0.41000000000000003,0.25,9.790000000000001,-2.375,-1.5,260.5,0.0,0.0,-0.1875,-2.375,-1.5,260.6875,0.64605712890625,-0.00762939453125,0.0238037109375,0.76287841796875,-0.001090830782496456,0.0,-0.002181661564992912,22.25,-5.1875,-40.5,,,False,,,False,,,,,,,,,,,,,,
304.72465991973877,8.768786668777466,0.11653423309326172,odometry_only,0,-180,0.2353230869998697,True,,,N/A,False,37,-0.35000000000000003,0.14,9.74,0.017857125520731945,-0.09054046457468833,-0.06426333371481457,0.0851044037611995,0.029484689070957585,-0.06733589153077935,0.6884185199364451,0.20100752196742042,-0.5434494041346895,3.0191726264841963,0.9450739660103288,-2.294058599255803,-0.41000000000000003,0.25,9.790000000000001,-2.375,-1.5,260.5,0.0,0.0,-0.1875,-2.375,-1.5,260.6875,0.64605712890625,-0.00762939453125,0.0238037109375,0.76287841796875,0.0,-0.003272492347489368,0.003272492347489368,22.6875,-5.1875,-39.5625,,,False,,,False,,,,,,,,,,,,,,
304.8425018787384,8.8866286277771,0.1178290843963623,odometry_only,0,-180,0.35316423799986296,False,,,N/A,False,37,-0.42,0.16,9.73,0.015156940165204198,-0.1021555764994064,-0.05972899432332611,0.09709045082551894,0.028939275240593317,-0.06300008027788732,0.6991524463852858,0.20444954307823832,-0.5511280882457521,3.100920734732529,0.968961283378512,-2.3585451311198296,-0.41000000000000003,0.25,9.790000000000001,-2.375,-1.5,260.5,0.0,0.0,-0.1875,-2.375,-1.5,260.6875,0.64605712890625,-0.00762939453125,0.0238037109375,0.76287841796875,0.001090830782496456,-0.003272492347489368,-0.003272492347489368,21.1875,-5.5625,-40.5,,,False,,,False,,,,,,,,,,,,,,
304.96133399009705,9.005460739135742,0.1188201904296875,odometry_only,0,-180,0.4719988629999534,False,,,N/A,False,37,-0.42,0.18,9.73,0.01406478359000028,-0.09886827308522797,-0.051905977438127845,0.09417873676127413,0.02768494561329445,-0.05505355013562482,0.710515767031483,0.20781359343063413,-0.5581416656690769,3.184669257512958,0.9934538755720742,-2.424446952818856,-0.41000000000000003,0.25,9.790000000000001,-2.375,-1.5,260.5,0.0,0.0,-0.1875,-2.375,-1.5,260.6875,0.64605712890625,-0.00762939453125,0.0238037109375,0.76287841796875,-0.001090830782496456,0.001090830782496456,0.002181661564992912,22.25,-5.1875,-40.0,,,False,,,False,,,,,,,,,,,,,,
305.0780920982361,9.12221884727478,0.11674618721008301,odometry_only,0,-180,0.0,True,,,N/A,False,37,-0.38,0.15,9.75,0.00768319968595618,-0.09557685565461545,-0.048790359279559756,0.09204627375616482,0.02100055320161033,-0.05158416719980554,0.7213862970020173,0.2106555166101647,-0.5643664391249259,3.268253810730038,1.017881212103304,-2.489971223492414,-0.41000000000000003,0.25,9.790000000000001,-2.375,-1.5,260.5,0.0,0.0,-0.1875,-2.375,-1.5,260.6875,0.64605712890625,-0.00762939453125,0.0238037109375,0.76287841796875,0.0,0.0,0.0,22.6875,-4.875,-40.5,,,False,,,False,,,,,,,,,,,,,,
305.1948232650757,9.23895001411438,0.11671948432922363,odometry_only,0,-180,0.11627702399982809,True,,,N/A,False,37,-0.4,0.18,9.700000000000001,0.009060784665526322,-0.08433273066347123,-0.049509619751450094,0.08071734924737373,0.020479765063876956,-0.0520634082754068,0.731468737495928,0.2130762972890446,-0.5704152849056464,3.353042055945896,1.0426100915094052,-2.556196792319952,-0.41000000000000003,0.25,9.790000000000001,-2.375,-1.5,260.5,0.0,0.0,-0.1875,-2.375,-1.5,260.6875,0.64605712890625,-0.00762939453125,0.0238037109375,0.76287841796875,0.0,0.001090830782496456,-0.003272492347489368,21.875,-4.875,-40.5,,,False,,,False,,,,,,,,,,,,,,
305.31311559677124,9.357242345809937,0.11828064918518066,odometry_only,0,-180,0.23456875600004423,True,,,N/A,False,37,-0.42,0.19,9.73,0.001651514236970123,-0.08373528556207312,-0.055780825509459016,0.08123161833374348,0.012791314990774103,-0.05799683168623426,0.7410464520061102,0.2150439597630227,-0.5769242832217163,3.4401270822205663,1.0679292624761276,-2.6240508267969265,-0.41000000000000003,0.25,9.790000000000001,-2.375,-1.5,260.5,0.0,0.0,-0.1875,-2.375,-1.5,260.6875,0.64605712890625,-0.00762939453125,0.0238037109375,0.76287841796875,0.003272492347489368,0.002181661564992912,-0.002181661564992912,22.6875,-5.1875,-40.0,,,False,,,False,,,,,,,,,,,,,,
305.43043303489685,9.474559783935547,0.11730504035949707,odometry_only,0,-180,0.35188599399998566,False,,,N/A,False,37,-0.38,0.15,9.72,-0.00529060233087135,-0.07952371482993117,-0.06623882718143494,0.07802486480623638,0.004776823115133117,-0.06803599306722073,0.7503872460972336,0.21607437533780005,-0.584316426018879,3.52760342729533,1.0932154393254883,-2.692160520929206,-0.41000000000000003,0.25,9.790000000000001,-2.375,-1.5,260.5,0.0,0.0,-0.1875,-2.375,-1.5,260.6875,0.64605712890625,-0.00762939453125,0.0238037109375,0.76287841796875,0.001090830782496456,0.00545415391248228,0.002181661564992912,21.5,-5.1875,-40.0,,,False,,,False,,,,,,,,,,,,,,
305.546968460083,9.591095209121704,0.11652374267578125,odometry_only,0,-180,0.46842353000010917,False,,,N/A,False,37,-0.42,0.16,9.72,-0.010069609546409359,-0.08178739793839679,-0.06847372376485983,0.08100336467476858,0.00033599534224622784,-0.07012537602518495,0.7596525283423484,0.21637225770893787,-0.5923659659288075,3.6155811703488263,1.1184105894205614,-2.7607162390544233,-0.41000000000000003,0.25,9.790000000000001,-2.375,-1.5,260.5,0.0,0.0,-0.1875,-2.375,-1.5,260.6875,0.64605712890625,-0.00762939453125,0.0238037109375,0.76287841796875,0.0,0.001090830782496456,-0.002181661564992912,21.875,-5.5625,-40.0,,,False,,,False,,,,,,,,,,,,,,
305.6646146774292,9.708741426467896,0.11763429641723633,odometry_only,0,-180,0.5860674079999626,False,,,N/A,False,37,-0.37,0.17,9.73,-0.0020749255989824886,-0.0846978193083213,-0.06540754663979395,0.08261197876382545,0.00883281926257381,-0.06747899923578549,0.7692759162465802,0.2169115412364469,-0.6004594628626864,3.7055083812745853,1.143895106839525,-2.830874829086661,-0.41000000000000003,0.25,9.790000000000001,-2.375,-1.5,260.5,0.0,0.0,-0.1875,-2.375,-1.5,260.6875,0.64605712890625,-0.00762939453125,0.0238037109375,0.76287841796875,-0.003272492347489368,-0.003272492347489368,0.0,21.5,-6.0,-40.0,,,False,,,False,,,,,,,,,,,,,,
305.7824580669403,9.826584815979004,0.11783170700073242,odometry_only,0,-180,0.0,True,,,N/A,False,37,-0.42,0.16,9.71,0.0031428497149564964,-0.09184191324279635,-0.05820056074853362,0.0889330121256499,0.015479269293107658,-0.06069127927702918,0.7793826357985462,0.21834390868408135,-0.6080107242146485,3.796748921648965,1.1695385531622788,-2.9020728815880696,-0.41000000000000003,0.25,9.790000000000001,-2.375,-1.5,260.5,0.0,0.0,-0.1875,-2.375,-1.5,260.6875,0.64605712890625,-0.00762939453125,0.0238037109375,0.76287841796875,-0.001090830782496456,-0.00545415391248228,-0.001090830782496456,21.875,-5.5625,-39.5625,,,False,,,False,,,,,,,,,,,,,,
305.90165853500366,9.945785284042358,0.11918878555297852,odometry_only,0,-180,0.11874679499987906,True,,,N/A,False,37,-0.39,0.18,9.73,0.011252311260599435,-0.08474099340543097,-0.04728672273768216,0.08080060137469065,0.022808854369490067,-0.049947007909932575,0.7894978074288583,0.22062566616430498,-0.6146041457573863,3.8902453990020116,1.1956986784227221,-2.974933872363559,-0.41000000000000003,0.25,9.790000000000001,-2.375,-1.5,260.5,0.0,0.0,-0.1875,-2.375,-1.5,260.6875,0.64605712890625,-0.00762939453125,0.0238037109375,0.76287841796875,0.001090830782496456,-0.001090830782496456,0.0,21.1875,-5.1875,-40.75,,,False,,,False,,,,,,,,,,,,,,
306.01883244514465,10.06295919418335,0.11716175079345703,odometry_only,0,-180,0.23592250100000456,True,,,N/A,False,37,-0.42,0.15,9.72,0.010506537346859596,-0.08390270647612469,-0.046917468178238164,0.08010416197696787,0.02195349527904249,-0.04952441398236263,0.7989237493215019,0.22324788379153046,-0.6204312687287943,3.983296524295482,1.2217011795445885,-3.047283328090121,-0.41000000000000003,0.25,9.790000000000001,-2.375,-1.5,260.5,0.0,0.0,-0.1875,-2.375,-1.5,260.6875,0.64605712890625,-0.00762939453125,0.0238037109375,0.76287841796875,0.001090830782496456,0.001090830782496456,-0.001090830782496456,21.875,-4.875,-40.0,,,False,,,False,,,,,,,,,,,,,,
306.134592294693,10.17871904373169,0.11574792861938477,odometry_only,0,-180,0.3516814280001199,False,,,N/A,False,37,-0.39,0.18,9.74,0.0042804657052204036,-0.07368879725665127,-0.046768845646634784,0.07106309690674892,0.014149451781059823,-0.04884173853602724,0.8076723978669321,0.22533730446116154,-0.6261241079289254,4.076276612377955,1.2476625827193815,-3.119426429468865,-0.41000000000000003,0.25,9.790000000000001,-2.375,-1.5,260.5,0.0,0.0,-0.1875,-2.375,-1.5,260.6875,0.64605712890625,-0.00762939453125,0.0238037109375,0.76287841796875,-0.001090830782496456,-0.002181661564992912,0.0,22.25,-5.5625,-40.75,,,False,,,False,,,,,,,,,,,,,,
306.2536950111389,10.297821760177612,0.11909103393554688,odometry_only,0,-180,0.4707847879999463,False,,,N/A,False,37,-0.39,0.14,9.71,-0.0022817486207879142,-0.07947017548978916,-0.056698360948723325,0.07765768200280958,0.008173404678177816,-0.05863360116294506,0.8165280535309517,0.22666653048922425,-0.6325237825925878,4.172990467915732,1.2745773847429183,-3.194373268790366,-0.41000000000000003,0.25,9.790000000000001,-2.375,-1.5,260.5,0.0,0.0,-0.1875,-2.375,-1.5,260.6875,0.64605712890625,-0.00762939453125,0.0238037109375,0.76287841796875,-0.001090830782496456,-0.001090830782496456,0.0,22.25,-6.0,-40.75,,,False,,,False,,,,,,,,,,,,,,
306.3719222545624,10.416049003601074,0.11821532249450684,odometry_only,0,-180,0.5890088380001544,False,,,N/A,False,37,-0.39,0.18,9.72,-0.0029102519316740695,-0.07580235342305132,-0.06265614359134825,0.07403075026693767,0.006677151625293876,-0.06446023845445956,0.8254940020006789,0.22754431214054313,-0.6397995715663171,4.270046551334615,1.3014247253639082,-3.26957732660496,-0.41000000000000003,0.25,9.790000000000001,-10.375,-1.5,260.5,-8.0,0.0,-0.1875,-2.375,-1.5,260.6875,0.64605712890625,-0.00762939453125,0.0238037109375,0.76287841796875,0.0,0.001090830782496456,-0.001090830782496456,22.25,-5.1875,-40.5,,,False,,,False,,,,,,,,,,,,,,
306.4877927303314,10.531919479370117,0.11585855484008789,odometry_only,0,-180,0.0,True,,,N/A,False,37,-0.39,0.16,9.73,0.0027671452664926677,-0.08026687547187533,-0.06503366536280202,0.07745037411778075,0.012894235774781562,-0.06719363254255922,0.8342691940790614,0.22867806847073727,-0.647426185182726,4.366195433971897,1.3278533582155718,-3.3441453845699014,-0.41000000000000003,0.25,9.790000000000001,-2.375,-1.5,260.5,0.0,0.0,-0.1875,-2.375,-1.5,260.6875,0.64605712890625,-0.00762939453125,0.0238037109375,0.76287841796875,0.003272492347489368,-0.004363323129985824,0.002181661564992912,21.875,-5.1875,-40.0,,,False,,,False,,,,,,,,,,,,,,
306.60672092437744,10.650847673416138,0.11891603469848633,odometry_only,0,-180,0.1184721909999098,True,,,N/A,False,37,-0.38,0.15,9.72,0.005103320544486607,-0.08210396836400015,-0.06401500864984006,0.07889568025158958,0.015544699216988889,-0.06632390819325937,0.8435652204922411,0.23036899116087195,-0.6553648734362245,4.465956141702635,1.355147386251267,-3.421606757935706,-0.41000000000000003,0.25,9.790000000000001,-2.375,-1.5,260.5,0.0,0.0,-0.1875,-2.375,-1.5,260.6875,0.64605712890625,-0.00762939453125,0.0238037109375,0.76287841796875,-0.001090830782496456,-0.001090830782496456,0.002181661564992912,21.5,-5.1875,-40.5,,,False,,,False,,,,,,,,,,,,,,
306.72609519958496,10.770221948623657,0.11936235427856445,odometry_only,0,-180,0.2378461929997684,True,,,N/A,False,37,-0.37,0.15,9.73,0.004041341930146366,-0.08684152617387954,-0.05960606038862406,0.0838269631695222,0.015479218985931648,-0.062000803004625696,0.8532766993988288,0.23222053511869506,-0.6630234432565727,4.567225664901014,1.3827552737119346,-3.500289724602609,-0.41000000000000003,0.25,-1.51,-2.375,-1.5,260.5,0.0,0.0,-0.1875,-2.375,-1.5,260.6875,0.64605712890625,-0.00762939453125,0.0238037109375,0.76287841796875,0.001090830782496456,0.003272492347489368,-0.002181661564992912,21.1875,-5.1875,-40.0,,,False,,,False,,,,,,,,,,,,,,
306.8449251651764,10.889051914215088,0.11881804466247559,odometry_only,0,-180,0.3566768199998478,False,,,N/A,False,37,-0.4,0.19,9.74,0.0016210032293059178,-0.08474048769489147,-0.06583093686045988,0.08203575325274498,0.012462107589231625,-0.06805968863323196,0.863130441222679,0.23388050201316335,-0.6707502099086979,4.669195735047693,1.4104458806355142,-3.579527913348321,-0.41000000000000003,0.25,9.790000000000001,-2.375,-1.5,260.5,0.0,0.0,-0.1875,-2.375,-1.5,260.6875,0.64605712890625,-0.00762939453125,0.0238037109375,0.76287841796875,0.001090830782496456,0.002181661564992912,0.002181661564992912,22.6875,-4.875,-40.5,,,False,,,False,,,,,,,,,,,,,,
306.96269059181213,11.00681734085083,0.1177530288696289,odometry_only,0,-180,0.4744416779999483,False,,,N/A,False,37,-0.4,0.15,9.73,0.0006537019775671712,-0.08588989646643892,-0.06632964190499288,0.08331934529750606,0.011674535844162707,-0.06854717316238486,0.872865973069343,0.23530158344867755,-0.6787931457791023,4.771405152992544,1.4380696864627647,-3.6589843222098817,-0.41000000000000003,0.25,9.790000000000001,-2.375,-1.5,260.5,0.0,0.0,-0.1875,-2.375,-1.5,260.6875,0.64605712890625,-0.00762939453125,0.0238037109375,0.76287841796875,0.0,0.003272492347489368,-0.002181661564992912,22.6875,-5.5625,-40.75,,,False,,,False,,,,,,,,,,,,,,
307.0796570777893,11.123783826828003,0.11695432662963867,odometry_only,0,-180,0.5914093339997635,False,,,N/A,False,37,-0.4,0.18,9.72,0.004231963830303761,-0.08635214550988601,-0.06851383939097772,0.08314263109901598,0.015175417950008112,-0.07089258299772784,0.88260019724879,0.23687169258169463,-0.6869471871726558,4.874059834927878,1.465681040238086,-3.7388489427055376,-0.41000000000000003,0.25,9.790000000000001,-2.375,-1.5,260.5,0.0,0.0,-0.1875,-2.375,-1.5,260.6875,0.64605712890625,-0.00762939453125,0.0238037109375,0.76287841796875,0.001090830782496456,0.003272492347489368,0.0,23.0,-4.875,-40.0,,,False,,,False,,,,,,,,,,,,,,
307.19716787338257,11.241294622421265,0.11749911308288574,odometry_only,0,-180,0.0,True,,,N/A,False,37,-0.42,0.15,9.76,0.00568355902834219,-0.0885270343636332,-0.06741253576717979,0.08506866104758067,0.017013491203003172,-0.06991174908173163,0.8924825360676657,0.23876277671998683,-0.6952193792414381,4.978345158334592,1.4936243543853842,-3.8200506155487743,-0.41000000000000003,0.25,9.790000000000001,-2.375,-1.5,260.5,0.0,0.0,-0.1875,-2.375,-1.5,260.6875,0.64605712890625,-0.00762939453125,0.0238037109375,0.76287841796875,-0.002181661564992912,-0.003272492347489368,0.0,22.6875,-5.1875,-41.6875,,,False,,,False,,,,,,,,,,,,,,
307.3168830871582,11.3610098361969,0.11970281600952148,odometry_only,0,-180,0.11922822899987295,True,,,N/A,False,37,-0.36,0.18,9.71,0.006274087846779161,-0.08140280030290059,-0.06696451036135,0.07795458385998306,0.01644708186895084,-0.06930080862884114,0.9022397068128883,0.24076543913098947,-0.7035514468323598,5.085761811548455,1.522324793282076,-3.9037690189652734,-0.41000000000000003,0.25,9.790000000000001,-2.375,-1.5,260.5,0.0,0.0,-0.1875,-2.375,-1.5,260.6875,0.64605712890625,-0.00762939453125,0.0238037109375,0.76287841796875,-0.004363323129985824,-0.002181661564992912,0.1407171709420428,22.25,-4.875,-39.5625,,,False,,,False,,,,,,,,,,,,,,
307.4336473941803,11.477774143218994,0.11675167083740234,odometry_only,0,-180,0.23599229699993884,True,,,N/A,False,37,-0.37,0.17,9.74,0.008489787788219991,-0.07660410490787549,-0.064805146855857,0.07289809502229513,0.01794267028681887,-0.06711110764645396,0.9110458579677904,0.2427729696429246,-0.7115146064059961,5.191613871245198,1.5505517518512828,-3.9863746819957067,-0.41000000000000003,0.25,9.790000000000001,-2.375,-1.5,260.5,0.0,0.0,-0.1875,-2.375,-1.5,260.6875,0.64605712890625,-0.00762939453125,0.0238037109375,0.76287841796875,0.001090830782496456,0.002181661564992912,0.003272492347489368,22.25,-4.875,-40.5,,,False,,,False,,,,,,,,,,,,,,
307.55049085617065,11.59461760520935,0.11683154106140137,odometry_only,0,-180,0.3528361229996335,False,,,N/A,False,37,-0.41000000000000003,0.15,9.72,0.00938811937539994,-0.07862411229770393,-0.061946862988209665,0.07479633027179135,0.019291295029412684,-0.06434793367350662,0.9196735416244335,0.24494802041678565,-0.7191938875979288,5.29855675559788,1.579042349289617,-4.069950621077765,-0.41000000000000003,0.25,9.790000000000001,-2.375,-1.5,260.5,0.0,0.0,-0.1875,-2.375,-1.5,260.6875,0.64605712890625,-0.00762939453125,0.0238037109375,0.76287841796875,-0.002181661564992912,-0.002181661564992912,0.001090830782496456,21.5,-5.1875,-40.5,,,False,,,False,,,,,,,,,,,,,,
307.6690101623535,11.713136911392212,0.11850690841674805,odometry_only,0,-180,0.47135594399969705,False,,,N/A,False,37,-0.44,0.17,9.73,0.009754186003950453,-0.08144147339446811,-0.05679369154608175,-0.0738193546402575,0.03992789997795604,-0.05394299599150226,0.9197314308052793,0.24845696227641154,-0.7262030337821004,5.4075478539024,1.608278298837812,-4.155595381371681,-0.41000000000000003,0.25,9.790000000000001,-2.375,-1.5,260.5,0.0,0.0,-0.1875,-2.375,-1.5,260.6875,0.64605712890625,-0.00762939453125,0.0238037109375,-1.23712158203125,-0.002181661564992912,-0.002181661564992912,0.002181661564992912,21.875,-4.5,-40.75,,,False,,,False,,,,,,,,,,,,,,
307.78563237190247,11.829759120941162,0.11659526824951172,odometry_only,0,-180,0.587975534999714,False,,,N/A,False,37,-0.39,0.17,9.75,0.007919118880294524,-0.08256590035252806,-0.05671819430877338,0.07902578218512926,0.01873202754106078,-0.05916781899597999,0.9200349532133872,0.2518766972686999,-0.7327971266897936,5.514801881432945,1.637446567462273,-4.240651638914831,-0.41000000000000003,0.25,9.790000000000001,-2.375,-1.5,260.5,0.0,0.0,-0.1875,-2.375,-1.5,260.6875,0.64605712890625,-0.00762939453125,0.0238037109375,0.76287841796875,0.0,-0.003272492347489368,0.0,21.875,-4.875,-40.75,,,False,,,False,,,,,,,,,,,,,,
307.9022054672241,11.946332216262817,0.11655044555664062,odometry_only,0,-180,0.0,True,,,N/A,False,37,-0.38,0.2,9.68,0.013117412968618498,-0.07311766474450385,-0.06263014658486818,0.0687376937656298,0.022030928938493014,-0.06504277290991357,0.9286459026929167,0.25425216763864883,-0.7400355266045365,5.6225341701569,1.666941339819287,-4.326481289900743,-0.41000000000000003,0.25,9.790000000000001,-2.375,-1.5,260.5,0.0,0.0,-0.1875,-2.375,-1.5,260.6875,0.64605712890625,-0.00762939453125,0.0238037109375,0.76287841796875,-0.001090830782496456,-0.003272492347489368,-0.001090830782496456,23.25,-4.875,-40.5,,,False,,,False,,,,,,,,,,,,,,
308.0251257419586,12.069252490997314,0.12290024757385254,odometry_only,0,-180,0.12185221900017495,True,,,N/A,False,37,-0.42,0.17,9.700000000000001,0.01527174461601543,-0.07122529964567986,-0.07317332780165256,0.06631441474524802,0.023356371050663814,-0.07561404448342071,0.9369448714785955,0.25704122284133685,-0.748678905444832,5.7371749541654875,1.6983603819557194,-4.41796297603356,-0.41000000000000003,0.25,9.790000000000001,-2.375,-1.5,260.5,0.0,0.0,-0.1875,-2.375,-1.5,260.6875,0.64605712890625,-0.00762939453125,0.0238037109375,0.76287841796875,0.0,0.001090830782496456,0.001090830782496456,21.5,-4.875,-41.6875,,,False,,,False,,,,,,,,,,,,,,
308.1445243358612,12.188651084899902,0.11937928199768066,odometry_only,0,-180,0.24125233299992033,True,,,N/A,False,37,-0.41000000000000003,0.16,9.71,0.012108559270829069,-0.07249017527104439,-0.07926959819138094,0.0679674072025268,0.02016552132047937,-0.08160205404218758,0.9449601052233284,0.2596390289725605,-0.7580630779250638,5.849505186618757,1.7292008406976813,-4.50789986409879,-0.41000000000000003,0.25,9.790000000000001,-2.375,-1.5,260.5,0.0,0.0,-0.1875,-2.375,-1.5,260.6875,0.64605712890625,-0.00762939453125,0.0238037109375,0.76287841796875,-0.001090830782496456,0.001090830782496456,-0.002181661564992912,22.25,-4.5,-41.25,,,False,,,False,,,,,,,,,,,,,,
308.2656903266907,12.30981707572937,0.12114644050598145,odometry_only,0,-180,0.362416698999823,False,,,N/A,False,37,-0.38,0.2,9.72,0.008824117911199022,-0.07903453757278249,-0.07367495421335819,0.07506996435645563,0.018261326897040516,-0.0760483165893542,0.9536243394351795,0.2619666669132686,-0.7676124685482938,5.964508560353958,1.7607961773997882,-4.600314945009923,-0.41000000000000003,0.25,9.790000000000001,-2.375,-1.5,260.5,0.0,0.0,-0.1875,-2.375,-1.5,260.6875,0.64605712890625,-0.00762939453125,0.0238037109375,0.76287841796875,0.001090830782496456,0.0,0.0,22.25,-5.5625,-40.5,,,False,,,False,,,,,,,,,,,,,,
308.38628363609314,12.430410385131836,0.12057375907897949,odometry_only,0,-180,0.48300830100015446,False,,,N/A,False,37,-0.36,0.13,9.71,0.017564661945183895,-0.07961614495903571,-0.07146111299657301,0.07424271858046247,0.027071612115893744,-0.07422321141883181,0.9626259351651155,0.2646996483467124,-0.7766718700555384,6.0800333098263,1.7925472461053735,-4.6934150289060526,-0.41000000000000003,0.25,9.790000000000001,-2.375,-1.5,260.5,0.0,0.0,-0.1875,-2.375,-1.5,260.6875,0.64605712890625,-0.00762939453125,0.0238037109375,0.76287841796875,-0.003272492347489368,0.0,0.0,22.25,-5.1875,-40.75,,,False,,,False,,,,,,,,,,,,,,
308.50789761543274,12.552024364471436,0.12159490585327148,odometry_only,0,-180,0.6046226560001742,False,,,N/A,False,37,-0.39,0.19,9.69,0.027095742393014058,-0.07783338760480327,-0.0705779703924235,0.07092803584017034,0.03621145847968295,-0.0736980962658578,0.9714519472733282,0.2685470978522999,-0.7856651087963447,6.197620318840299,1.8249672900556897,-4.788401137833342,-0.41000000000000003,0.25,9.790000000000001,-2.375,-1.5,260.5,0.0,0.0,-0.1875,-2.375,-1.5,260.6875,0.64605712890625,-0.00762939453125,0.0238037109375,0.76287841796875,0.002181661564992912,0.001090830782496456,0.001090830782496456,22.6875,-5.1875,-40.75,,,False,,,False,,,,,,,,,,,,,,
308.6306223869324,12.67474913597107,0.12270545959472656,odometry_only,0,-180,0.0,True,,,N/A,False,37,-0.42,0.16,9.74,0.02683546371351548,-0.08319168235019951,-0.06820536130189277,0.0763001316070273,0.03694376740213183,-0.07145920096240323,0.9804847972492771,0.27303537065909195,-0.7945709052313057,6.317376966508539,1.8581948529092582,-4.885352931018043,-0.41000000000000003,0.25,9.790000000000001,-2.375,-1.5,260.5,0.0,0.0,-0.1875,-2.375,-1.5,260.6875,0.64605712890625,-0.00762939453125,0.0238037109375,0.76287841796875,0.00545415391248228,0.002181661564992912,0.0,23.0,-4.5,-40.0,,,False,,,False,,,,,,,,,,,,,,
308.7520797252655,12.7962064743042,0.12143802642822266,odometry_only,0,-180,0.12038888600000064,True,,,N/A,False,37,-0.37,0.15,9.700000000000001,0.02069226253269342,-0.09334596867907109,-0.06123457388409955,0.08746069808521013,0.03287853425596223,-0.06450535568269132,0.9904281932313138,0.2772749119161094,-0.80282653894289,6.437048858421394,1.8916091502288033,-4.9823453275390435,-0.41000000000000003,0.25,9.790000000000001,-2.375,-1.5,260.5,0.0,0.0,-0.1875,-2.375,-1.5,260.6875,0.64605712890625,-0.00762939453125,0.0238037109375,0.76287841796875,-0.001090830782496456,0.002181661564992912,-0.002181661564992912,21.875,-5.1875,-41.25,,,False,,,False,,,,,,,,,,,,,,
308.8759319782257,12.920058727264404,0.12383532524108887,odometry_only,0,-180,0.24423373999979958,True,,,N/A,False,37,-0.4,0.16,9.73,0.012153644249066424,-0.09942615915773001,-0.05642439129545635,0.09495802046526919,0.025684671443586937,-0.059500051500871856,1.0017231339021944,0.28090100872859164,-0.8105046639080051,6.560398212183917,1.9261700985661936,-5.082239024652362,-0.41000000000000003,0.25,9.790000000000001,-2.375,-1.5,260.5,0.0,0.0,-0.1875,-2.375,-1.5,260.6875,0.64605712890625,-0.00762939453125,0.0238037109375,0.76287841796875,-0.002181661564992912,-0.006544984694978736,0.0,22.25,-4.875,-40.5,,,False,,,False,,,,,,,,,,,,,,
308.9945397377014,13.038666486740112,0.11858797073364258,odometry_only,0,-180,0.36284868899974754,False,,,N/A,False,37,-0.41000000000000003,0.16,9.73,0.00887007709693038,-0.09777479850167665,-0.05457461220717787,0.09390711449998873,0.022263612670801586,-0.05746967186650136,1.012921700451127,0.28374405358523436,-0.8174402649737113,6.679854533511405,1.9596501546284775,-5.178766367443465,-0.41000000000000003,0.25,9.790000000000001,-2.375,-1.5,260.5,0.0,0.0,-0.1875,-2.375,-1.5,260.6875,0.64605712890625,-0.00762939453125,0.0238037109375,0.76287841796875,-0.002181661564992912,0.003272492347489368,-0.001090830782496456,22.6875,-4.875,-40.0,,,False,,,False,,,,,,,,,,,,,,
309.11582136154175,13.159948110580444,0.12126326560974121,odometry_only,0,-180,0.48412981199999194,False,,,N/A,False,37,-0.41000000000000003,0.16,9.73,0.003514517611256174,-0.09308054439206247,-0.055837749154312104,0.090138220890144,0.016157846323449077,-0.058379953288177903,1.0240806696459508,0.28607360937880116,-0.8244644169066717,6.803361313237782,1.9941991299350423,-5.278317729215835,-0.41000000000000003,0.25,9.790000000000001,-2.375,-1.5,260.5,0.0,0.0,-0.1875,-2.375,-1.5,260.6875,0.64605712890625,-0.00762939453125,0.0238037109375,0.76287841796875,0.002181661564992912,0.001090830782496456,0.0,22.25,-4.0625,-40.0,,,False,,,False,,,,,,,,,,,,,,
309.2374532222748,13.281579971313477,0.1216115951538086,odometry_only,0,-180,0.0,True,,,N/A,False,37,-0.43,0.13,9.73,-0.0006247633666204063,-0.09121846548486262,-0.06036856170577527,0.08889883302134458,0.01156438613954588,-0.06268033565449307,1.034967160504858,0.2877592818343259,-0.8318255843307213,6.928563358799097,2.0290914965611173,-5.379029763759727,-0.41000000000000003,0.25,9.790000000000001,-2.375,-1.5,260.5,0.0,0.0,-0.1875,-2.375,-1.5,260.6875,0.64605712890625,-0.00762939453125,0.0238037109375,0.76287841796875,0.0,-0.001090830782496456,0.0,21.875,-5.1875,-40.0,,,False,,,False,,,,,,,,,,,,,,
309.3597445487976,13.403871297836304,0.12227177619934082,odometry_only,0,-180,0.121178756000063,True,,,N/A,False,37,-0.39,0.19,9.700000000000001,-0.0042846940147323095,-0.08442279140439199,-0.06216449553746522,0.08276761016666927,0.006760017077464963,-0.06413903408336882,1.045462140966069,0.28887956049889435,-0.8395787991278859,7.055752251773098,2.0643448242999245,-5.481212555116151,-0.41000000000000003,0.25,9.790000000000001,-2.375,-1.5,260.5,0.0,0.0,-0.1875,-2.375,-1.5,260.6875,0.64605712890625,-0.00762939453125,0.0238037109375,0.76287841796875,0.0,0.0,0.002181661564992912,22.6875,-5.1875,-41.25,,,False,,,False,,,,,,,,,,,,,,
309.4813838005066,13.525510549545288,0.12162232398986816,odometry_only,0,-180,0.2428105920002963,True,,,N/A,False,37,-0.42,0.17,9.72,-0.007739512616263747,-0.08174927890060411,-0.06287104083350835,0.08068817523020508,0.002884449895467635,-0.06462747680835909,1.0554020772108474,0.28946605174234014,-0.8474092402812452,7.183508246074015,2.0995146930149855,-5.5838002580641755,-0.41000000000000003,0.25,9.790000000000001,-2.375,-1.5,260.5,0.0,0.0,-0.1875,-2.375,-1.5,260.6875,0.64605712890625,-0.00762939453125,0.0238037109375,0.76287841796875,0.001090830782496456,-0.001090830782496456,0.002181661564992912,21.1875,-4.5,-40.75,,,False,,,False,,,,,,,,,,,,,,
309.600301027298,13.64442777633667,0.11889791488647461,odometry_only,0,-180,0.36173451500008014,False,,,N/A,False,37,-0.42,0.17,9.68,-0.013087379782778366,-0.0727139462183474,-0.06514483410008759,0.0726179921691494,-0.003972713934596292,-0.06643260984988134,1.0645159690323576,0.28940135557979096,-0.8552006257954979,7.309535163788278,2.133927756878156,-5.6850186395350075,-0.41000000000000003,0.25,9.790000000000001,-2.375,-1.5,260.5,0.0,0.0,-0.1875,-2.375,-1.5,260.6875,0.64605712890625,-0.00762939453125,0.0238037109375,0.76287841796875,0.004363323129985824,0.004363323129985824,0.001090830782496456,22.25,-6.0,-40.5,,,False,,,False,,,,,,,,,,,,,,
309.72185754776,13.765984296798706,0.1215372085571289,odometry_only,0,-180,0.4832906130000083,False,,,N/A,False,37,-0.42,0.16,9.73,-0.013236013925019217,-0.07510264608475788,-0.06203571857110828,0.07505744338375503,-0.0035836525634347282,-0.06338428448115864,1.0734899991371367,0.2889421657342883,-0.8630894172757732,7.43945880241318,2.1690728854619628,-5.789436727198203,-0.41000000000000003,0.25,9.790000000000001,-2.375,-1.5,260.5,0.0,0.0,-0.1875,-2.375,-1.5,260.6875,0.64605712890625,-0.00762939453125,0.0238037109375,0.76287841796875,0.001090830782496456,0.0,0.003272492347489368,21.1875,-5.5625,-40.0,,,False,,,False,,,,,,,,,,,,,,
309.84229159355164,13.886418342590332,0.12041330337524414,odometry_only,0,-180,0.603725035000025,False,,,N/A,False,37,-0.41000000000000003,0.16,9.72,-0.009280647460195773,-0.08005829586930426,-0.0608100240460179,0.0793145563949902,0.001183575267456639,-0.06245895030103339,1.0827842203581373,0.288797665116506,-0.8706660170795483,7.569280853289331,2.203856666224062,-5.893820336745956,-0.41000000000000003,0.25,9.790000000000001,-2.375,-1.5,260.5,0.0,0.0,-0.1875,-2.375,-1.5,260.6875,0.64605712890625,-0.00762939453125,0.0238037109375,0.76287841796875,0.001090830782496456,0.001090830782496456,-0.002181661564992912,21.5,-4.875,-40.0,,,False,,,False,,,,,,,,,,,,,,
309.96571040153503,14.00983715057373,0.1233987808227539,odometry_only,0,-180,0.0,True,,,N/A,False,37,-0.42,0.16,9.700000000000001,-0.0036385067246693286,-0.0901553031986344,-0.0582910828242824,0.08838774854605519,0.00851623152677612,-0.060449544831968585,1.0931313503435827,0.2893961372828183,-0.8782493963056341,7.703533517588251,2.239530871371737,-6.0017273516328835,-0.41000000000000003,0.25,9.790000000000001,-2.375,-1.5,260.5,0.0,0.0,-0.1875,-2.375,-1.5,260.6875,0.64605712890625,-0.00762939453125,0.0238037109375,0.76287841796875,-0.001090830782496456,0.001090830782496456,0.0,22.25,-4.5,-40.5,,,False,,,False,,,,,,,,,,,,,,
310.0885396003723,14.13266634941101,0.12281012535095215,odometry_only,0,-180,0.12177311200002805,True,,,N/A,False,37,-0.35000000000000003,0.17,9.76,0.010705494678958361,-0.09208375279335092,-0.05730537641243873,0.08793999007121109,0.023012251958770595,-0.060124252316854754,1.103958766184801,0.29133214578731104,-0.8856532378765778,7.838445973897345,2.2751905279910796,-6.110039903438279,-0.41000000000000003,0.25,9.790000000000001,-2.375,-1.5,260.5,0.0,0.0,-0.1875,-2.375,-1.5,260.6875,0.64605712890625,-0.00762939453125,0.0238037109375,0.76287841796875,-0.001090830782496456,-0.006544984694978736,-0.001090830782496456,23.25,-4.875,-39.1875,,,False,,,False,,,,,,,,,,,,,,
310.2106566429138,14.254783391952515,0.12209725379943848,odometry_only,0,-180,0.24388980699995955,True,,,N/A,False,37,-0.42,0.14,9.700000000000001,0.010278376393692765,-0.08880415819600877,-0.0569186908433861,0.08478392119941193,0.022071106438814155,-0.05963316080953268,1.1145033238006214,0.2940844229135115,-0.8929642635090062,7.973880038320036,2.31092940567461,-6.218622059677679,-0.41000000000000003,0.25,9.790000000000001,-2.375,-1.5,260.5,0.0,0.0,-0.1875,-2.375,-1.5,260.6875,0.64605712890625,-0.00762939453125,0.0238037109375,0.76287841796875,0.001090830782496456,-0.001090830782496456,-0.003272492347489368,22.25,-5.1875,-40.0,,,False,,,False,,,,,,,,,,,,,,
310.33255410194397,14.376680850982666,0.12187790870666504,odometry_only,0,-180,0.3657882860002246,False,,,N/A,False,37,-0.37,0.21,9.72,0.018176457090588537,-0.07742788483440852,-0.054749595757699956,0.07230335234011988,0.02808707613829709,-0.05750061366898597,1.1240760579923363,0.2971410101120242,-0.9001022732451861,8.110296725083428,2.3469580653502824,-6.32788965951343,-0.41000000000000003,0.25,9.790000000000001,-2.375,-1.5,260.5,0.0,0.0,-0.1875,-2.375,-1.5,260.6875,0.64605712890625,-0.00762939453125,0.0238037109375,0.76287841796875,0.002181661564992912,0.0,0.001090830782496456,21.5,-4.875,-40.75,,,False,,,False,,,,,,,,,,,,,,
310.4516520500183,14.495778799057007,0.1190786361694336,odometry_only,0,-180,0.4848839090000183,False,,,N/A,False,37,-0.43,0.16,9.74,0.0072811076063404485,-0.08096773448367427,-0.05989486803499221,0.0774944551065076,0.017694429127310216,-0.06227118416994405,1.1329949172982943,0.2998668097164303,-0.9072334044142966,8.244681191821039,2.382503503834112,-6.4354971933114555,-0.41000000000000003,0.25,9.790000000000001,-2.375,-1.5,260.5,0.0,0.0,-0.1875,-2.375,-1.5,260.6875,0.64605712890625,-0.00762939453125,0.0238037109375,0.76287841796875,-0.001090830782496456,-0.004363323129985824,-0.001090830782496456,23.0,-5.1875,-41.6875,,,False,,,False,,,,,,,,,,,,,,
310.5721845626831,14.616311311721802,0.12051248550415039,odometry_only,0,-180,0.6054164040001524,False,,,N/A,False,37,-0.36,0.18,9.71,0.014941588711026636,-0.07837723778613276,-0.05795054970767401,0.07371239418051946,0.024907516238504585,-0.060585536777513355,1.1421060739147098,0.3024338428781035,-0.9146362888154305,8.381770229433057,2.4187958781665815,-6.545276215809355,-0.41000000000000003,0.25,9.790000000000001,-2.375,-1.5,260.5,0.0,0.0,-0.1875,-2.375,-1.5,260.6875,0.64605712890625,-0.00762939453125,0.0238037109375,0.76287841796875,0.001090830782496456,-0.001090830782496456,-0.002181661564992912,21.5,-4.875,-40.75,,,False,,,False,,,,,,,,,,,,,,
310.6922776699066,14.736404418945312,0.12007498741149902,odometry_only,0,-180,0.0,True,,,N/A,False,37,-0.41000000000000003,0.18,9.74,0.003950684587524969,-0.08536739975961692,-0.061187863585323854,0.08235806928053366,0.01507496294399173,-0.06353777944801538,1.151476153382406,0.3048342907203629,-0.9220883416320574,8.519471157968027,2.4552547349152016,-6.65554855924904,-0.41000000000000003,0.25,9.790000000000001,-2.375,-1.5,260.5,0.0,0.0,-0.1875,-2.375,-1.5,260.6875,0.64605712890625,-0.00762939453125,0.0238037109375,0.76287841796875,0.003272492347489368,-0.001090830782496456,0.001090830782496456,22.25,-4.875,-40.75,,,False,,,False,,,,,,,,,,,,,,
310.81597208976746,14.860098838806152,0.12367463111877441,odometry_only,0,-180,0.12262853499987614,True,,,N/A,False,37,-0.42,0.17,9.69,0.0015467760787172937,-0.0821014498548692,-0.06249333681872627,0.0795094798653346,0.012110058481247705,-0.06465328163653238,1.1614856080977638,0.3065153394687241,-0.9300153327282353,8.662498504289474,2.4930589549143187,-6.770077678609159,-0.41000000000000003,0.25,9.790000000000001,-2.375,-1.5,260.5,0.0,0.0,-0.1875,-2.375,-1.5,260.6875,0.64605712890625,-0.00762939453125,0.0238037109375,0.76287841796875,0.002181661564992912,-0.003272492347489368,0.002181661564992912,22.6875,-4.875,-41.6875,,,False,,,False,,,,,,,,,,,,,,
310.9382939338684,14.982420682907104,0.12230253219604492,odometry_only,0,-180,0.24494924400005402,True,,,N/A,False,37,-0.42,0.2,9.72,-0.013526041070114046,-0.0788089605863275,-0.06300222179429614,0.0787416152865006,-0.0033059124017988414,-0.06443535498474254,1.1711628629276971,0.3070537241483943,-0.9379092662964938,8.805142911654297,2.5305794799930834,-6.884303632815162,-0.41000000000000003,0.25,9.790000000000001,-2.375,-1.5,260.5,0.0,0.0,-0.1875,-2.375,-1.5,260.6875,0.64605712890625,-0.00762939453125,0.0238037109375,0.76287841796875,0.002181661564992912,-0.001090830782496456,0.001090830782496456,22.6875,-5.1875,-40.0,,,False,,,False,,,,,,,,,,,,,,
311.0594537258148,15.103580474853516,0.1211404800415039,odometry_only,0,-180,0.3661100570002418,False,,,N/A,False,37,-0.39,0.16,9.74,-0.009386162691293595,-0.07952779557432692,-0.05515491477810787,0.0789169617402211,0.0012536917519048716,-0.05679239693694387,1.1807122807795358,0.3069294206510547,-0.9452520603275666,8.947596553607484,2.5677685864422823,-6.998367166366579,-0.41000000000000003,0.25,9.790000000000001,-2.375,-1.5,260.5,0.0,0.0,-0.1875,-2.375,-1.5,260.6875,0.64605712890625,-0.00762939453125,0.0238037109375,0.76287841796875,0.0,-0.003272492347489368,0.001090830782496456,22.25,-4.875,-42.0625,,,False,,,False,,,,,,,,,,,,,,
311.1810636520386,15.22519040107727,0.12159061431884766,odometry_only,0,-180,0.4877185989998907,False,,,N/A,False,37,-0.42,0.18,9.72,-0.007742436794859442,-0.07578372023544072,-0.05203916581655184,0.07501314147793726,0.0024028878855670574,-0.053651161166827346,1.1900705086857655,0.3071517235332677,-0.951966510366265,9.091729021501303,2.6051018382237787,-7.113709152120474,-0.41000000000000003,0.25,9.790000000000001,-2.375,-1.5,260.5,0.0,0.0,-0.1875,-2.375,-1.5,260.6875,0.64605712890625,-0.00762939453125,0.0238037109375,0.76287841796875,0.0,0.0,-0.002181661564992912,23.0,-4.875,-40.0,,,False,,,False,,,,,,,,,,,,,,
311.30085039138794,15.344977140426636,0.11976766586303711,odometry_only,0,-180,0.6075075580001794,False,,,N/A,False,37,-0.34,0.14,9.73,0.012930743697984573,-0.08432494008553397,-0.05281670884938073,0.08000750742382824,0.024139097007891835,-0.05553023625162937,1.1993537393255345,0.30874115932229845,-0.9585047109285016,9.234816903971732,2.6419838647244127,-7.228115491556964,-0.41000000000000003,0.25,9.790000000000001,-2.375,-1.5,260.5,0.0,0.0,-0.1875,-2.375,-1.5,260.6875,0.64605712890625,-0.00762939453125,0.0238037109375,0.76287841796875,-0.002181661564992912,-0.001090830782496456,0.0,22.25,-5.1875,-40.5,,,False,,,False,,,,,,,,,,,,,,
311.42233324050903,15.46645998954773,0.12146258354187012,odometry_only,0,-180,0.0,True,,,N/A,False,37,-0.41000000000000003,0.17,9.74,0.01720178378393843,-0.08372583998119285,-0.05514274195164234,0.07866711547468673,0.028141916750077746,-0.05801859271281141,1.2089902541454274,0.31191625282291396,-0.9654006779905892,9.381078745723995,2.679677191111197,-7.344956751071083,-0.41000000000000003,0.25,9.790000000000001,-2.375,-1.5,260.5,0.0,0.0,-0.1875,-2.375,-1.5,260.6875,0.64605712890625,-0.00762939453125,0.0238037109375,0.76287841796875,0.0,0.001090830782496456,-0.004363323129985824,22.6875,-5.5625,-41.25,,,False,,,False,,,,,,,,,,,,,,
311.5439076423645,15.588034391403198,0.12155532836914062,odometry_only,0,-180,0.1205101629998353,True,,,N/A,False,37,-0.39,0.15,9.75,0.02292191967063218,-0.08550313912673455,-0.05807824325869429,0.07941916969501835,0.03393441388744087,-0.0612399753510601,1.2185983692976579,0.3156891072002114,-0.9726489351915079,9.528621911857902,2.717821578923119,-7.462746879634102,-0.41000000000000003,0.25,9.790000000000001,-2.375,-1.5,260.5,0.0,0.0,-0.1875,-2.375,-1.5,260.6875,0.64605712890625,-0.00762939453125,0.0238037109375,0.76287841796875,-0.002181661564992912,-0.001090830782496456,0.0,23.25,-5.1875,-40.75,,,False,,,False,,,,,,,,,,,,,,
311.66451048851013,15.708637237548828,0.12058329582214355,odometry_only,0,-180,0.24111291600002005,True,,,N/A,False,37,-0.43,0.17,9.72,0.005096801860665599,-0.07817165598256233,-0.06325218625495022,-0.02116775937848035,0.09843536799388733,-0.0001689529419951208,1.222110442818786,0.32366989948346586,-0.976351380674749,9.675776268211477,2.756369587042864,-7.580255320456878,-0.41000000000000003,0.25,9.790000000000001,-2.375,-1.5,260.5,0.0,0.0,-0.1875,-2.375,-1.5,260.6875,0.64605712890625,1.99237060546875,0.0238037109375,0.76287841796875,-0.002181661564992912,-0.001090830782496456,0.002181661564992912,22.25,-4.5,-41.6875,,,False,,,False,,,,,,,,,,,,,,
311.7865297794342,15.8306565284729,0.12199997901916504,odometry_only,0,-180,0.3631279299997914,False,,,N/A,False,37,-0.36,0.18,9.71,0.010081767510539083,-0.07322595468695826,-0.06733614074992675,0.06925570745915674,0.01884017201880153,-0.06961704697615839,1.2250438071472445,0.3308237061939705,-0.9806083259376721,9.825052651787734,2.796293690123276,-7.6996298420309115,-0.41000000000000003,0.25,9.790000000000001,-2.375,-1.5,260.5,0.0,0.0,-0.1875,-2.375,-1.5,260.6875,0.64605712890625,-0.00762939453125,0.0238037109375,0.76287841796875,-0.001090830782496456,-0.003272492347489368,0.001090830782496456,22.25,-5.1875,-40.5,,,False,,,False,,,,,,,,,,,,,,
311.90655732154846,15.950684070587158,0.12000846862792969,odometry_only,0,-180,0.4831590489998234,False,,,N/A,False,37,-0.38,0.16,9.72,0.008028311129162578,-0.07128622946629551,-0.06693359456131175,0.06768968742525285,0.01651707593667104,-0.06907661536858799,1.233261110710107,0.33294529078498764,-0.9889305329508682,9.972561356094019,2.836122640548347,-7.8178105132101186,-0.41000000000000003,0.25,9.790000000000001,-2.375,-1.5,260.5,0.0,0.0,-0.1875,-2.375,-1.5,260.6875,0.64605712890625,-0.00762939453125,0.0238037109375,0.76287841796875,0.003272492347489368,0.001090830782496456,0.001090830782496456,22.6875,-4.5,-40.5,,,False,,,False,,,,,,,,,,,,,,
312.02869844436646,16.07282519340515,0.12212204933166504,odometry_only,0,-180,0.0,True,,,N/A,False,37,-0.41000000000000003,0.2,9.73,0.013258535159965557,-0.06848924475531389,-0.06879019647402324,0.06403259125919111,0.021126077391486253,-0.07107863703925638,1.2413042080178975,0.33524382029885796,-0.9974885562751895,10.123660850058084,2.8769229523416784,-7.9391032982140315,-0.41000000000000003,0.25,9.790000000000001,-2.375,-1.5,260.5,0.0,0.0,-0.1875,-2.375,-1.5,260.6875,0.64605712890625,-0.00762939453125,0.0238037109375,0.76287841796875,0.003272492347489368,-0.001090830782496456,0.001090830782496456,22.25,-5.5625,-40.75,,,False,,,False,,,,,,,,,,,,,,
312.15086126327515,16.194988012313843,0.12214446067810059,odometry_only,0,-180,0.12104061299987734,True,,,N/A,False,37,-0.43,0.18,9.700000000000001,0.0032120082086717627,-0.06940402076674847,-0.06750437990368938,0.06661792974044195,0.011436060636318973,-0.06939268229233848,1.249283326730304,0.33723246269282403,-1.006067453045439,10.275766585659794,2.917992578794095,-8.061464932312449,-0.41000000000000003,0.25,9.790000000000001,-2.375,-1.5,260.5,0.0,0.0,-0.1875,-2.375,-1.5,260.6875,0.64605712890625,-0.00762939453125,0.0238037109375,0.76287841796875,-0.001090830782496456,0.0,0.002181661564992912,21.875,-5.1875,-41.25,,,False,,,False,,,,,,,,,,,,,,
312.27304911613464,16.31717586517334,0.12217044830322266,odometry_only,0,-180,0.24321984599964708,True,,,N/A,False,37,-0.41000000000000003,0.17,9.71,-0.0007515881004366339,-0.06976492188612646,-0.06901562733656866,0.06759932051402902,0.007519906751405231,-0.07074354313717904,1.2574820175471113,0.3383903922097138,-1.014627705787562,10.42889290861047,2.9592631523277677,-8.184899549031838,-0.41000000000000003,0.25,9.790000000000001,-2.375,-1.5,260.5,0.0,0.0,-0.1875,-2.375,-1.5,260.6875,0.64605712890625,-0.00762939453125,0.0238037109375,0.76287841796875,0.0,-0.001090830782496456,-0.001090830782496456,21.5,-4.5,-39.5625,,,False,,,False,,,,,,,,,,,,,,
312.3941626548767,16.438289403915405,0.12109494209289551,odometry_only,0,-180,0.3643403460000627,False,,,N/A,False,37,-0.4,0.18,9.75,-0.0002980453545767839,-0.07191826508725441,-0.0595522115647161,0.06982874005670282,0.00875713467220688,-0.061368161459090055,1.2658029390654872,0.33937592590403176,-1.0226267353965013,10.581671431462908,3.000300188850017,-8.308250153323678,-0.41000000000000003,0.25,9.790000000000001,-2.375,-1.5,260.5,0.0,0.0,-0.1875,-2.375,-1.5,260.6875,0.64605712890625,-0.00762939453125,0.0238037109375,0.76287841796875,0.002181661564992912,0.001090830782496456,-0.001090830782496456,23.0,-4.875,-40.0,,,False,,,False,,,,,,,,,,,,,,
312.5162470340729,16.560373783111572,0.12206721305847168,odometry_only,0,-180,0.48641921099988394,False,,,N/A,False,37,-0.42,0.17,9.700000000000001,-0.00011762122948970132,-0.07479274773686348,-0.061841143690228244,0.07258969702567288,0.009300883767235797,-0.06373794355459367,1.2744952499168818,0.3404780718961624,-1.0302624121843118,10.73671499159619,3.041794130249082,-8.433545381805263,-0.41000000000000003,0.25,9.790000000000001,-2.375,-1.5,260.5,0.0,0.0,-0.1875,-2.375,-1.5,260.6875,0.64605712890625,-0.00762939453125,0.0238037109375,0.76287841796875,-0.002181661564992912,0.001090830782496456,-0.002181661564992912,23.0,-4.875,-42.0625,,,False,,,False,,,,,,,,,,,,,,
312.63848543167114,16.68261218070984,0.12221884727478027,odometry_only,0,-180,0.608663200999672,False,,,N/A,False,37,-0.36,0.15,9.75,0.008029009843964824,-0.0799653917808782,-0.06072604674097793,0.07636668412325978,0.01822853445313128,-0.06310651093382151,1.2835978885160044,0.3421603787766817,-1.038013803689698,10.893038588896585,3.0835097725224205,-8.559936549280247,-0.41000000000000003,0.25,9.790000000000001,-2.375,-1.5,260.5,0.0,0.0,-0.1875,-2.375,-1.5,260.6875,0.64605712890625,-0.00762939453125,0.0238037109375,0.76287841796875,0.003272492347489368,0.002181661564992912,-0.001090830782496456,23.25,-4.0625,-41.25,,,False,,,False,,,,,,,,,,,,,,
312.76174426078796,16.80587100982666,0.12324142456054688,odometry_only,0,-180,0.0,True,,,N/A,False,37,-0.42,0.16,9.75,0.007201191937775219,-0.08403737264237911,-0.06838677258709994,-0.0747847387151074,0.043796815210348,-0.06542147708193569,1.2836953691188433,0.3459824250023783,-1.0459337898591794,11.051237028064389,3.1259136222418307,-8.68835088434949,-0.41000000000000003,0.25,9.790000000000001,-2.375,-1.5,260.5,0.0,0.0,-0.1875,-2.375,-1.5,260.6875,0.64605712890625,-0.00762939453125,0.0238037109375,-1.23712158203125,-0.001090830782496456,-0.004363323129985824,0.001090830782496456,22.6875,-4.5,-41.25,,,False,,,False,,,,,,,,,,,,,,
312.8859906196594,16.93011736869812,0.1242361068725586,odometry_only,0,-180,0.12326015000007828,True,,,N/A,False,37,-0.41000000000000003,0.2,9.73,0.0089072265417129,-0.07954450311704982,-0.06327455198074121,0.07575793523712725,0.0189071546028869,-0.06567792888480142,1.2837558221924021,0.3498774735499037,-1.0540774297644857,11.2107220983613,3.1691390846042653,-8.818799493506859,-0.41000000000000003,0.25,9.790000000000001,-2.375,-1.5,260.5,0.0,0.0,-0.1875,-2.375,-1.5,260.6875,0.64605712890625,-0.00762939453125,0.0238037109375,0.76287841796875,-0.001090830782496456,-0.003272492347489368,-0.001090830782496456,23.25,-5.1875,-41.25,,,False,,,False,,,,,,,,,,,,,,
313.0023307800293,17.046457529067993,0.11632728576660156,odometry_only,0,-180,0.23959893800019927,True,,,N/A,False,37,-0.38,0.14,9.72,0.003618159029929101,-0.08179429194983234,-0.0613301390463807,0.07888684023229194,0.014154438745280454,-0.06357123191947445,1.2927505256865737,0.3518004562585594,-1.061595031796472,11.36058109346589,3.2099512291327383,-8.941854711019124,-0.41000000000000003,0.25,9.790000000000001,-2.375,-1.5,260.5,0.0,0.0,-0.1875,-2.375,-1.5,260.6875,0.64605712890625,-0.00762939453125,0.0238037109375,0.76287841796875,0.001090830782496456,0.0,0.0,22.6875,-4.0625,-40.75,,,False,,,False,,,,,,,,,,,,,,
313.12190294265747,17.166029691696167,0.11956048011779785,odometry_only,0,-180,0.35917156999994404,False,,,N/A,False,37,-0.39,0.19,9.75,0.007449753982284046,-0.0827183173563166,-0.05853023580304422,0.07921893252795863,0.0182108670631237,-0.060961729090937056,1.302202126736879,0.35373526200936545,-1.0690396421009198,11.515707985969241,3.2521283237409224,-9.069224563302523,-0.41000000000000003,0.25,9.790000000000001,-2.375,-1.5,260.5,0.0,0.0,-0.1875,-2.375,-1.5,260.6875,0.64605712890625,-0.00762939453125,0.0238037109375,0.76287841796875,0.001090830782496456,-0.002181661564992912,0.0,21.875,-5.5625,-40.75,,,False,,,False,,,,,,,,,,,,,,
313.24185276031494,17.285979509353638,0.11993885040283203,odometry_only,0,-180,0.4791208410001673,False,,,N/A,False,37,-0.42,0.15,9.75,0.00898282943506719,-0.09310716739657586,-0.053402301076255994,0.08930819963118541,0.0216629575422571,-0.05618009749609999,1.3123086019833061,0.3561264723515322,-1.0760645701083884,11.672498691553526,3.2946983239230256,-9.197865229905851,-0.41000000000000003,0.25,9.790000000000001,-2.375,-1.5,260.5,0.0,0.0,-0.1875,-2.375,-1.5,260.6875,0.64605712890625,-0.00762939453125,0.0238037109375,0.76287841796875,0.002181661564992912,0.001090830782496456,0.001090830782496456,21.5,-5.5625,-40.5,,,False,,,False,,,,,,,,,,,,,,
313.35724329948425,17.40137004852295,0.11537837982177734,odometry_only,0,-180,0.5945125610001014,False,,,N/A,False,37,-0.35000000000000003,0.16,9.73,0.01747571578750091,-0.09126828983769832,-0.051388758096702736,0.08613119493095434,0.029822793842134564,-0.05448049245482764,1.3224295585340526,0.3590966436408512,-1.0824484898977185,11.824494601661078,3.3359589660901676,-9.322388099749677,-0.41000000000000003,0.25,9.790000000000001,-2.375,-1.5,260.5,0.0,0.0,-0.1875,-2.375,-1.5,260.6875,0.64605712890625,-0.00762939453125,0.0238037109375,0.76287841796875,0.0,0.0,0.002181661564992912,23.0,-5.1875,-40.75,,,False,,,False,,,,,,,,,,,,,,
313.4755218029022,17.519648551940918,0.11826610565185547,odometry_only,0,-180,0.0,True,,,N/A,False,37,-0.42,0.14,9.73,0.01699208578971504,-0.0964878949985153,-0.04856600604241682,0.09141201114147193,0.030333049463164286,-0.05177887728580314,1.332928230317618,0.36265384230081166,-1.088731930821841,11.981514014060982,3.378638275702495,-9.450776626262707,-0.41000000000000003,0.25,9.790000000000001,-2.375,-1.5,260.5,0.0,0.0,-0.1875,-2.375,-1.5,260.6875,0.64605712890625,-0.00762939453125,0.0238037109375,0.76287841796875,0.001090830782496456,0.002181661564992912,-0.001090830782496456,21.875,-4.5,-42.0625,,,False,,,False,,,,,,,,,,,,,,
313.594797372818,17.63892412185669,0.11926388740539551,odometry_only,0,-180,0.11880750399996032,True,,,N/A,False,37,-0.35000000000000003,0.15,9.72,0.020795529082601093,-0.09259649341746745,-0.05142542114723745,0.08689211476028014,0.033310266790070216,-0.05469300761585333,1.34356085191535,0.3664490169526775,-1.0950810562682167,12.141118260333585,3.422116096358975,-9.58100163936608,-0.41000000000000003,0.25,9.790000000000001,-2.375,-1.5,260.5,0.0,0.0,-0.1875,-2.375,-1.5,260.6875,0.64605712890625,-0.00762939453125,0.0238037109375,0.76287841796875,0.002181661564992912,-0.001090830782496456,0.0,21.875,-4.5,-41.25,,,False,,,False,,,,,,,,,,,,,,
313.71145248413086,17.755579233169556,0.11664271354675293,odometry_only,0,-180,0.2354636360000768,True,,,N/A,False,37,-0.37,0.16,9.73,0.018341134720327567,-0.091053012874033,-0.05255957589533332,0.08575364749459524,0.030586158650751216,-0.05568084262050193,1.353629787011228,0.3701755431773551,-1.1015182089663025,12.298422077872234,3.46507704013835,-9.70911028880196,-0.41000000000000003,0.25,9.790000000000001,-2.375,-1.5,260.5,0.0,0.0,-0.1875,-2.375,-1.5,260.6875,0.64605712890625,-0.00762939453125,0.0238037109375,0.76287841796875,0.001090830782496456,0.001090830782496456,0.001090830782496456,21.875,-5.1875,-40.5,,,False,,,False,,,,,,,,,,,,,,
313.8277451992035,17.871871948242188,0.11628031730651855,odometry_only,0,-180,0.35175764699988576,False,,,N/A,False,37,-0.43,0.17,9.73,0.015368014592200583,-0.08449086463517111,-0.05499794620930155,0.07972702718144187,0.026467200995526904,-0.05781647321324723,1.3632508596909412,0.3734926345588912,-1.1081169609155956,12.456381949713467,3.5083140259773153,-9.837578828144714,-0.41000000000000003,0.25,9.790000000000001,-2.375,-1.5,260.5,0.0,0.0,-0.1875,-2.375,-1.5,260.6875,0.64605712890625,-0.00762939453125,0.0238037109375,0.76287841796875,-0.001090830782496456,-0.001090830782496456,0.001090830782496456,22.25,-5.1875,-40.5,,,False,,,False,,,,,,,,,,,,,,
313.9462659358978,17.990392684936523,0.11850786209106445,odometry_only,0,-180,0.4702787329997591,False,,,N/A,False,37,-0.39,0.18,8.43,0.01215651012937617,-0.08379835218427124,-0.05200784134269974,0.07963153431922138,0.023327140013199483,-0.05467561987964534,1.3726934809056166,0.37644314500748,-1.1147825596428895,12.61849740701559,3.5527506689483186,-9.969294363057033,-0.41000000000000003,0.25,9.790000000000001,-2.375,-1.5,260.5,0.0,0.0,-0.1875,-2.375,-1.5,260.6875,0.64605712890625,-0.00762939453125,0.0238037109375,0.76287841796875,0.002181661564992912,0.002181661564992912,-0.001090830782496456,22.6875,-4.875,-41.6875,,,False,,,False,,,,,,,,,,,,,,
314.06360507011414,18.107731819152832,0.11732649803161621,odometry_only,0,-180,0.587617033999777,False,,,N/A,False,37,-0.4,0.15,9.73,0.004912975299552752,-0.08947983209255847,-0.054783832407657565,0.08637684890157138,0.016993678787191515,-0.05729136781391809,1.3824320720292096,0.3788084952412886,-1.121350906923507,12.780122023397222,3.5970561839898294,-10.1004732174388,-0.41000000000000003,0.25,9.790000000000001,-2.375,-1.5,260.5,0.0,0.0,-0.1875,-2.375,-1.5,260.6875,0.64605712890625,-0.00762939453125,0.0238037109375,0.76287841796875,0.004363323129985824,0.001090830782496456,-0.001090830782496456,22.25,-5.1875,-41.25,,,False,,,False,,,,,,,,,,,,,,
314.1807975769043,18.224924325942993,0.11718082427978516,odometry_only,0,-180,0.0,True,,,N/A,False,37,-0.4,0.17,9.71,0.003972208116691625,-0.0917748125906469,-0.057890358694069145,0.08873584570788824,0.016299803694515787,-0.0604148523057432,1.392691996977305,0.38075917410146415,-1.1282473628717469,12.94271768633965,3.641559566784759,-10.232278107215294,-0.41000000000000003,0.25,9.790000000000001,-2.375,-1.5,260.5,0.0,0.0,-0.1875,-2.375,-1.5,260.6875,0.64605712890625,-0.00762939453125,0.0238037109375,0.76287841796875,-0.004363323129985824,0.0,-0.002181661564992912,23.0,-5.1875,-41.25,,,False,,,False,,,,,,,,,,,,,,
314.2984833717346,18.342610120773315,0.11767387390136719,odometry_only,0,-180,0.11722841399978279,True,,,N/A,False,37,-0.4,0.17,9.73,-0.0003860453665580606,-0.09270457645578885,-0.06511458522998143,0.09023413339567304,0.011824303563758862,-0.06746987292198438,1.4032220423538864,0.3824139104270135,-1.135771708386926,13.10722070439131,3.6864623334416198,-10.365486054566086,-0.41000000000000003,0.25,9.790000000000001,-2.375,-1.5,260.5,0.0,0.0,-0.1875,-2.375,-1.5,260.6875,0.64605712890625,-0.00762939453125,0.0238037109375,0.76287841796875,-0.001090830782496456,-0.001090830782496456,-0.001090830782496456,22.25,-5.1875,-41.25,,,False,,,False,,,,,,,,,,,,,,
314.41612815856934,18.460254907608032,0.11763286590576172,odometry_only,0,-180,0.23487387399973159,True,,,N/A,False,37,-0.39,0.17,9.75,0.0018325055548113981,-0.08313821540184825,-0.0640520964770574,0.08045485247327681,0.012489745938046465,-0.06624964120525573,1.4132613596470427,0.38384397608934945,-1.1436366132240827,13.272876211567999,3.7315308890485257,-10.499552721286358,-0.41000000000000003,0.25,9.790000000000001,-2.375,-1.5,260.5,0.0,0.0,-0.1875,-2.375,-1.5,260.6875,0.64605712890625,-0.00762939453125,0.0238037109375,0.76287841796875,-0.001090830782496456,0.001090830782496456,0.002181661564992912,22.6875,-4.875,-41.6875,,,False,,,False,,,,,,,,,,,,,,
314.5345597267151,18.578686475753784,0.11841964721679688,odometry_only,0,-180,0.3533073139997214,False,,,N/A,False,37,-0.38,0.16,9.73,0.010704635293870836,-0.0752804099819145,-0.05764133576492198,0.07136408190810085,0.020238705595394098,-0.06001512760813917,1.422250531972179,0.38578182193162047,-1.151112727913479,13.440766370510289,3.77710029679382,-10.635424425000602,-0.41000000000000003,0.25,9.790000000000001,-2.375,-1.5,260.5,0.0,0.0,-0.1875,-2.375,-1.5,260.6875,0.64605712890625,-0.00762939453125,0.0238037109375,0.76287841796875,0.0,0.001090830782496456,0.0,22.6875,-4.875,-40.75,,,False,,,False,,,,,,,,,,,,,,
314.65114545822144,18.695272207260132,0.11657333374023438,odometry_only,0,-180,0.46989100399969175,False,,,N/A,False,37,-0.37,0.19,9.73,0.022171960071076788,-0.06818020689407468,-0.05310005446329383,0.0625561654097107,0.030582863892070537,-0.05577783444083343,1.4300562968147559,0.38874404182215283,-1.1578619137183315,13.607017828451154,3.8222448277967263,-10.770006860748945,-0.41000000000000003,0.25,9.790000000000001,-2.375,-1.5,260.5,0.0,0.0,-0.1875,-2.375,-1.5,260.6875,0.64605712890625,-0.00762939453125,0.0238037109375,0.76287841796875,-0.003272492347489368,-0.001090830782496456,0.001090830782496456,21.875,-4.875,-43.0,,,False,,,False,,,,,,,,,,,,,,
314.76869535446167,18.812822103500366,0.1175377368927002,odometry_only,0,-180,0.0,True,,,N/A,False,37,-0.43,0.16,9.67,0.020876843000213474,-0.06926533048741715,-0.06118968340829553,0.06368537731139554,0.029111201076378775,-0.06383115716787492,1.4374753694313969,0.3922521944733115,-1.1648911988111843,13.775539419710517,3.8681430928646687,-10.906512432852542,-0.41000000000000003,0.25,9.790000000000001,-2.375,-1.5,260.5,0.0,0.0,-0.1875,-2.375,-1.5,260.6875,0.64605712890625,-0.00762939453125,0.0238037109375,0.76287841796875,-0.001090830782496456,0.0,-0.002181661564992912,21.875,-5.1875,-41.6875,,,False,,,False,,,,,,,,,,,,,,
314.8882420063019,18.932368755340576,0.11953496932983398,odometry_only,0,-180,0.11908523799957038,True,,,N/A,False,37,-0.34,0.13,9.76,0.018349309830060254,-0.0817131618401405,-0.06847999040748108,0.07623800991093638,0.028326525395564035,-0.0713345700147949,1.4458382383314707,0.39568510290941106,-1.1729697143377968,13.94786782154663,3.9152361232029067,-11.046240499127883,-0.41000000000000003,0.25,9.790000000000001,-2.375,-1.5,260.5,0.0,0.0,-0.1875,-2.375,-1.5,260.6875,0.64605712890625,-0.00762939453125,0.0238037109375,0.76287841796875,0.001090830782496456,0.003272492347489368,-0.002181661564992912,21.875,-5.1875,-34.0625,,,False,,,False,,,,,,,,,,,,,,
315.00542664527893,19.049553394317627,0.1171727180480957,odometry_only,0,-180,0.23626895099960166,True,,,N/A,False,37,-0.42,0.21,9.74,0.011391821980796846,-0.08863344527596201,-0.07137035297035821,0.0841554842630387,0.02247291323964915,-0.07410945386129414,1.4552351091662687,0.3986612570595137,-1.1814907501385037,14.11783114623823,3.9617739842374915,-11.184179765207618,-0.41000000000000003,0.25,9.790000000000001,-2.375,-1.5,260.5,0.0,0.0,-0.1875,-2.375,-1.5,260.6875,0.64605712890625,-0.00762939453125,0.0238037109375,0.76287841796875,-0.001090830782496456,0.001090830782496456,0.0,21.875,-4.5,-41.25,,,False,,,False,,,,,,,,,,,,,,
315.1231689453125,19.167295694351196,0.11772942543029785,odometry_only,0,-180,0.35401179799964666,False,,,N/A,False,37,-0.39,0.15,9.73,0.014539225561809423,-0.09342672190833384,-0.06259693163147131,0.08853016563831578,0.02676588981471423,-0.06560727254373834,1.4654002003377407,0.40155968505574663,-1.189715135099837,14.289753504677902,4.0088787601037525,-11.323760118430643,-0.41000000000000003,0.25,9.790000000000001,-2.375,-1.5,260.5,0.0,0.0,-0.1875,-2.375,-1.5,260.6875,0.64605712890625,-0.00762939453125,0.0238037109375,0.76287841796875,0.0,0.004363323129985824,0.0,22.6875,-4.0625,-41.6875,,,False,,,False,,,,,,,,,,,,,,
315.2403712272644,19.2844979763031,0.11719059944152832,odometry_only,0,-180,0.47121141799971156,False,,,N/A,False,37,-0.43,0.19,9.73,0.007865250353627094,-0.08344481320441043,-0.05707974262770549,0.07989445263753141,0.018806469160232035,-0.05954988822629118,1.4752690913259692,0.40423001108886586,-1.1970487564473566,14.462062903202584,4.05609424886125,-11.463613264018548,-0.41000000000000003,0.25,9.790000000000001,-2.375,-1.5,260.5,0.0,0.0,-0.1875,-2.375,-1.5,260.6875,0.64605712890625,-0.00762939453125,0.0238037109375,0.76287841796875,0.002181661564992912,-0.002181661564992912,0.001090830782496456,22.25,-4.5,-41.25,,,False,,,False,,,,,,,,,,,,,,
315.35752153396606,19.40164828300476,0.11713814735412598,odometry_only,0,-180,0.5883641689997603,False,,,N/A,False,37,-0.41000000000000003,0.18,9.72,0.005166632080771474,-0.07742373554047478,-0.056833768499859556,0.07440737172252256,0.015170732286192954,-0.05903048423689305,1.4843064062454183,0.40622002430372195,-1.2039938990188064,14.635402498572674,4.103561556695737,-11.604240108208316,-0.41000000000000003,0.25,9.790000000000001,-2.375,-1.5,260.5,0.0,0.0,-0.1875,-2.375,-1.5,260.6875,0.64605712890625,-0.00762939453125,0.0238037109375,0.76287841796875,0.001090830782496456,0.001090830782496456,0.001090830782496456,22.6875,-4.875,-40.0,,,False,,,False,,,,,,,,,,,,,,
315.47552132606506,19.51964807510376,0.11798787117004395,odometry_only,0,-180,0.0,True,,,N/A,False,37,-0.44,0.17,9.74,-0.0019003246482558814,-0.06502741979763085,-0.06469676514025056,0.06319993251107342,0.005810057855499163,-0.06625601661155264,1.4924244026874036,0.4074577636858638,-1.2113850427795323,14.811011564168806,4.151563611707357,-11.746732817914186,-0.41000000000000003,0.25,9.790000000000001,-2.375,-1.5,260.5,0.0,0.0,-0.1875,-2.375,-1.5,260.6875,0.64605712890625,-0.00762939453125,0.0238037109375,0.76287841796875,0.003272492347489368,-0.003272492347489368,0.002181661564992912,21.875,-5.1875,-41.6875,,,False,,,False,,,,,,,,,,,,,,
315.59297919273376,19.63710594177246,0.11744570732116699,odometry_only,0,-180,0.11699403199963854,True,,,N/A,False,37,-0.39,0.17,9.75,-0.0007675392890023321,-0.06401757321913852,-0.06388402212255935,-0.028584999256299773,0.08570967107307048,0.004093553718590243,1.4944570903473946,0.41283206333479244,-1.2150353999911772,14.986409768985794,4.199733371178756,-11.889219150494059,-0.41000000000000003,0.25,9.790000000000001,-2.375,-1.5,260.5,0.0,0.0,-0.1875,-2.375,-1.5,260.6875,0.64605712890625,1.99237060546875,0.0238037109375,0.76287841796875,0.0,-0.00545415391248228,0.0,21.5,-5.1875,-39.5625,,,False,,,False,,,,,,,,,,,,,,
315.7090458869934,19.753172636032104,0.11605453491210938,odometry_only,0,-180,0.2330628289996639,True,,,N/A,False,37,-0.42,0.17,9.75,-0.00031221289929403336,-0.06954395014988604,-0.06355733768849336,0.0674132240095754,0.008168639709895169,-0.06530485592448873,1.4967101861299967,0.4182795651829182,-1.2185873245956123,15.159979032543747,4.247960507932591,-12.03043562722079,-0.41000000000000003,0.25,9.790000000000001,-2.375,-1.5,260.5,0.0,0.0,-0.1875,-2.375,-1.5,260.6875,0.64605712890625,-0.00762939453125,0.0238037109375,0.76287841796875,-0.004363323129985824,0.00545415391248228,0.0,21.5,-5.1875,-40.75,,,False,,,False,,,,,,,,,,,,,,
315.82794308662415,19.872069835662842,0.11888599395751953,odometry_only,0,-180,0.3519605909996244,False,,,N/A,False,37,-0.42,0.2,9.72,0.0018715864528160626,-0.07181391245809822,-0.04944573533898916,0.06956082841542056,0.011344575390284257,-0.05136354116469872,1.5048523343144642,0.41943948916916407,-1.2255224437713015,15.338400904378085,4.2977570391494915,-12.17572083679758,-0.41000000000000003,0.25,9.790000000000001,-2.375,-1.5,260.5,0.0,0.0,-0.1875,-2.375,-1.5,260.6875,0.64605712890625,-0.00762939453125,0.0238037109375,0.76287841796875,-0.003272492347489368,-0.004363323129985824,0.001090830782496456,21.875,-4.0625,-41.6875,,,False,,,False,,,,,,,,,,,,,,
315.9458029270172,19.989929676055908,0.11784815788269043,odometry_only,0,-180,0.46982102799984204,False,,,N/A,False,37,-0.4,0.17,9.73,0.0007543909984016896,-0.0727208917176461,-0.049776589390049475,0.07063331948585226,0.010377274826143779,-0.051670614423343884,1.5131131453525135,0.42071942918606897,-1.2315936364888262,15.516231740544237,4.347262629577931,-12.320504138678878,-0.41000000000000003,0.25,9.790000000000001,-2.375,-1.5,260.5,0.0,0.0,-0.1875,-2.375,-1.5,260.6875,0.64605712890625,-0.00762939453125,0.0238037109375,0.76287841796875,-0.002181661564992912,-0.001090830782496456,0.0,21.5,-4.875,-41.25,,,False,,,False,,,,,,,,,,,,,,
316.0612418651581,20.105368614196777,0.11542701721191406,odometry_only,0,-180,0.5852586940000037,False,,,N/A,False,37,-0.36,0.14,9.73,0.002280918019286425,-0.07505647402067948,-0.047935764565932897,0.07271957349368717,0.012349699460044484,-0.04995861245161834,1.521386543775177,0.42203108261212224,-1.237459015748691,15.691363364467481,4.39590071849327,-12.463001830172349,-0.41000000000000003,0.25,9.790000000000001,-2.375,-1.5,260.5,0.0,0.0,-0.1875,-2.375,-1.5,260.6875,0.64605712890625,-0.00762939453125,0.0238037109375,0.76287841796875,-0.002181661564992912,-0.001090830782496456,0.0,20.375,-4.875,-42.5,,,False,,,False,,,,,,,,,,,,,,
316.18020248413086,20.224329233169556,0.11894798278808594,odometry_only,0,-180,0.0,True,,,N/A,False,37,-0.4,0.16,9.71,0.0029114803775548096,-0.08201280614269339,-0.057161330883698194,0.07929868270347717,0.01368645982549719,-0.05938345372847411,1.5304276762359845,0.4235795569254045,-1.2439620248516927,15.872866937124643,4.446192558391837,-12.610581843786013,-0.41000000000000003,0.25,9.790000000000001,-2.375,-1.5,260.5,0.0,0.0,-0.1875,-2.375,-1.5,260.6875,0.64605712890625,-0.00762939453125,0.0238037109375,0.76287841796875,0.0,0.001090830782496456,0.0,21.875,-5.1875,-41.6875,,,False,,,False,,,,,,,,,,,,,,
316.29998755455017,20.344114303588867,0.11977291107177734,odometry_only,0,-180,0.11933293700030845,True,,,N/A,False,37,-0.39,0.19,9.71,0.01117581718267033,-0.08280620008403171,-0.06287228926005617,0.07860740590254951,0.02169631638598436,-0.06545865879628478,1.5398841121901354,0.4256985059797297,-1.251438376472413,16.05673702752354,4.497052811343611,-12.760022528964148,-0.41000000000000003,0.25,9.790000000000001,-2.375,-1.5,260.5,0.0,0.0,-0.1875,-2.375,-1.5,260.6875,0.64605712890625,-0.00762939453125,0.0238037109375,0.76287841796875,0.0,0.0,0.0,22.25,-5.1875,-41.25,,,False,,,False,,,,,,,,,,,,,,
316.41490721702576,20.459033966064453,0.11490797996520996,odometry_only,0,-180,0.23425193000002764,True,,,N/A,False,37,-0.4,0.16,9.700000000000001,0.012450544010248891,-0.0811482108589827,-0.07102243123908437,0.07660621436510134,0.02230398756088027,-0.07360879003493925,1.548801753974157,0.42822649900192444,-1.2594283562844686,16.234194354337557,4.546114210025723,-12.904281841075619,-0.41000000000000003,0.25,9.790000000000001,-2.375,-1.5,260.5,0.0,0.0,-0.1875,-2.375,-1.5,260.6875,0.64605712890625,-0.00762939453125,0.0238037109375,0.76287841796875,0.001090830782496456,0.002181661564992912,-0.004363323129985824,22.25,-4.0625,-41.25,,,False,,,False,,,,,,,,,,,,,,
316.5329294204712,20.577056169509888,0.11801028251647949,odometry_only,0,-180,0.3522762710003917,False,,,N/A,False,37,-0.4,0.22,9.72,0.014968644528010708,-0.07050818541927788,-0.07240262916837548,0.06567205039813837,0.022975627228744504,-0.07481248285258725,1.5571969030844892,0.43089822906870495,-1.2681859744569248,16.417464243845206,4.596806985963978,-13.053424081707366,-0.41000000000000003,0.25,9.790000000000001,-2.375,-1.5,260.5,0.0,0.0,-0.1875,-2.375,-1.5,260.6875,0.64605712890625,-0.00762939453125,0.0238037109375,0.76287841796875,-0.001090830782496456,0.002181661564992912,-0.001090830782496456,22.6875,-4.875,-41.25,,,False,,,False,,,,,,,,,,,,,,
316.6526188850403,20.69674563407898,0.11967730522155762,odometry_only,0,-180,0.4719655330000023,False,,,N/A,False,37,-0.4,0.15,9.73,0.013986436521996421,-0.0682008750514716,-0.07095955117053454,0.06358658361766485,0.021695834524334805,-0.0732685117551898,1.5649315655823046,0.4335713091501632,-1.2770469416515182,16.604288204687982,4.648535678354057,-13.2057273899879,-0.41000000000000003,0.25,9.790000000000001,-2.375,-1.5,260.5,0.0,0.0,-0.1875,-2.375,-1.5,260.6875,0.64605712890625,-0.00762939453125,0.0238037109375,0.76287841796875,-0.001090830782496456,-0.001090830782496456,-0.001090830782496456,23.6875,-13.1875,-41.25,,,False,,,False,,,,,,,,,,,,,,
316.76857924461365,20.812705993652344,0.11594867706298828,odometry_only,0,-180,0.5879247770003531,False,,,N/A,False,37,-0.37,0.18,9.71,0.02150592136117944,-0.06333768606246933,-0.06841383397337732,0.05759821642353732,0.028424843569879354,-0.07091610212873546,1.5719571742047647,0.4364770223094252,-1.2854059492678576,16.78614725442403,4.698976154860857,-13.354283901357064,-0.41000000000000003,0.25,9.790000000000001,-2.375,-1.5,260.5,0.0,0.0,-0.1875,-2.375,-1.5,260.6875,0.64605712890625,-0.00762939453125,0.0238037109375,0.76287841796875,-0.001090830782496456,0.0,0.002181661564992912,22.6875,-5.1875,-40.5,,,False,,,False,,,,,,,,,,,,,,
316.88482689857483,20.928953647613525,0.11623549461364746,odometry_only,0,-180,0.0,True,,,N/A,False,37,-0.41000000000000003,0.17,9.700000000000001,0.02259068167410523,-0.07124983143062565,-0.06935538956216085,0.06520321715214698,0.03074851893095081,-0.07211183325415699,1.579094116890232,0.4399160448385435,-1.2937184106742572,16.96927925711073,4.749910145678815,-13.504176799181053,-0.41000000000000003,0.25,9.790000000000001,-2.375,-1.5,260.5,0.0,0.0,-0.1875,-2.375,-1.5,260.6875,0.64605712890625,-0.00762939453125,0.0238037109375,0.76287841796875,-0.002181661564992912,-0.001090830782496456,0.001090830782496456,21.5,-4.875,-42.0625,,,False,,,False,,,,,,,,,,,,,,
317.00376987457275,21.04789662361145,0.11893081665039062,odometry_only,0,-180,0.1184773119998681,True,,,N/A,False,37,-0.41000000000000003,0.17,9.73,0.01704439437200432,-0.07649225583133874,-0.06774451470845473,0.07131922510525689,0.026217994344538472,-0.07040653916856639,1.5872124796646214,0.44330358181133317,-1.3021933238842167,17.157564971757626,4.802431161418376,-13.658543750452738,-0.41000000000000003,0.25,9.790000000000001,-2.375,-1.5,260.5,0.0,0.0,-0.1875,-2.375,-1.5,260.6875,0.64605712890625,-0.00762939453125,0.0238037109375,0.76287841796875,-0.001090830782496456,0.002181661564992912,-0.001090830782496456,23.0,-4.875,-40.75,,,False,,,False,,,,,,,,,,,,,,
317.12088322639465,21.16500997543335,0.11710166931152344,odometry_only,0,-180,0.23559543599958488,True,,,N/A,False,37,-0.38,0.15,9.73,0.01483484921815269,-0.08453469176982756,-0.06710276996416073,0.07962686914550615,0.02539006788808709,-0.06988472482260281,1.596050499471031,0.4463252769300199,-1.3104074944858115,17.343947676114805,4.854519673631535,-13.81151370899063,-0.41000000000000003,0.25,9.790000000000001,-2.375,-1.5,260.5,0.0,0.0,-0.1875,-2.375,-1.5,260.6875,0.64605712890625,-0.00762939453125,0.0238037109375,0.76287841796875,-0.002181661564992912,0.0,0.002181661564992912,21.875,-4.5,-40.0,,,False,,,False,,,,,,,,,,,,,,
317.2385001182556,21.28262686729431,0.11760449409484863,odometry_only,0,-180,0.3532097869997415,False,,,N/A,False,37,-0.41000000000000003,0.18,9.74,0.013939305777170664,-0.08580625749517605,-0.05889031694556429,0.08118559897913362,0.025095501450532083,-0.061678211924249056,1.6055066339500021,0.44929394185059923,-1.3181436907946846,17.53220642961067,4.907184096194694,-13.966078425164293,-0.41000000000000003,0.25,9.790000000000001,-2.375,-1.5,260.5,0.0,0.0,-0.1875,-2.375,-1.5,260.6875,0.64605712890625,-0.00762939453125,0.0238037109375,0.76287841796875,-0.001090830782496456,0.003272492347489368,0.001090830782496456,22.25,-5.1875,-40.5,,,False,,,False,,,,,,,,,,,,,,
317.35663962364197,21.400766372680664,0.11812782287597656,odometry_only,0,-180,0.47134971899959055,False,,,N/A,False,37,-0.42,0.31,9.67,0.011585592304496342,-0.05843727130882794,-0.06751993956967145,0.05442091897262741,0.017886891180903617,-0.06947305642201795,1.613516085316719,0.45183265008237516,-1.3258899976932683,17.722334502418313,4.960408157415039,-14.122245396780203,-0.41000000000000003,0.25,9.790000000000001,-2.375,-1.5,260.5,0.0,0.0,-0.1875,-2.375,-1.5,260.6875,0.64605712890625,-0.00762939453125,0.0238037109375,0.76287841796875,0.001090830782496456,0.001090830782496456,-0.003272492347489368,23.0,-5.5625,-41.6875,,,False,,,False,,,,,,,,,,,,,,
317.4743139743805,21.51844072341919,0.11766242980957031,odometry_only,0,-180,0.5890239020000081,False,,,N/A,False,37,-0.47000000000000003,0.2,9.77,-0.005268144770561626,-0.025565305800256857,-0.06502244155310359,0.024820076200337448,-0.004005816379839599,-0.0654001022021485,1.6181779293330087,0.45264929057710596,-1.3338247494731739,17.912458987500678,5.013619928843474,-14.278719646656178,-0.41000000000000003,0.26,9.790000000000001,-2.375,-1.5,260.5,0.0,0.0,-0.1875,-2.375,-1.5,260.6875,0.64605712890625,-0.007568359375,0.02392578125,0.76287841796875,-0.003272492347489368,0.003272492347489368,0.003272492347489368,21.1875,-5.1875,-40.0,,,False,,,False,,,,,,,,,,,,,,
317.59333324432373,21.637459993362427,0.11900639533996582,odometry_only,0,-180,0.0,True,,,N/A,False,37,-0.35000000000000003,0.12,9.72,-0.006106244321493879,-0.018234987512001505,-0.07000295325496252,0.01763367547347167,-0.006264908830151856,-0.07014284610948764,1.6207040633106877,0.45203814958472177,-1.3418899883193334,18.105182822938705,5.067451724424974,-14.437933229607532,-0.41000000000000003,0.26,9.790000000000001,-2.375,-1.5,260.5,0.0,0.0,-0.1875,-2.375,-1.5,260.6875,0.64605712890625,-0.007568359375,0.02392578125,0.76287841796875,0.003272492347489368,0.0,0.001090830782496456,21.5,-5.5625,-41.25,,,False,,,False,,,,,,,,,,,,,,
317.7103798389435,21.754506587982178,0.11703348159790039,odometry_only,0,-180,0.11655413700009376,True,,,N/A,False,37,-0.39,0.17,9.76,-0.00445565760739525,-0.04507996405771302,-0.06008029317348358,0.044024760836460106,0.00022544525690418836,-0.061020220252793286,1.6243121140463046,0.4516847398602413,-1.3495652234760505,18.295070593477504,5.120334642500704,-14.595428416608147,-0.41000000000000003,0.26,9.790000000000001,-2.375,-1.5,260.5,0.0,0.0,-0.1875,-2.375,-1.5,260.6875,0.64605712890625,-0.007568359375,0.02392578125,0.76287841796875,0.001090830782496456,-0.001090830782496456,-0.002181661564992912,22.25,-5.1875,-40.0,,,False,,,False,,,,,,,,,,,,,,
317.8339743614197,21.878101110458374,0.12357020378112793,odometry_only,0,-180,0.24018820800029062,True,,,N/A,False,37,-0.38,0.16,9.72,0.006364989156429641,-0.07645900565157585,-0.04989349070660878,0.07337788333793138,0.01650778434615285,-0.05214434139871243,1.631565848378841,0.4527186041562244,-1.3565571074480898,18.496235345129183,5.176213295260928,-14.762626460552626,-0.41000000000000003,0.26,9.790000000000001,-2.375,-1.5,260.5,0.0,0.0,-0.1875,-2.375,-1.5,260.6875,0.64605712890625,-0.007568359375,0.02392578125,0.76287841796875,0.001090830782496456,-0.001090830782496456,0.001090830782496456,22.25,-4.875,-41.25,,,False,,,False,,,,,,,,,,,,,,
317.958048582077,22.002175331115723,0.12405824661254883,odometry_only,0,-180,0.3642462500001784,False,,,N/A,False,37,-0.4,0.16,9.71,0.004518054300662748,-0.08673912509179638,-0.045896934362807146,0.08389730449391893,0.01655960488273396,-0.048349136549066224,1.6413214903978803,0.4547697453201196,-1.3627906297831889,18.69924967743371,5.232504001989604,-14.931305216657984,-0.41000000000000003,0.26,9.790000000000001,-2.375,-1.5,260.5,0.0,0.0,-0.1875,-2.375,-1.5,260.6875,0.64605712890625,-0.007568359375,0.02392578125,0.76287841796875,-0.001090830782496456,-0.003272492347489368,-0.002181661564992912,21.5,-4.875,-40.5,,,False,,,False,,,,,,,,,,,,,,
318.0791018009186,22.123228549957275,0.1210329532623291,odometry_only,0,-180,0.48530601599986767,False,,,N/A,False,37,-0.42,0.17,9.71,0.0017922066507642608,-0.08669540923211178,-0.048372409662623864,0.084256313792348,0.01375191341872959,-0.050704580331763276,1.651497554909347,0.45660409160906523,-1.3687850117260376,18.8985194842397,5.287657135494383,-15.096610550133635,-0.41000000000000003,0.26,9.790000000000001,-2.375,-1.5,260.5,0.0,0.0,-0.1875,-2.375,-1.5,260.6875,0.64605712890625,-0.007568359375,0.02392578125,0.76287841796875,0.001090830782496456,0.002181661564992912,-0.001090830782496456,21.5,-4.875,-41.25,,,False,,,False,,,,,,,,,,,,,,
318.201069355011,22.245196104049683,0.1219489574432373,odometry_only,0,-180,0.6072741289999612,False,,,N/A,False,37,-0.42,0.12,9.700000000000001,-0.0033264806964941845,-0.09474636801449539,-0.06347692292041893,0.09274784976011427,0.00933004724465774,-0.06578788682192854,1.6622902915135145,0.4580115021283882,-1.3758880791857293,19.10057597076937,5.343425344553188,-15.263965561113233,-0.41000000000000003,0.26,9.790000000000001,-2.375,-1.5,260.5,0.0,0.0,-0.1875,-2.375,-1.5,260.6875,0.64605712890625,-0.007568359375,0.02392578125,0.76287841796875,-0.003272492347489368,-0.001090830782496456,0.001090830782496456,22.6875,-4.5,-41.6875,,,False,,,False,,,,,,,,,,,,,,
318.31983065605164,22.363957405090332,0.11874151229858398,odometry_only,0,-180,0.0,True,,,N/A,False,37,-0.4,0.17,9.74,-0.005326383710154814,-0.09589612766737107,-0.06538675015395962,0.0941748232464036,0.00745967680038933,-0.06764111655837188,1.6733880319513583,0.4590083207404806,-1.3838098600086641,19.29861771510428,5.397869504840802,-15.427810914506846,-0.41000000000000003,0.26,9.790000000000001,-2.375,-1.5,260.5,0.0,0.0,-0.1875,-2.375,-1.5,260.6875,0.64605712890625,-0.007568359375,0.02392578125,0.76287841796875,0.001090830782496456,0.003272492347489368,-0.002181661564992912,21.875,-4.875,-40.75,,,False,,,False,,,,,,,,,,,,,,
318.4427134990692,22.48684024810791,0.1228635311126709,odometry_only,0,-180,0.12181008000015936,True,,,N/A,False,37,-0.41000000000000003,0.19,9.71,-0.006139815251021394,-0.09231770701349823,-0.06616354467787226,0.09076545527950372,0.0060350598552253495,-0.06828675702020003,1.6847492397836852,0.4598373262389528,-1.3921601492709141,19.5049140166875,5.454315815208502,-15.598343653308328,-0.41000000000000003,0.26,9.790000000000001,-2.375,-1.5,260.5,0.0,0.0,-0.1875,-2.375,-1.5,260.6875,0.64605712890625,-0.007568359375,0.02392578125,0.76287841796875,0.002181661564992912,-0.002181661564992912,0.001090830782496456,21.875,-5.1875,-40.75,,,False,,,False,,,,,,,,,,,,,,
318.5625698566437,22.606696605682373,0.11983704566955566,odometry_only,0,-180,0.24166695000030813,True,,,N/A,False,37,-0.4,0.16,9.72,-0.002450127404252716,-0.0809091531755685,-0.060456448625696935,0.07901698135212659,0.008062988440353046,-0.06243861984160624,1.6949223525899417,0.46068206046767723,-1.3999930207494933,19.707418946169188,5.5094719771007385,-15.765645346784392,-0.41000000000000003,0.26,9.790000000000001,-2.375,-1.5,260.5,0.0,0.0,-0.1875,-2.375,-1.5,260.6875,0.64605712890625,-0.007568359375,0.02392578125,0.76287841796875,-0.001090830782496456,0.0,-0.002181661564992912,20.75,-5.5625,-40.75,,,False,,,False,,,,,,,,,,,,,,
318.68384647369385,22.727973222732544,0.12125682830810547,odometry_only,0,-180,0.36294119200010755,False,,,N/A,False,37,-0.34,0.22,9.72,0.013117037537782731,-0.0682849271418668,-0.058168308897247965,0.06404246457957088,0.021436811192090517,-0.06047698706940011,1.703595819926538,0.4624705865372546,-1.4074451990712906,19.91346571344259,5.565441258110764,-15.935855873887604,-0.41000000000000003,0.26,9.790000000000001,-2.375,-1.5,260.5,0.0,0.0,-0.1875,-2.375,-1.5,260.6875,0.64605712890625,-0.007568359375,0.02392578125,0.76287841796875,0.001090830782496456,0.001090830782496456,-0.001090830782496456,22.25,-4.5,-40.75,,,False,,,False,,,,,,,,,,,,,,
318.80555963516235,22.84968638420105,0.12169313430786133,odometry_only,0,-180,0.4847655680000571,False,,,N/A,False,37,-0.41000000000000003,0.18,9.73,0.023324889845444015,-0.07133731708272585,-0.053229549422240965,0.06546263033349464,0.032224645693645346,-0.056059472583119385,1.711475760380942,0.4657357019772303,-1.414536042589419,20.12126109568925,5.621919424377561,-16.107563745015444,-0.41000000000000003,0.26,9.790000000000001,-2.375,-1.5,260.5,0.0,0.0,-0.1875,-2.375,-1.5,260.6875,0.64605712890625,-0.007568359375,0.02392578125,0.76287841796875,0.001090830782496456,0.004363323129985824,-0.002181661564992912,21.875,-5.5625,-41.25,,,False,,,False,,,,,,,,,,,,,,
318.926376581192,22.970503330230713,0.12079977989196777,odometry_only,0,-180,0.0,True,,,N/A,False,37,-0.42,0.19,9.74,0.025339519258488215,-0.07053109976973357,-0.04927303845784235,0.06441162619000272,0.03426062334761325,-0.05217194350644562,1.7193201511817777,0.46975140491035144,-1.4210732082099267,20.32848079117477,5.678422742679458,-16.278834231693537,-0.41000000000000003,0.26,9.790000000000001,-2.375,-1.5,260.5,0.0,0.0,-0.1875,-2.375,-1.5,260.6875,0.64605712890625,-0.007568359375,0.02392578125,0.76287841796875,0.0,-0.001090830782496456,0.003272492347489368,21.5,-4.5,-41.25,,,False,,,False,,,,,,,,,,,,,,
319.049498796463,23.09362554550171,0.12310242652893066,odometry_only,0,-180,0.12218235000000277,True,,,N/A,False,37,-0.44,0.16,9.76,0.00792438454070997,-0.080331417696174,-0.041616260593042624,0.07709925028777113,0.019062832387998423,-0.044047244086150884,1.7280303173191025,0.47303352830633233,-1.4269956159455721,20.54066939505882,5.736452299166403,-16.454136323281006,-0.41000000000000003,0.26,9.790000000000001,-2.375,-1.5,260.5,0.0,0.0,-0.1875,-2.375,-1.5,260.6875,0.64605712890625,-0.007568359375,0.02392578125,0.76287841796875,-0.004363323129985824,-0.001090830782496456,-0.001090830782496456,23.0,-5.1875,-40.75,,,False,,,False,,,,,,,,,,,,,,
319.17032742500305,23.214454174041748,0.12080883979797363,odometry_only,0,-180,0.24301365900009841,True,,,N/A,False,37,-0.43,0.2,9.72,-0.0028818630813614073,-0.07410281566756093,-0.040641849887305605,0.07276039084502803,0.007437900945865972,-0.04244874015257412,1.7370825020079996,0.47463428973026217,-1.4322203556971043,20.74997752479482,5.793695623971842,-16.626845605414,-0.41000000000000003,0.26,9.790000000000001,-2.375,-1.5,260.5,0.0,0.0,-0.1875,-2.375,-1.5,260.6875,0.64605712890625,-0.007568359375,0.02392578125,0.76287841796875,0.002181661564992912,0.002181661564992912,-0.002181661564992912,21.875,-5.5625,-40.0,,,False,,,False,,,,,,,,,,,,,,
319.2917411327362,23.335867881774902,0.12139534950256348,odometry_only,0,-180,0.36442345400018894,False,,,N/A,False,37,-0.4,0.13,9.73,-0.005168030691686096,-0.08169186713818946,-0.04226760988761942,0.0805898213856787,0.006355150485155744,-0.04417819931483425,1.7463905033130191,0.47547149587985005,-1.437478409493596,20.961416236276662,5.851364835926115,-16.8010296476977,-0.41000000000000003,0.26,9.790000000000001,-2.375,-1.5,260.5,0.0,0.0,-0.1875,-2.375,-1.5,260.6875,0.64605712890625,-0.007568359375,0.02392578125,0.76287841796875,0.0,0.001090830782496456,0.0,21.1875,-4.875,-39.5625,,,False,,,False,,,,,,,,,,,,,,
319.41323733329773,23.457364082336426,0.12147688865661621,odometry_only,0,-180,0.4859221910000997,False,,,N/A,False,37,-0.44,0.18,9.76,-0.006073505386619827,-0.06657166040292707,-0.05298150625438851,0.06562201042711731,0.00248615601217179,-0.05443605622429134,1.7552711825197207,0.4760085030823275,-1.4434680859636366,21.174101719638184,5.909156250872578,-16.976013856024863,-0.41000000000000003,0.26,9.790000000000001,-2.375,-1.5,260.5,0.0,0.0,-0.1875,-2.375,-1.5,260.6875,0.64605712890625,-0.007568359375,0.02392578125,0.76287841796875,-0.002181661564992912,0.0,-0.001090830782496456,22.25,-4.0625,-40.75,,,False,,,False,,,,,,,,,,,,,,
319.53530263900757,23.579429388046265,0.12204527854919434,odometry_only,0,-180,0.6079862290002893,False,,,N/A,False,37,-0.45,0.2,9.72,-0.016521138446251284,-0.05855830221804216,-0.05924762264624775,0.05932378946563404,-0.00941337021709841,-0.060036489138230814,1.7628957049954521,0.4755857861887224,-1.4504535028061387,21.388789548522855,5.9672250459225324,-17.15260858922533,-0.41000000000000003,0.26,9.790000000000001,-2.375,-1.5,260.5,0.0,0.0,-0.1875,-2.375,-1.5,260.6875,0.64605712890625,-0.007568359375,0.02392578125,0.76287841796875,-0.001090830782496456,0.00545415391248228,0.0,21.875,-4.5,-40.5,,,False,,,False,,,,,,,,,,,,,,
319.6569769382477,23.701103687286377,0.12165522575378418,odometry_only,0,-180,0.0,True,,,N/A,False,37,-0.4,0.19,9.71,-0.022654617461381817,-0.049354047384620195,-0.06171763901372554,0.05121246033346017,-0.017081598892154617,-0.061996963932717954,1.769619361207095,0.47397416046455954,-1.4578765064475687,21.603664007451613,6.0249845107609605,-17.329515361146463,-0.41000000000000003,0.26,9.790000000000001,-2.375,-1.5,260.5,0.0,0.0,-0.1875,-2.375,-1.5,260.6875,0.64605712890625,-0.007568359375,0.02392578125,0.76287841796875,-0.003272492347489368,0.001090830782496456,0.0,22.6875,-5.1875,-40.5,,,False,,,False,,,,,,,,,,,,,,
319.7783772945404,23.8225040435791,0.1213827133178711,odometry_only,0,-180,0.1202697310000076,True,,,N/A,False,37,-0.43,0.14,9.73,-0.02105119203409192,-0.06786462391094304,-0.06269354058616468,0.06918182757471224,-0.012509636152001576,-0.06353442871881637,1.7769262538742283,0.4721782282645163,-1.465495176970876,21.818908672283698,6.082407782839021,-17.506938754631445,-0.41000000000000003,0.26,9.790000000000001,-2.375,-1.5,260.5,0.0,0.0,-0.1875,-2.375,-1.5,260.6875,0.64605712890625,-0.007568359375,0.02392578125,0.76287841796875,-0.001090830782496456,-0.002181661564992912,-0.001090830782496456,22.6875,-5.1875,-41.6875,,,False,,,False,,,,,,,,,,,,,,
319.90027141571045,23.944398164749146,0.12187910079956055,odometry_only,0,-180,0.2421479409999847,True,,,N/A,False,37,-0.4,0.17,9.72,-0.006298811455965156,-0.0812562929053277,-0.06106397694976046,0.07998297433771487,0.0042994846411342595,-0.06289123699934818,1.786016289838244,0.47167790532272996,-1.473199500198734,22.036032788997787,6.139925951261903,-17.68602148702039,-0.41000000000000003,0.26,9.790000000000001,-2.375,-1.5,260.5,0.0,0.0,-0.1875,-2.375,-1.5,260.6875,0.64605712890625,-0.007568359375,0.02392578125,0.76287841796875,0.001090830782496456,0.002181661564992912,0.0,22.6875,-5.5625,-40.5,,,False,,,False,,,,,,,,,,,,,,
320.0199270248413,24.064053773880005,0.11963510513305664,odometry_only,0,-180,0.3618220579996887,False,,,N/A,False,37,-0.39,0.14,9.74,0.003489275494088175,-0.0885090378142434,-0.06042501631602071,0.08553107945247422,0.0151638728711878,-0.0628625391016715,1.7959169354513378,0.4728421557338444,-1.4807217833110962,22.25029526799134,6.196424829664295,-17.862717828674125,-0.41000000000000003,0.26,9.790000000000001,-2.375,-1.5,260.5,0.0,0.0,-0.1875,-2.375,-1.5,260.6875,0.64605712890625,-0.007568359375,0.02392578125,0.76287841796875,-0.003272492347489368,-0.003272492347489368,-0.001090830782496456,22.25,-4.5,-41.25,,,False,,,False,,,,,,,,,,,,,,
320.1424980163574,24.186624765396118,0.12255144119262695,odometry_only,0,-180,0.48439223199966364,False,,,N/A,False,37,-0.41000000000000003,0.17,9.73,0.0074367497104048655,-0.08537099073958745,-0.05612530501675882,0.08186821043103883,0.0187376830060065,-0.05865199507027625,1.8061744475662613,0.4749194979995557,-1.4881676739554077,22.471016013139515,6.254499607950363,-18.044638669538926,-0.41000000000000003,0.26,9.790000000000001,-2.375,-1.5,260.5,0.0,0.0,-0.1875,-2.375,-1.5,260.6875,0.64605712890625,-0.007568359375,0.02392578125,0.76287841796875,-0.001090830782496456,0.001090830782496456,0.0,24.0625,-4.875,-40.0,,,False,,,False,,,,,,,,,,,,,,
320.2646071910858,24.30873394012451,0.12209033966064453,odometry_only,0,-180,0.6065015099998163,False,,,N/A,False,37,-0.4,0.18,9.73,0.008988549656164812,-0.08413738641099808,-0.05241702571553192,0.08046737567170284,0.02023599261928416,-0.05498131007059584,1.8160842509894082,0.47729865264701343,-1.4951044383661132,22.692137410562207,6.312627926672098,-18.226753022285656,-0.41000000000000003,0.26,9.790000000000001,-2.375,-1.5,260.5,0.0,0.0,-0.1875,-2.375,-1.5,260.6875,0.64605712890625,-0.007568359375,0.02392578125,0.76287841796875,-0.004363323129985824,-0.002181661564992912,-0.001090830782496456,22.25,-4.875,-40.0,,,False,,,False,,,,,,,,,,,,,,
320.3864252567291,24.430552005767822,0.12179851531982422,odometry_only,0,-180,0.0,True,,,N/A,False,37,-0.4,0.13,9.72,0.011616411148000313,-0.08163496529313222,-0.04893902813693008,0.07763325271113783,0.022575767975023316,-0.05155239873356085,1.8257124618934888,0.4799058570863206,-1.5015922621480435,22.913920126925085,6.370920970743578,-18.409249626778877,-0.41000000000000003,0.26,9.790000000000001,-2.375,-1.5,260.5,0.0,0.0,-0.1875,-2.375,-1.5,260.6875,0.64605712890625,-0.007568359375,0.02392578125,0.76287841796875,-0.003272492347489368,-0.004363323129985824,-0.001090830782496456,23.25,-4.875,-41.6875,,,False,,,False,,,,,,,,,,,,,,
320.5090103149414,24.553137063980103,0.12256622314453125,odometry_only,0,-180,0.12151355199966929,True,,,N/A,False,37,-0.39,0.19,9.75,0.01467854348799517,-0.07458031164894861,-0.04351900789339078,0.07027615035896682,0.024686420136040416,-0.046080689276518656,1.8347768103444213,0.48280223103348036,-1.50757552157371,23.13824629940472,6.429918717919346,-18.593660791808365,-0.41000000000000003,0.26,9.790000000000001,-2.375,-1.5,260.5,0.0,0.0,-0.1875,-2.375,-1.5,260.6875,0.64605712890625,-0.007568359375,0.02392578125,0.76287841796875,0.001090830782496456,0.002181661564992912,-0.001090830782496456,21.875,-5.1875,-40.75,,,False,,,False,,,,,,,,,,,,,,
320.62910652160645,24.67323327064514,0.12007927894592285,odometry_only,0,-180,0.24160302899963426,True,,,N/A,False,37,-0.41000000000000003,0.18,9.69,0.011864733651004579,-0.07182558124890757,-0.051426385837951095,0.06787119012614488,0.021095826282983298,-0.053785005819516334,1.8430711268612958,0.4855509806027408,-1.5135714219029928,23.359062963590926,6.488058295628469,-18.775049365089544,-0.41000000000000003,0.26,9.790000000000001,-2.375,-1.5,260.5,0.0,0.0,-0.1875,-2.375,-1.5,260.6875,0.64605712890625,-0.007568359375,0.02392578125,0.76287841796875,0.0,0.0,-0.001090830782496456,23.0,-5.5625,-39.5625,,,False,,,False,,,,,,,,,,,,,,
320.75044536590576,24.794572114944458,0.12131905555725098,odometry_only,0,-180,0.36294780799971704,False,,,N/A,False,37,-0.36,0.17,9.72,0.01275160376778007,-0.06871017326330066,-0.05660389083442984,0.06455242824056445,0.021218908040465244,-0.05891038716505238,1.8511038810181573,0.4881177724048792,-1.5204074712242632,23.583149875100492,6.547120582398715,-18.959089092036958,-0.41000000000000003,0.26,9.790000000000001,-2.375,-1.5,260.5,0.0,0.0,-0.1875,-2.375,-1.5,260.6875,0.64605712890625,-0.007568359375,0.02392578125,0.76287841796875,-0.003272492347489368,0.0,0.001090830782496456,22.6875,-5.1875,-40.75,,,False,,,False,,,,,,,,,,,,,,
320.8714370727539,24.915563821792603,0.12097287178039551,odometry_only,0,-180,0.48394168799995896,False,,,N/A,False,37,-0.43,0.17,9.73,0.007070460555746716,-0.06948820256930761,-0.06669516601656268,0.06606219470991068,0.015281524594250017,-0.06876851252532325,1.8590042940355735,0.4903255534834034,-1.5281303128049162,23.807561095376577,6.606303131902248,-19.143484277269483,-0.41000000000000003,0.26,9.790000000000001,-2.375,-1.5,260.5,0.0,0.0,-0.1875,-2.375,-1.5,260.6875,0.64605712890625,-0.007568359375,0.02392578125,0.76287841796875,0.001090830782496456,-0.003272492347489368,0.002181661564992912,22.6875,-5.5625,-40.75,,,False,,,False,,,,,,,,,,,,,,
320.9934754371643,25.037602186203003,0.12201929092407227,odometry_only,0,-180,0.605974617999891,False,,,N/A,False,37,-0.42,0.17,9.700000000000001,0.004808511463981214,-0.0738330694627624,-0.06062527498897829,0.07083762801709932,0.014046524049508236,-0.0627263382903803,1.867356503683964,0.49211484733325245,-1.5361527670332655,24.034905046509078,6.6662414724436525,-19.330435101565726,-0.41000000000000003,0.26,9.790000000000001,-2.375,-1.5,260.5,0.0,0.0,-0.1875,-2.375,-1.5,260.6875,0.64605712890625,-0.007568359375,0.02392578125,0.76287841796875,0.002181661564992912,0.002181661564992912,0.0,21.875,-4.5,-40.75,,,False,,,False,,,,,,,,,,,,,,
321.11623072624207,25.16035747528076,0.12273621559143066,odometry_only,0,-180,0.0,True,,,N/A,False,37,-0.39,0.09,9.75,-0.00013084401164018857,-0.09375199596783942,-0.05417931445997095,0.09141975754980378,0.012746078486178402,-0.0566111066507347,1.8773139324120847,0.4937590586537902,-1.5434762802184772,24.26470838549085,6.7267426885792485,-19.519426108908288,-0.41000000000000003,0.26,9.790000000000001,-2.375,-1.5,260.5,0.0,0.0,-0.1875,-2.375,-1.5,260.6875,0.64605712890625,-0.007568359375,0.02392578125,0.76287841796875,-0.002181661564992912,0.001090830782496456,-0.001090830782496456,23.0,-5.1875,-40.75,,,False,,,False,,,,,,,,,,,,,,
321.24323415756226,25.287360906600952,0.12698578834533691,odometry_only,0,-180,0.12591838699972868,True,,,N/A,False,37,-0.36,0.18,9.74,0.012244692171418442,-0.09349462103716939,-0.049560876974545406,0.08921210649663176,0.025111978627057087,-0.0525170996877265,1.8887827722401969,0.4961627762676637,-1.5504051458747783,24.503828765003373,6.7895956908831305,-19.71586559487801,-0.41000000000000003,0.26,9.790000000000001,-2.375,-1.5,260.5,0.0,0.0,-0.1875,-2.375,-1.5,260.6875,0.64605712890625,-0.007568359375,0.02392578125,0.76287841796875,0.001090830782496456,-0.001090830782496456,0.0,21.875,-4.875,-40.75,,,False,,,False,,,,,,,,,,,,,,
321.3650076389313,25.40913438796997,0.12175369262695312,odometry_only,0,-180,0.24770130399974732,True,,,N/A,False,37,-0.4,0.15,9.74,0.018950474722394663,-0.10146032868819521,-0.0437789997317196,0.09607177225416408,0.033294200570669764,-0.04724013538861502,1.900062270451274,0.4997183602624411,-1.556478051743178,24.73448170237288,6.850221793778164,-19.90500284581332,-0.41000000000000003,0.26,9.790000000000001,-2.375,-1.5,260.5,0.0,0.0,-0.1875,-2.375,-1.5,260.6875,0.64605712890625,-0.007568359375,0.02392578125,0.76287841796875,0.001090830782496456,0.001090830782496456,0.003272492347489368,23.375,-4.5,-40.75,,,False,,,False,,,,,,,,,,,,,,
321.48638224601746,25.530508995056152,0.12135481834411621,odometry_only,0,-180,0.36907547099963267,False,,,N/A,False,37,-0.39,0.19,9.71,0.01958434471651577,-0.08245958731859758,-0.04954942328712372,0.07711900640969285,0.030534109392524395,-0.052522399610094035,1.9105710381930883,0.5035912967428388,-1.5625313838993364,24.965701058846165,6.911100024362551,-20.09425625755131,-0.41000000000000003,0.26,9.790000000000001,-2.375,-1.5,260.5,0.0,0.0,-0.1875,-2.375,-1.5,260.6875,0.64605712890625,-0.007568359375,0.02392578125,0.76287841796875,0.001090830782496456,-0.002181661564992912,0.002181661564992912,23.0,-4.875,-40.5,,,False,,,False,,,,,,,,,,,,,,
321.6079502105713,25.652076959609985,0.12154889106750488,odometry_only,0,-180,0.49064404199998535,False,,,N/A,False,37,-0.4,0.15,9.72,0.011777663276430967,-0.09104550672581477,-0.05385066470073002,0.08679109968536595,0.024051392387053026,-0.05671619941050971,1.920532584008394,0.5069087003476742,-1.5691702991856975,25.19853425726781,6.972512601397586,-20.284583690917923,-0.41000000000000003,0.26,9.790000000000001,-2.375,-1.5,260.5,0.0,0.0,-0.1875,-2.375,-1.5,260.6875,0.64605712890625,-0.007568359375,0.02392578125,0.76287841796875,0.0,0.003272492347489368,-0.001090830782496456,23.0,-4.875,-40.0,,,False,,,False,,,,,,,,,,,,,,
321.7276334762573,25.77176022529602,0.11966371536254883,odometry_only,0,-180,0.0,True,,,N/A,False,37,-0.39,0.18,9.73,0.012711994484629906,-0.08240961446488515,-0.06555190253176844,0.07789448624181548,0.023013506130656527,-0.06821157404913475,1.9303860285477463,0.5097246806575695,-1.5766449599477734,25.42894187163644,7.033339665163925,-20.47280366179398,-0.41000000000000003,0.26,9.790000000000001,-2.375,-1.5,260.5,0.0,0.0,-0.1875,-2.375,-1.5,260.6875,0.64605712890625,-0.007568359375,0.02392578125,0.76287841796875,0.001090830782496456,0.002181661564992912,0.0,21.875,-5.5625,-40.0,,,False,,,False,,,,,,,,,,,,,,
321.8511278629303,25.895254611968994,0.1234750747680664,odometry_only,0,-180,0.12242449299992586,True,,,N/A,False,37,-0.41000000000000003,0.17,9.71,0.011062846380658808,-0.08702528384938707,-0.06217582282895597,0.08278360347079457,0.022302088201005696,-0.06489307668643075,1.9403058981181736,0.5125223538567002,-1.584862513298549,25.667908859161052,7.096450679672967,-20.667987347613423,-0.41000000000000003,0.26,9.790000000000001,-2.375,-1.5,260.5,0.0,0.0,-0.1875,-2.375,-1.5,260.6875,0.64605712890625,-0.007568359375,0.02392578125,0.76287841796875,0.002181661564992912,0.0,0.0,22.25,-4.875,-40.75,,,False,,,False,,,,,,,,,,,,,,
321.9713132381439,26.015439987182617,0.12016487121582031,odometry_only,0,-180,0.24261261799983913,True,,,N/A,False,37,-0.42,0.18,9.74,0.008418107354024242,-0.08480420867742959,-0.05485085526344991,0.08117196733060812,0.01967066462732621,-0.05740567338476906,1.950156748143407,0.5150441790757951,-1.5922105200746297,25.901657330590044,7.158189379720727,-20.858873633562695,-0.41000000000000003,0.26,9.790000000000001,-2.375,-1.5,260.5,0.0,0.0,-0.1875,-2.375,-1.5,260.6875,0.64605712890625,-0.007568359375,0.02392578125,0.76287841796875,0.002181661564992912,0.001090830782496456,0.001090830782496456,21.5,-4.5,-40.5,,,False,,,False,,,,,,,,,,,,,,
322.0924608707428,26.136587619781494,0.12113833427429199,odometry_only,0,-180,0.3637260149998838,False,,,N/A,False,37,-0.4,0.13,9.71,0.007361057528876281,-0.0919635770955895,-0.04789966666183323,0.08854086856895474,0.02012551252422087,-0.05060969358894708,1.9604361132663266,0.5174546003811067,-1.598752920890241,26.138518683218102,7.220726970862551,-21.05214763154702,-0.41000000000000003,0.26,9.790000000000001,-2.375,-1.5,260.5,0.0,0.0,-0.1875,-2.375,-1.5,260.6875,0.64605712890625,-0.007568359375,0.02392578125,0.76287841796875,-0.001090830782496456,0.003272492347489368,-0.002181661564992912,22.25,-5.5625,-40.75,,,False,,,False,,,,,,,,,,,,,,
322.20881724357605,26.252943992614746,0.11634397506713867,odometry_only,0,-180,0.48008307000009154,False,,,N/A,False,37,-0.4,0.17,9.73,0.006948707607229843,-0.09079754668594871,-0.0511263393445875,0.08739665360761885,0.01937853584541184,-0.053783630251719686,1.9706707486130692,0.5197526293903905,-1.604825688023288,26.36719898258048,7.281063376902547,-21.238506166447547,-0.41000000000000003,0.26,9.790000000000001,-2.375,-1.5,260.5,0.0,0.0,-0.1875,-2.375,-1.5,260.6875,0.64605712890625,-0.007568359375,0.02392578125,0.76287841796875,-0.002181661564992912,-0.003272492347489368,0.0,21.5,-5.1875,-40.75,,,False,,,False,,,,,,,,,,,,,,
322.3254234790802,26.369550228118896,0.11659455299377441,odometry_only,0,-180,0.5966899509999166,False,,,N/A,False,37,-0.4,0.14,9.71,0.00876223873340887,-0.09824817296156822,-0.05441922470412157,0.09438040295399497,0.02223559471523426,-0.05734849781124646,1.981267855940232,0.522178619865862,-1.6113043884206624,26.597586240108846,7.341805131031186,-21.425997790763954,-0.41000000000000003,0.26,9.790000000000001,-2.375,-1.5,260.5,0.0,0.0,-0.1875,-2.375,-1.5,260.6875,0.64605712890625,-0.007568359375,0.02392578125,0.76287841796875,-0.001090830782496456,-0.003272492347489368,-0.001090830782496456,21.5,-6.0,-40.5,,,False,,,False,,,,,,,,,,,,,,
322.4444148540497,26.48854160308838,0.11898016929626465,odometry_only,0,-180,0.0,True,,,N/A,False,37,-0.4,0.17,9.74,0.009503932905553084,-0.09530309137945936,-0.05576594208076301,0.09132775922879728,0.022420876641259295,-0.0586463037897029,1.9923156502283352,0.5248352371269467,-1.6182049289866463,26.833975059247237,7.404092074011455,-21.618121573428446,-0.41000000000000003,0.26,9.790000000000001,-2.375,-1.5,260.5,0.0,0.0,-0.1875,-2.375,-1.5,260.6875,0.64605712890625,-0.007568359375,0.02392578125,0.76287841796875,-0.001090830782496456,-0.00545415391248228,-0.002181661564992912,21.5,-4.875,-41.25,,,False,,,False,,,,,,,,,,,,,,
322.562784910202,26.606911659240723,0.11835837364196777,odometry_only,0,-180,0.11791056999982175,True,,,N/A,False,37,-0.42,0.17,9.74,0.0078073517870343835,-0.09412524833346468,-0.054311331296245116,0.0904745971325429,0.02062319887893612,-0.05709000582096055,2.0030745658399383,0.5273825505136929,-1.625054109675067,27.07041900326667,7.466361467042603,-21.810055005986253,-0.41000000000000003,0.26,9.790000000000001,-2.375,-1.5,260.5,0.0,0.0,-0.1875,-2.375,-1.5,260.6875,0.64605712890625,-0.007568359375,0.02392578125,0.76287841796875,-0.003272492347489368,-0.004363323129985824,-0.001090830782496456,21.875,-4.875,-41.25,,,False,,,False,,,,,,,,,,,,,,
322.67811012268066,26.72223687171936,0.11531400680541992,odometry_only,0,-180,0.23323511399985364,True,,,N/A,False,37,-0.37,0.16,9.700000000000001,0.00516015038663495,-0.08576757668854657,-0.05767722080135678,0.0826051070748775,0.01648765314390847,-0.060115885931765645,2.0130538229343657,0.5295222510350515,-1.6318118501746717,27.301976931443953,7.52729943078184,-21.99783613771548,-0.41000000000000003,0.26,9.790000000000001,-2.375,-1.5,-1787.5,0.0,0.0,-2048.1875,-2.375,-1.5,260.6875,0.64605712890625,-0.007568359375,0.02392578125,0.76287841796875,0.0,0.001090830782496456,0.001090830782496456,23.25,-4.875,-40.75,,,False,,,False,,,,,,,,,,,,,,
322.79741859436035,26.841545343399048,0.11929631233215332,odometry_only,0,-180,0.3525426860001062,False,,,N/A,False,37,-0.44,0.16,9.700000000000001,6.525418218370199e-05,-0.08830643567457819,-0.057071030385859686,0.08596158859469104,0.011911969206990681,-0.059361971200838824,2.023108515522064,0.5312162361440955,-1.6389384840553054,27.54272657291984,7.590570525716469,-22.192930364431877,-0.41000000000000003,0.26,9.790000000000001,-2.375,-1.5,260.5,0.0,0.0,-0.1875,-2.375,-1.5,260.6875,0.64605712890625,-0.007568359375,0.02392578125,0.76287841796875,-0.001090830782496456,0.004363323129985824,0.0,22.25,-4.875,-40.875,,,False,,,False,,,,,,,,,,,,,,
322.91702365875244,26.961150407791138,0.11959338188171387,odometry_only,0,-180,0.4721488629998021,False,,,N/A,False,37,-0.35000000000000003,0.17,9.71,0.008032155108962925,-0.08732182614067269,-0.05482670686528344,0.08371874443009311,0.019704565700470623,-0.05743245200696743,2.0332548379546886,0.5331068003105778,-1.6459224040834783,27.785283678711508,7.654213521388583,-22.38935417574362,-0.41000000000000003,0.26,9.790000000000001,-2.375,-1.5,260.5,0.0,0.0,-0.1875,-2.375,-1.5,260.6875,0.64605712890625,-0.007568359375,0.02392578125,0.76287841796875,-0.002181661564992912,-0.003272492347489368,0.0,22.25,-5.5625,-40.75,,,False,,,False,,,,,,,,,,,,,,
323.03293657302856,27.07706332206726,0.11590123176574707,odometry_only,0,-180,0.5880640579998726,False,,,N/A,False,37,-0.4,0.16,9.73,0.011175275436677568,-0.08890974157043645,-0.04998853936030634,0.08485931136450756,0.023286145331551593,-0.05277627975638031,2.043024040112323,0.5355981384921261,-1.6523090679648347,28.02150655020584,7.716145630789269,-22.580488720873095,-0.41000000000000003,0.26,9.790000000000001,-2.375,-1.5,260.5,0.0,0.0,-0.1875,-2.375,-1.5,260.6875,0.64605712890625,-0.007568359375,0.02392578125,0.76287841796875,0.002181661564992912,0.002181661564992912,0.0,21.875,-5.1875,-40.75,,,False,,,False,,,,,,,,,,,,,,
323.1502859592438,27.19441270828247,0.11733770370483398,odometry_only,0,-180,0.0,True,,,N/A,False,37,-0.4,0.17,9.74,0.014447482549467004,-0.08360060978236024,-0.04602283894187457,0.07916059103509485,0.025822887025858388,-0.048812628948803435,2.0526468994670535,0.5384793090361185,-1.6582691725995078,28.26179486179627,7.779160521436325,-22.7747165452146,-0.41000000000000003,0.26,9.790000000000001,-2.375,-1.5,260.5,0.0,0.0,-0.1875,-2.375,-1.5,260.6875,0.64605712890625,-0.007568359375,0.02392578125,0.76287841796875,-0.004363323129985824,0.0,-0.002181661564992912,22.6875,-4.875,-41.6875,,,False,,,False,,,,,,,,,,,,,,
323.26945304870605,27.31357979774475,0.1191556453704834,odometry_only,0,-180,0.1187085329997899,True,,,N/A,False,37,-0.42,0.15,9.74,0.009782290595506733,-0.08344035718696853,-0.04640886271710306,0.0797653541305799,0.021181828412104423,-0.048995789421358404,2.0621153612482184,0.5412797476378517,-1.6640963852062893,28.50694343815709,7.843490215057631,-22.972655851313107,-0.41000000000000003,0.26,9.790000000000001,-2.375,-1.5,260.5,0.0,0.0,-0.1875,-2.375,-1.5,260.6875,0.64605712890625,-0.007568359375,0.02392578125,0.76287841796875,0.001090830782496456,0.001090830782496456,-0.001090830782496456,22.25,-5.1875,-40.75,,,False,,,False,,,,,,,,,,,,,,
323.38668155670166,27.430808305740356,0.11721658706665039,odometry_only,0,-180,0.23593375199970978,True,,,N/A,False,37,-0.4,0.17,9.69,0.009911965005125223,-0.08337661049183816,-0.05053329014443522,0.07960120506978666,0.021108250206670114,-0.05311882495728404,2.0714555633292293,0.5437582969790883,-1.670081148499835,28.749204976245544,7.907082443271366,-23.168066306900773,-0.41000000000000003,0.26,9.790000000000001,-2.375,-1.5,260.5,0.0,0.0,-0.1875,-2.375,-1.5,260.6875,0.64605712890625,-0.007568359375,0.02392578125,0.76287841796875,-0.003272492347489368,0.0,0.001090830782496456,21.875,-4.5,-40.875,,,False,,,False,,,,,,,,,,,,,,
323.5033495426178,27.547476291656494,0.11665654182434082,odometry_only,0,-180,0.35260483599995496,False,,,N/A,False,37,-0.4,0.15,9.72,0.007982710872007779,-0.08731406099752487,-0.05814261713099289,0.08365503073496773,0.01950109770071971,-0.060741879035681665,2.0809780172793504,0.5461269700253971,-1.6767224464885873,28.991409247080075,7.970653566388387,-23.363279573679083,-0.41000000000000003,0.26,9.790000000000001,-2.375,-1.5,260.5,0.0,0.0,-0.1875,-2.375,-1.5,260.6875,0.64605712890625,-0.007568359375,0.02392578125,0.76287841796875,-0.001090830782496456,-0.001090830782496456,0.001090830782496456,21.1875,-4.5,-40.5,,,False,,,False,,,,,,,,,,,,,,
323.6213014125824,27.665428161621094,0.11793923377990723,odometry_only,0,-180,0.47055677599973933,False,,,N/A,False,37,-0.4,0.16,9.75,0.003216153014646171,-0.09090822973391938,-0.061242046572482466,0.08792615836773604,0.01525058787460742,-0.0637310629608943,2.0910960942662595,0.5481762636100543,-1.6840625681912909,29.237434859074412,8.035184208837308,-23.561463778444253,-0.41000000000000003,0.26,9.790000000000001,-2.375,-1.5,260.5,0.0,0.0,-0.1875,-2.375,-1.5,260.6875,0.64605712890625,-0.007568359375,0.02392578125,0.76287841796875,0.002181661564992912,0.001090830782496456,0.0,22.6875,-4.875,-40.875,,,False,,,False,,,,,,,,,,,,,,
323.73893880844116,27.78306555747986,0.11762595176696777,odometry_only,0,-180,0.5881940209997083,False,,,N/A,False,37,-0.4,0.18,9.73,0.003286047574701878,-0.088378264054908,-0.060501202890497624,0.08543420446937663,0.014938636700403695,-0.06292650520597427,2.1012919331049504,0.5499517817469255,-1.6915116766933496,29.4840016750224,8.099768387085865,-23.75999134510156,-0.41000000000000003,0.26,9.790000000000001,-2.375,-1.5,260.5,0.0,0.0,-0.1875,-2.375,-1.5,260.6875,0.64605712890625,-0.007568359375,0.02392578125,0.76287841796875,0.002181661564992912,0.003272492347489368,0.0,21.5,-4.875,-40.0,,,False,,,False,,,,,,,,,,,,,,
323.85730361938477,27.901430368423462,0.11835312843322754,odometry_only,0,-180,0.0,True,,,N/A,False,37,-0.42,0.15,9.71,0.0033143222197793017,-0.08536163431857571,-0.05621515623383641,0.08253789115072407,0.014669910084832757,-0.05856643576489482,2.1112319446080123,0.5517039138171227,-1.6987012115165774,29.733284364785902,8.164960586099008,-23.96061249578871,-0.41000000000000003,0.26,9.790000000000001,-2.375,-1.5,260.5,0.0,0.0,-0.1875,-2.375,-1.5,260.6875,0.64605712890625,-0.007568359375,0.02392578125,0.76287841796875,-0.001090830782496456,0.001090830782496456,-0.001090830782496456,21.5,-5.5625,-42.1875,,,False,,,False,,,,,,,,,,,,,,
323.9742593765259,28.018386125564575,0.116943359375,odometry_only,0,-180,0.11647101600010501,True,,,N/A,False,37,-0.4,0.19,9.73,0.005309196857566863,-0.07820397109175115,-0.05450027415477474,0.07518366715147015,0.015540538073113246,-0.05674712696509421,2.1204541890448714,0.5534703694650299,-1.7054437892201497,29.980718160930888,8.229581982789945,-24.159658571881593,-0.41000000000000003,0.26,9.790000000000001,-2.375,-1.5,260.5,0.0,0.0,-0.1875,-2.375,-1.5,260.6875,0.64605712890625,-0.007568359375,0.02392578125,0.76287841796875,-0.001090830782496456,0.001090830782496456,-0.003272492347489368,22.6875,-5.5625,-40.75,,,False,,,False,,,,,,,,,,,,,,
324.0918390750885,28.135965824127197,0.1175680160522461,odometry_only,0,-180,0.2340487450001092,True,,,N/A,False,37,-0.38,0.15,9.71,0.008106564557260333,-0.07927503570544218,-0.053804367193379464,0.07579143731423449,0.01850490245210764,-0.05619950372717376,2.1293291107975283,0.5554716969141174,-1.7120832448652876,30.23053745653811,8.294770042120483,-24.360554508482764,-0.41000000000000003,0.26,9.790000000000001,-2.375,-1.5,260.5,0.0,0.0,-0.1875,-2.375,-1.5,260.6875,0.64605712890625,-0.007568359375,0.02392578125,0.76287841796875,0.002181661564992912,0.0,0.0,22.25,-4.875,-39.1875,,,False,,,False,,,,,,,,,,,,,,
324.210590839386,28.254717588424683,0.11873960494995117,odometry_only,0,-180,0.35279987000012625,False,,,N/A,False,37,-0.4,0.18,9.71,0.011236020026257646,-0.08370067244726742,-0.053522342188532794,0.07964425537967425,0.022327748565887057,-0.05616899550906508,2.1385572971703266,0.5578959233395853,-1.7187545404693525,30.483921029564794,8.36087045781698,-24.564242670121764,-0.41000000000000003,0.26,9.790000000000001,-2.375,-1.5,260.5,0.0,0.0,-0.1875,-2.375,-1.5,260.6875,0.64605712890625,-0.007568359375,0.02392578125,0.76287841796875,0.001090830782496456,0.0,0.0,21.1875,-5.1875,-39.6875,,,False,,,False,,,,,,,,,,,,,,
324.32701230049133,28.37113904953003,0.1164097785949707,odometry_only,0,-180,0.46922233199984476,False,,,N/A,False,37,-0.41000000000000003,0.17,9.76,0.01248175298871016,-0.08942214626875887,-0.04945030347659833,0.08515929993795925,0.024682483328886742,-0.052307892002126,2.1481496698634213,0.5606321486828697,-1.7250684256982771,30.733428334031753,8.425974260425177,-24.76469000462769,-0.41000000000000003,0.26,9.790000000000001,-2.375,-1.5,260.5,0.0,0.0,-0.1875,-2.375,-1.5,260.6875,0.64605712890625,-0.007568359375,0.02392578125,0.76287841796875,0.003272492347489368,0.001090830782496456,-0.001090830782496456,21.1875,-4.0625,-40.75,,,False,,,False,,,,,,,,,,,,,,
324.44414591789246,28.488272666931152,0.11712193489074707,odometry_only,0,-180,0.5863562200001979,False,,,N/A,False,37,-0.4,0.16,9.71,0.00703445332146324,-0.09175100838899126,-0.04977761265149529,0.08834881201622985,0.0196818928468577,-0.05246572504499091,2.1583104727590787,0.5632301694718318,-1.7312040700753073,30.985618806248667,8.491788725051716,-24.967092665735024,-0.41000000000000003,0.26,9.790000000000001,-2.375,-1.5,260.5,0.0,0.0,-0.1875,-2.375,-1.5,260.6875,0.64605712890625,-0.007568359375,0.02392578125,0.76287841796875,0.002181661564992912,0.0,-0.001090830782496456,23.0,-4.875,-40.75,,,False,,,False,,,,,,,,,,,,,,
324.5626013278961,28.606728076934814,0.11844325065612793,odometry_only,0,-180,0.0,True,,,N/A,False,37,-0.41000000000000003,0.18,9.72,0.0028268961086748935,-0.08272852605617377,-0.05788577226574482,0.0799895446725906,0.01368026152679383,-0.06014387901913292,2.168279743847246,0.5652059304782853,-1.7378729938555344,31.241846511004592,8.558616544969624,-25.172537047849318,-0.41000000000000003,0.26,9.790000000000001,-2.375,-1.5,260.5,0.0,0.0,-0.1875,-2.375,-1.5,260.6875,0.64605712890625,-0.007568359375,0.02392578125,0.76287841796875,0.004363323129985824,0.0,-0.002181661564992912,22.25,-4.875,-41.25,,,False,,,False,,,,,,,,,,,,,,
324.68071579933167,28.72484254837036,0.1181020736694336,odometry_only,0,-180,0.11765602300010869,True,,,N/A,False,37,-0.41000000000000003,0.16,9.71,0.0011379894890304729,-0.08109838984281842,-0.06512332137463447,0.0785207720827127,0.011413626888629074,-0.0672570317128304,2.177639942400646,0.5666877506074307,-1.745396149727944,31.49847757447794,8.6254560404244,-25.378227702352298,-0.41000000000000003,0.26,9.790000000000001,-2.375,-1.5,260.5,0.0,0.0,-0.1875,-2.375,-1.5,260.6875,0.64605712890625,-0.007568359375,0.02392578125,0.76287841796875,0.001090830782496456,0.0,-0.001090830782496456,23.0,-6.0,-40.0,,,False,,,False,,,,,,,,,,,,,,
324.79807806015015,28.842204809188843,0.11735057830810547,odometry_only,0,-180,0.23501660900001298,True,,,N/A,False,37,-0.42,0.19,9.700000000000001,-0.001526497969183302,-0.07647114718917648,-0.07001571558654993,0.07430309286305112,0.007802476810321338,-0.07190645815352378,2.1866069268659785,0.5678152610483809,-1.7535616077355394,31.754551021471826,8.692023332679447,-25.583530060509283,-0.41000000000000003,0.26,9.790000000000001,-2.375,-1.5,260.5,0.0,0.0,-0.1875,-2.375,-1.5,260.6875,0.64605712890625,-0.007568359375,0.02392578125,0.76287841796875,0.0,-0.00545415391248228,0.004363323129985824,21.875,-5.1875,-40.0,,,False,,,False,,,,,,,,,,,,,,
324.914999961853,28.959126710891724,0.11691021919250488,odometry_only,0,-180,0.35193894699978046,False,,,N/A,False,37,-0.42,0.13,9.71,-0.0026015654081341178,-0.08253748352004343,-0.06802303074284051,0.08050111325369418,0.007830729088138599,-0.07003276009625604,2.1956560237004936,0.5687291018125161,-1.7618586802943366,32.010716682526784,8.758460157971484,-25.789024338722957,-0.41000000000000003,0.26,9.790000000000001,-2.375,-1.5,260.5,0.0,0.0,-0.1875,-2.375,-1.5,260.6875,0.64605712890625,-0.007568359375,0.02392578125,0.76287841796875,-0.001090830782496456,0.002181661564992912,-0.001090830782496456,22.25,-5.5625,-40.0,,,False,,,False,,,,,,,,,,,,,,
325.0323348045349,29.07646155357361,0.11732244491577148,odometry_only,0,-180,0.4692739980000624,False,,,N/A,False,37,-0.41000000000000003,0.2,9.71,-0.0010514275524386148,-0.0810255287368485,-0.07118716455434618,0.07869297549249266,0.008963647194220853,-0.07321832312602454,2.204994543554414,0.5697142804556571,-1.7702619639545718,32.26886422441194,8.825242638474425,-25.996222853583333,-0.41000000000000003,0.26,9.790000000000001,-2.375,-1.5,260.5,0.0,0.0,-0.1875,-2.375,-1.5,260.6875,0.64605712890625,-0.007568359375,0.02392578125,0.76287841796875,0.004363323129985824,0.007635815477475192,0.001090830782496456,23.0,-5.1875,-40.0,,,False,,,False,,,,,,,,,,,,,,
325.15271735191345,29.19684410095215,0.12037062644958496,odometry_only,0,-180,0.0,True,,,N/A,False,37,-0.4,0.15,9.71,0.0015882395408877762,-0.08642824443571688,-0.06445238678401033,0.08371511731397789,0.012762851152087253,-0.06674850460356038,2.2147691254902124,0.5710218965639076,-1.7786859113225575,32.534869085212954,8.8938982025952,-26.209817393075348,-0.41000000000000003,0.26,9.790000000000001,-2.375,-1.5,260.5,0.0,0.0,-0.1875,-2.375,-1.5,260.6875,0.64605712890625,-0.007568359375,0.02392578125,0.76287841796875,0.002181661564992912,0.006544984694978736,-0.002181661564992912,21.875,-5.1875,-40.75,,,False,,,False,,,,,,,,,,,,,,
325.2719690799713,29.31609582901001,0.11923956871032715,odometry_only,0,-180,0.11879534799982139,True,,,N/A,False,37,-0.4,0.19,9.72,0.0026348511940039207,-0.08057378487021123,-0.05978293839218878,0.07785975135681583,0.013049673944637984,-0.06197291424907592,2.224402184317579,0.5725608337438366,-1.7863602545564423,32.799531521419325,8.962078358368437,-26.422364676701257,-0.41000000000000003,0.26,9.790000000000001,-2.375,-1.5,260.5,0.0,0.0,-0.1875,-2.375,-1.5,260.6875,0.64605712890625,-0.007568359375,0.02392578125,0.76287841796875,-0.001090830782496456,-0.001090830782496456,-0.001090830782496456,21.5,-5.1875,-41.25,,,False,,,False,,,,,,,,,,,,,,
325.38654589653015,29.430672645568848,0.11456513404846191,odometry_only,0,-180,0.23337159699985932,True,,,N/A,False,37,-0.4,0.17,9.74,0.001080004027331816,-0.08023518974128797,-0.054009946704674155,0.07789439322296413,0.011729229221623434,-0.056132121916547345,2.233324181543772,0.5739802329252449,-1.7931256142064989,33.05488153074746,9.027755173865941,-26.627406815890957,-0.41000000000000003,0.26,9.790000000000001,-2.375,-1.5,260.5,0.0,0.0,-0.1875,-2.375,-1.5,260.6875,0.64605712890625,-0.007568359375,0.02392578125,0.76287841796875,-0.001090830782496456,-0.002181661564992912,0.001090830782496456,22.25,-5.1875,-40.5,,,False,,,False,,,,,,,,,,,,,,
325.5046112537384,29.5487380027771,0.11805224418640137,odometry_only,0,-180,0.35143798099989,False,,,N/A,False,37,-0.4,0.17,9.72,0.004417144191916142,-0.07412129581518895,-0.05758804846780699,0.0712452846762743,0.013848752528854126,-0.059684021708130586,2.242127318380393,0.5754900019989463,-1.7999617920404527,33.31905007740418,9.095603944295076,-26.83949283182363,-0.41000000000000003,0.26,9.790000000000001,-2.375,-1.5,260.5,0.0,0.0,-0.1875,-2.375,-1.5,260.6875,0.64605712890625,-0.007568359375,0.02392578125,0.76287841796875,-0.002181661564992912,0.0,0.001090830782496456,23.375,-5.1875,-40.5,,,False,,,False,,,,,,,,,,,,,,
325.62423753738403,29.66836428642273,0.11961483955383301,odometry_only,0,-180,0.4710652519997893,False,,,N/A,False,37,-0.4,0.16,9.74,0.005767980820119324,-0.08165478198871468,-0.05903642362818335,0.07842285886167101,0.016348857049938683,-0.06138926958593996,2.251078583868199,0.5772960431112846,-1.80720287319665,33.587777128944076,9.164549103207955,-27.055228043161925,-0.41000000000000003,0.26,9.790000000000001,-2.375,-1.5,260.5,0.0,0.0,-0.1875,-2.375,-1.5,260.6875,0.64605712890625,-0.007568359375,0.02392578125,0.76287841796875,0.0,-0.001090830782496456,0.001090830782496456,22.6875,-5.1875,-40.75,,,False,,,False,,,,,,,,,,,,,,
325.7394244670868,29.78355121612549,0.11517524719238281,odometry_only,0,-180,0.58625009699972,False,,,N/A,False,37,-0.4,0.16,9.73,0.008270764135922816,-0.08659007918790564,-0.059606275220149205,0.08286521583003091,0.01959840073808706,-0.06219657621390229,2.260366780804099,0.5793661602620966,-1.8143198883663882,33.847580546479605,9.231158530803762,-27.263782932799856,-0.41000000000000003,0.26,9.790000000000001,-2.375,-1.5,260.5,0.0,0.0,-0.1875,-2.375,-1.5,260.6875,0.64605712890625,-0.007568359375,0.02392578125,0.76287841796875,0.001090830782496456,0.002181661564992912,0.0,22.6875,-5.1875,-40.5,,,False,,,False,,,,,,,,,,,,,,
325.85714077949524,29.901267528533936,0.11770415306091309,odometry_only,0,-180,0.0,True,,,N/A,False,37,-0.38,0.16,9.75,0.009302478281775833,-0.09260207446265721,-0.053874882389666694,0.0887342128250026,0.02186671939398927,-0.05667688511856064,2.2704657635118877,0.5818064686854542,-1.8213158384101666,34.11422945012437,9.299495951227655,-27.477747644828973,-0.41000000000000003,0.26,9.790000000000001,-2.375,-1.5,260.5,0.0,0.0,-0.1875,-2.375,-1.5,260.6875,0.64605712890625,-0.007568359375,0.02392578125,0.76287841796875,0.004363323129985824,0.001090830782496456,-0.002181661564992912,21.875,-4.5,-40.0,,,False,,,False,,,,,,,,,,,,,,
325.9760591983795,30.020185947418213,0.11890625953674316,odometry_only,0,-180,0.11843157999965115,True,,,N/A,False,37,-0.41000000000000003,0.19,9.71,0.009720344763866125,-0.08904633145038765,-0.04356590364485031,0.08535861097594977,0.022172189934359966,-0.04630360389067179,2.280816126757068,0.58442471967661,-1.8274383507868428,34.38481740295897,9.368832045409267,-27.694677501132194,-0.41000000000000003,0.26,9.790000000000001,-2.375,-1.5,260.5,0.0,0.0,-0.1875,-2.375,-1.5,260.6875,0.64605712890625,-0.007568359375,0.02392578125,0.76287841796875,0.001090830782496456,0.001090830782496456,-0.001090830782496456,21.5,-4.5,-41.6875,,,False,,,False,,,,,,,,,,,,,,
326.0923159122467,30.1364426612854,0.11624503135681152,odometry_only,0,-180,0.2346890649996567,True,,,N/A,False,37,-0.43,-1.2,-0.01,0.005928858427960779,-0.08763370418180597,-0.0434278442147327,0.08459431986657193,0.018210816226785984,-0.045966970127348135,2.290694218644554,0.5867718815853524,-1.8328013486718606,34.65052508468357,9.436904938228611,-27.907419840450707,-0.41000000000000003,0.26,9.790000000000001,-2.375,-1.5,260.5,0.0,0.0,-0.1875,-2.375,-1.5,260.6875,0.64605712890625,-0.007568359375,0.02392578125,0.76287841796875,0.001090830782496456,0.00545415391248228,0.0,21.1875,-5.1875,-40.5,,,False,,,False,,,,,,,,,,,,,,
326.20872044563293,30.25284719467163,0.11639237403869629,odometry_only,0,-180,0.3510906769997746,False,,,N/A,False,37,-0.35000000000000003,0.13,9.73,0.01230636507520378,-0.09299865175870907,-0.047331244822705364,0.08875603776384201,0.02519456727343571,-0.05027963929003953,2.300782548477084,0.5892979094011779,-1.838402534353493,34.917731525317976,9.50534771573267,-28.121069908213407,-0.41000000000000003,0.26,9.790000000000001,-2.375,-1.5,260.5,0.0,0.0,-0.1875,-2.375,-1.5,260.6875,0.64605712890625,-0.007568359375,0.02392578125,0.76287841796875,-0.003272492347489368,0.001090830782496456,-0.002181661564992912,22.25,-4.5,-40.0,,,False,,,False,,,,,,,,,,,,,,
326.32745909690857,30.371585845947266,0.11872649192810059,odometry_only,0,-180,0.4698314339998433,False,,,N/A,False,37,-0.46,0.18,9.73,0.0009470283252473385,-0.09319902883928771,-0.052920451749210035,0.09072089989277746,0.013775707213909078,-0.055384819815333684,2.3114368820720683,0.5916113113908567,-1.8446751196290236,35.19152784181384,9.575450320267763,-28.339709352891468,-0.41000000000000003,0.26,9.790000000000001,-2.375,-1.5,260.5,0.0,0.0,-0.1875,-2.375,-1.5,260.6875,0.64605712890625,-0.007568359375,0.02392578125,0.76287841796875,-0.003272492347489368,-0.004363323129985824,-0.002181661564992912,22.6875,-4.0625,-41.25,,,False,,,False,,,,,,,,,,,,,,
326.44441771507263,30.488544464111328,0.11694669723510742,odometry_only,0,-180,0.586792012999922,False,,,N/A,False,37,-0.36,0.16,9.71,0.006334229014567155,-0.09526253478685022,-0.059116901364118055,0.09174621242886108,0.019135824062096397,-0.06185736625934285,2.32210634514209,0.593535758832696,-1.8515306628480523,35.462466630273234,9.644749838068016,-28.55583888217247,-0.41000000000000003,0.26,9.790000000000001,-2.375,-1.5,260.5,0.0,0.0,-0.1875,-2.375,-1.5,260.6875,0.64605712890625,-0.007568359375,0.02392578125,0.76287841796875,-0.001090830782496456,-0.001090830782496456,0.0,21.1875,-5.1875,-40.5,,,False,,,False,,,,,,,,,,,,,,
326.56168484687805,30.605811595916748,0.11725521087646484,odometry_only,0,-180,0.0,True,,,N/A,False,37,-0.41000000000000003,0.14,9.700000000000001,-0.003396235682841536,-0.09411329005537897,-0.0675857730369833,0.09205552067545829,0.008967265339885035,-0.06987168070371778,2.332882200629393,0.5951833756697508,-1.859253621438157,35.73537746205422,9.714441594462503,-28.773393279057995,-0.41000000000000003,0.26,9.790000000000001,-2.375,-1.5,260.5,0.0,0.0,-0.1875,-2.375,-1.5,260.6875,0.64605712890625,-0.007568359375,0.02392578125,0.76287841796875,0.001090830782496456,-0.004363323129985824,0.001090830782496456,23.0,-5.1875,-40.875,,,False,,,False,,,,,,,,,,,,,,
326.67969036102295,30.723817110061646,0.11799383163452148,odometry_only,0,-180,0.11754395399975692,True,,,N/A,False,37,-0.46,0.21,9.72,-0.001367930686612842,-0.08966600640522852,-0.07699055474541147,0.087153084443651,0.00980088580005486,-0.07923188732148304,2.3434549556193343,0.5962906387025995,-1.8680502720889929,36.01126693159455,9.784734886586882,-28.993292713089765,-0.41000000000000003,0.26,9.790000000000001,-2.375,-1.5,260.5,0.0,0.0,-0.1875,-2.375,-1.5,260.6875,0.64605712890625,-0.007568359375,0.02392578125,0.76287841796875,-0.001090830782496456,0.001090830782496456,0.003272492347489368,22.25,-4.875,-40.0,,,False,,,False,,,,,,,,,,,,,,
326.79700350761414,30.841130256652832,0.11730122566223145,odometry_only,0,-180,0.2348554499999409,True,,,N/A,False,37,-0.41000000000000003,0.18,9.75,-0.0065109569500941475,-0.0839069557071564,-0.07878359595267495,0.08228859952347543,0.00370522592104142,-0.08065037171037805,2.3533928142231426,0.5970827804320072,-1.8774274645620348,36.28673993167027,9.854726968955491,-29.21296727768965,-0.41000000000000003,0.26,9.790000000000001,-2.375,-1.5,260.5,0.0,0.0,-0.1875,-2.375,-1.5,260.6875,0.64605712890625,-0.007568359375,0.02392578125,0.76287841796875,-0.002181661564992912,-0.002181661564992912,0.0,21.875,-4.875,-41.6875,,,False,,,False,,,,,,,,,,,,,,
326.91501569747925,30.959142446517944,0.11799979209899902,odometry_only,0,-180,0.35287024399985967,False,,,N/A,False,37,-0.44,0.14,9.74,-0.00859473089714707,-0.07161969593825365,-0.06955617907623983,0.07069507241054983,6.296881285888616e-05,-0.0710177095164576,2.362418834964521,0.5973051035296016,-1.886375865588445,36.56497232876136,9.925195729952009,-29.435031282919287,-0.41000000000000003,0.26,9.790000000000001,-2.375,-1.5,260.5,0.0,0.0,-0.1875,-2.375,-1.5,260.6875,0.64605712890625,-0.007568359375,0.02392578125,0.76287841796875,-0.002181661564992912,0.0,-0.002181661564992912,21.875,-4.5,-40.0,,,False,,,False,,,,,,,,,,,,,,
327.0316867828369,31.07581353187561,0.11664652824401855,odometry_only,0,-180,0.46958253399998284,False,,,N/A,False,37,-0.36,0.18,9.74,0.006422057709571858,-0.07065685801725284,-0.05991241156475387,0.06745300903547671,0.0151482972102425,-0.061998001042693394,2.3704760820066464,0.5981922742154971,-1.8941337760077632,36.84101020906558,9.994921039271405,-29.655522945261904,-0.41000000000000003,0.26,9.790000000000001,-2.375,-1.5,260.5,0.0,0.0,-0.1875,-2.375,-1.5,260.6875,0.64605712890625,-0.007568359375,0.02392578125,0.76287841796875,-0.002181661564992912,0.0,0.0,22.6875,-5.1875,-41.25,,,False,,,False,,,,,,,,,,,,,,
327.1539125442505,31.198039293289185,0.12220954895019531,odometry_only,0,-180,0.5917932600000313,False,,,N/A,False,37,-0.42,0.15,9.72,0.010607777259687895,-0.07429661642448834,-0.05189030734058482,0.07050639055919962,0.02024124094188085,-0.054261009959872555,2.378906060005599,0.6003547439630605,-1.901237756655773,37.131220133749295,10.068157984515008,-29.887438266814517,-0.41000000000000003,0.26,9.790000000000001,-2.375,-1.5,260.5,0.0,0.0,-0.1875,-2.375,-1.5,260.6875,0.64605712890625,-0.007568359375,0.02392578125,0.76287841796875,0.0,-0.004363323129985824,0.001090830782496456,23.0,-5.5625,-40.5,,,False,,,False,,,,,,,,,,,,,,
327.2749092578888,31.31903600692749,0.12097692489624023,odometry_only,0,-180,0.0,True,,,N/A,False,37,-0.41000000000000003,0.18,9.73,0.012251866834742138,-0.07773696886108034,-0.05276075870063952,0.07361056021027972,0.02238546083975643,-0.05529212236686574,2.3876234727703562,0.6029331676130664,-1.9078644571865928,37.41954017640047,10.140943020168656,-30.117845003037573,-0.41000000000000003,0.26,9.790000000000001,-2.375,-1.5,260.5,0.0,0.0,-0.1875,-2.375,-1.5,260.6875,0.64605712890625,-0.007568359375,0.02392578125,0.76287841796875,0.001090830782496456,-0.002181661564992912,0.0,22.25,-4.875,-41.25,,,False,,,False,,,,,,,,,,,,,,
327.3955948352814,31.43972158432007,0.1206657886505127,odometry_only,0,-180,0.11961197699974946,True,,,N/A,False,37,-0.41000000000000003,0.15,9.74,0.0028602874741591403,-0.08512662243629557,-0.06114040328880612,0.08228572553665521,0.013956001709593482,-0.06345991959774597,2.397029146904026,0.6051257532326816,-1.9150291115853522,37.708212117286344,10.213828711378726,-30.348491236738994,-0.41000000000000003,0.26,9.790000000000001,-2.375,-1.5,260.5,0.0,0.0,-0.1875,-2.375,-1.5,260.6875,0.64605712890625,-0.007568359375,0.02392578125,0.76287841796875,-0.003272492347489368,-0.002181661564992912,-0.001090830782496456,22.6875,-4.875,-40.5,,,False,,,False,,,,,,,,,,,,,,
327.5168435573578,31.560970306396484,0.12122821807861328,odometry_only,0,-180,0.24086380099970484,True,,,N/A,False,37,-0.4,0.17,9.74,0.003145869554449664,-0.08806872472023361,-0.062464295067799644,0.08511409704014077,0.014658862456740895,-0.06487290007341197,2.407175938002857,0.6068602177294047,-1.9228078911102213,37.99941472815008,10.287292161176731,-30.58111830729547,-0.41000000000000003,0.26,9.790000000000001,-2.375,-1.5,260.5,0.0,0.0,-0.1875,-2.375,-1.5,260.6875,0.64605712890625,-0.007568359375,0.02392578125,0.76287841796875,0.001090830782496456,0.001090830782496456,-0.003272492347489368,22.25,-5.1875,-40.5,,,False,,,False,,,,,,,,,,,,,,
327.6372184753418,31.681345224380493,0.12035632133483887,odometry_only,0,-180,0.3612392949999048,False,,,N/A,False,37,-0.41000000000000003,0.19,9.73,0.00325871916573784,-0.0852181096281274,-0.06499404243683601,0.08223552069789611,0.01418525005832537,-0.06732806864750102,2.4172467301867275,0.6085960033666454,-1.930763502246297,38.28973961060393,10.360436080934065,-30.81301914574825,-0.41000000000000003,0.26,9.790000000000001,-2.375,-1.5,260.5,0.0,0.0,-0.1875,-2.375,-1.5,260.6875,0.64605712890625,-0.007568359375,0.02392578125,0.76287841796875,-0.003272492347489368,0.00545415391248228,0.0,22.25,-5.1875,-41.25,,,False,,,False,,,,,,,,,,,,,,
327.7601566314697,31.804283380508423,0.12291884422302246,odometry_only,0,-180,0.48417852099964875,False,,,N/A,False,37,-0.39,0.15,9.72,0.00532740355832125,-0.08002723254342473,-0.06196257037273695,0.07683402772823403,0.015512250661479047,-0.06424952581071224,2.4270230527085364,0.6104211945990408,-1.9388501851645217,38.58746563201293,10.43535617346503,-31.050843366771314,-0.41000000000000003,0.26,9.790000000000001,-2.375,-1.5,260.5,0.0,0.0,-0.1875,-2.375,-1.5,260.6875,0.64605712890625,-0.007568359375,0.02392578125,0.76287841796875,0.0,0.004363323129985824,0.0,21.5,-5.1875,-40.5,,,False,,,False,,,,,,,,,,,,,,
327.8843684196472,31.928495168685913,0.12420201301574707,odometry_only,0,-180,0.6083585309997943,False,,,N/A,False,37,-0.43,0.16,9.75,4.8751693748607695e-05,-0.07594735296866717,-0.05873475819897344,0.07374498204059776,0.009790850691344203,-0.06069259828791777,2.4363741607741396,0.6119925426608218,-1.9466092168262783,38.88948749401779,10.511269296917918,-31.292134306380422,-0.41000000000000003,0.26,9.790000000000001,-2.375,-1.5,260.5,0.0,0.0,-0.1875,-2.375,-1.5,260.6875,0.64605712890625,-0.007568359375,0.02392578125,0.76287841796875,-0.003272492347489368,-0.00545415391248228,-0.001090830782496456,22.25,-4.5,-40.5,,,False,,,False,,,,,,,,,,,,,,
328.0022466182709,32.04637336730957,0.11786651611328125,odometry_only,0,-180,0.0,True,,,N/A,False,37,-0.4,0.15,9.73,1.964879542847169e-05,-0.07836662839094258,-0.05750018657789633,0.07615930934257037,0.01021626460120063,-0.059523002494775656,2.4452085090620215,0.6131716271493263,-1.9536939138496388,39.17717506522407,10.583472213099089,-31.52199187727967,-0.41000000000000003,0.26,9.790000000000001,-2.375,-1.5,260.5,0.0,0.0,-0.1875,-2.375,-1.5,260.6875,0.64605712890625,-0.007568359375,0.02392578125,0.76287841796875,-0.001090830782496456,-0.001090830782496456,-0.002181661564992912,22.25,-5.5625,-40.0,,,False,,,False,,,,,,,,,,,,,,
328.12176847457886,32.165895223617554,0.11950993537902832,odometry_only,0,-180,0.11906634299975849,True,,,N/A,False,37,-0.37,0.14,9.73,7.853844114368785e-06,-0.07734616045199552,-0.054998871353175535,0.07520343213501504,0.010152976767415577,-0.0569970640151435,2.454253184788411,0.6143887905091678,-1.960656566659119,39.46994224043611,10.656825046193198,-31.755893763767904,-0.41000000000000003,0.26,9.790000000000001,-2.375,-1.5,260.5,0.0,0.0,-0.1875,-2.375,-1.5,260.6875,0.64605712890625,-0.007568359375,0.02392578125,0.76287841796875,0.0,0.0,-0.002181661564992912,21.5,-6.0,-40.0,,,False,,,False,,,,,,,,,,,,,,
328.23878145217896,32.28290820121765,0.11700010299682617,odometry_only,0,-180,0.23607803400000194,True,,,N/A,False,37,-0.36,0.16,9.73,0.005955033384390857,-0.07694173566929026,-0.06194337281322025,0.07368820962278898,0.01562531893912429,-0.06417454103091265,2.4629633534989255,0.6158968221355418,-1.9677451117944587,39.75759966115477,10.72879681789067,-31.98570546426389,-0.41000000000000003,0.26,9.790000000000001,-2.375,-1.5,260.5,0.0,0.0,-0.1875,-2.375,-1.5,260.6875,0.64605712890625,-0.007568359375,0.02392578125,0.76287841796875,-0.001090830782496456,0.0,0.001090830782496456,22.6875,-4.5,-40.0,,,False,,,False,,,,,,,,,,,,,,
328.35617423057556,32.40030097961426,0.11738109588623047,odometry_only,0,-180,0.3534712330001639,False,,,N/A,False,37,-0.39,0.17,9.700000000000001,0.008365705945394914,-0.07876436478021778,-0.0667448685829163,0.0749944631546204,0.018077522613769128,-0.06912106299562923,2.4716896210338786,0.617874860373521,-1.9755683038331848,40.047217148139225,10.801207553973827,-32.217140689338514,-0.41000000000000003,0.26,9.790000000000001,-2.375,-1.5,260.5,0.0,0.0,-0.1875,-2.375,-1.5,260.6875,0.64605712890625,-0.007568359375,0.02392578125,0.76287841796875,0.003272492347489368,-0.004363323129985824,0.002181661564992912,21.1875,-4.875,-41.6875,,,False,,,False,,,,,,,,,,,,,,
328.47408151626587,32.518208265304565,0.11789560317993164,odometry_only,0,-180,0.4713790309997421,False,,,N/A,False,37,-0.41000000000000003,0.16,9.74,0.011331484586797702,-0.07950206514645151,-0.06669818038454352,0.07523312807598191,0.02112308639476524,-0.06922008258563947,2.4805452072750787,0.6201856500955619,-1.983723210234638,40.3391405042253,10.87418849930133,-32.450532219946616,-0.41000000000000003,0.26,9.790000000000001,-2.375,-1.5,260.5,0.0,0.0,-0.1875,-2.375,-1.5,260.6875,0.64605712890625,-0.007568359375,0.02392578125,0.76287841796875,0.002181661564992912,-0.001090830782496456,-0.001090830782496456,23.0,-4.875,-40.5,,,False,,,False,,,,,,,,,,,,,,
328.5913190841675,32.63544583320618,0.11722564697265625,odometry_only,0,-180,0.5886142340000333,False,,,N/A,False,37,-0.4,0.19,9.73,0.006567391099204467,-0.07979865971160283,-0.056751920317230614,0.07650481942080155,0.016937751756532008,-0.05909198209686346,2.4894389968078854,0.6224165032838657,-1.99124394263304,40.63044531110905,10.947020919981089,-32.6835162680416,-0.41000000000000003,0.26,9.790000000000001,-2.375,-1.5,260.5,0.0,0.0,-0.1875,-2.375,-1.5,260.6875,0.64605712890625,-0.007568359375,0.02392578125,0.76287841796875,0.001090830782496456,-0.001090830782496456,0.002181661564992912,22.25,-5.1875,-40.5,,,False,,,False,,,,,,,,,,,,,,
328.70921206474304,32.75333881378174,0.11788082122802734,odometry_only,0,-180,0.0,True,,,N/A,False,37,-0.37,0.14,9.69,0.006626657718275866,-0.08190882800815333,-0.0487411448204923,0.07873098702930463,0.017713153471105945,-0.051150207937965875,2.4985886589820523,0.6244588418661299,-1.997741662580681,40.924441709295365,11.020512264808719,-32.918628717546284,-0.41000000000000003,0.26,9.790000000000001,-2.375,-1.5,260.5,0.0,0.0,-0.1875,-2.375,-1.5,260.6875,0.64605712890625,-0.007568359375,0.02392578125,0.76287841796875,0.001090830782496456,0.001090830782496456,0.0,23.0,-5.5625,-41.25,,,False,,,False,,,,,,,,,,,,,,
328.8269591331482,32.87108588218689,0.11773467063903809,odometry_only,0,-180,0.11724985199998628,True,,,N/A,False,37,-0.42,0.15,9.71,0.0026725809176327544,-0.088725744376194,-0.05347024407342634,0.08601430889871335,0.01471658517657929,-0.05588763897822138,2.5082867755597604,0.6263678941654275,-2.0040426954069757,41.2191831244036,11.094145101705308,-33.15420309922435,-0.41000000000000003,0.26,9.790000000000001,-2.375,-1.5,260.5,0.0,0.0,-0.1875,-2.375,-1.5,260.6875,0.64605712890625,-0.007568359375,0.02392578125,0.76287841796875,0.003272492347489368,-0.001090830782496456,0.0,22.6875,-4.5,-40.875,,,False,,,False,,,,,,,,,,,,,,
328.94415616989136,32.988282918930054,0.11718535423278809,odometry_only,0,-180,0.23444214900018778,True,,,N/A,False,37,-0.36,0.18,9.73,0.007036546506055883,-0.08749942660082749,-0.06132959174275398,0.08393231352372142,0.018451692865248923,-0.06388961764246688,2.51824440313438,0.6283113123712392,-2.011060765530039,41.51370104277231,11.167660115338565,-33.389458759899945,-0.41000000000000003,0.26,9.790000000000001,-2.375,-1.5,260.5,0.0,0.0,-0.1875,-2.375,-1.5,260.6875,0.64605712890625,-0.007568359375,0.02392578125,0.76287841796875,-0.001090830782496456,0.0,0.0,22.25,-4.875,-40.75,,,False,,,False,,,,,,,,,,,,,,
329.0647020339966,33.10882878303528,0.12053418159484863,odometry_only,0,-180,0.35498693699992145,False,,,N/A,False,37,-0.4,0.14,9.700000000000001,0.006813755064230936,-0.09302117289334341,-0.060528732572122025,0.089429521379605,0.019175226956595254,-0.06322787920129794,2.5286924165793065,0.6305789773645697,-2.0187217672542634,41.81786524233486,11.24352977073407,-33.63232202969713,-0.41000000000000003,0.26,9.790000000000001,-2.375,-1.5,260.5,0.0,0.0,-0.1875,-2.375,-1.5,260.6875,0.64605712890625,-0.007568359375,0.02392578125,0.76287841796875,-0.003272492347489368,-0.00545415391248228,-0.002181661564992912,21.1875,-4.875,-42.0625,,,False,,,False,,,,,,,,,,,,,,
329.1842179298401,33.228344678878784,0.11950373649597168,odometry_only,0,-180,0.47450195500005066,False,,,N/A,False,37,-0.39,0.18,9.75,0.012728224659008825,-0.09120763432329983,-0.0562095047400583,0.08674834133315515,0.02490546354620654,-0.0591167645126203,2.539219373020331,0.6332128809757733,-2.0260320882863043,42.12068243987943,11.3190436953465,-33.87400362916892,-0.41000000000000003,0.26,9.790000000000001,-2.375,-1.5,260.5,0.0,0.0,-0.1875,-2.375,-1.5,260.6875,0.64605712890625,-0.007568359375,0.02392578125,0.76287841796875,-0.002181661564992912,0.003272492347489368,0.0,21.1875,-5.5625,-40.5,,,False,,,False,,,,,,,,,,,,,,
329.30028676986694,33.34441351890564,0.11605715751647949,odometry_only,0,-180,0.5905701699998644,False,,,N/A,False,37,-0.41000000000000003,0.12,9.75,0.01110974841833319,-0.1023559088077323,-0.05054836659316883,0.09811835543306836,0.02540188688538224,-0.05369197717336515,2.5499469246934057,0.6361321450224111,-2.0325782192378474,42.41599952720009,11.392701983159014,-34.109519017048086,-0.41000000000000003,0.26,9.790000000000001,-2.375,-1.5,260.5,0.0,0.0,-0.1875,-2.375,-1.5,260.6875,0.64605712890625,-0.007568359375,0.02392578125,0.76287841796875,0.0,0.001090830782496456,0.0,23.0,-4.5,-40.75,,,False,,,False,,,,,,,,,,,,,,
329.41676807403564,33.46089482307434,0.11646914482116699,odometry_only,0,-180,0.0,True,,,N/A,False,37,-0.43,0.18,9.73,0.00648986549707773,-0.09699569566526277,-0.05022258801387788,0.09360181886113353,0.01998521988961543,-0.05302718331593159,2.561111667065911,0.6387752437784066,-2.038792963916958,42.713639838856636,11.466945669808924,-34.34661357702388,-0.41000000000000003,0.26,9.790000000000001,-2.375,-1.5,260.5,0.0,0.0,-0.1875,-2.375,-1.5,260.6875,0.64605712890625,-0.007568359375,0.02392578125,0.76287841796875,0.0,0.001090830782496456,-0.001090830782496456,23.375,-4.875,-40.75,,,False,,,False,,,,,,,,,,,,,,
329.5360071659088,33.58013391494751,0.11922669410705566,odometry_only,0,-180,0.11877890699997806,True,,,N/A,False,37,-0.43,0.18,9.71,-0.0033994250166740165,-0.0987974349434397,-0.05008909768707636,0.09701387701644042,0.010542503452393479,-0.052522092838613324,2.5724749066981105,0.6405951035447478,-2.0450851095476077,43.01967011690776,11.543213218333891,-34.590067217941616,-0.41000000000000003,0.26,9.790000000000001,-2.375,-1.5,260.5,0.0,0.0,-0.1875,-2.375,-1.5,260.6875,0.64605712890625,-0.007568359375,0.02392578125,0.76287841796875,-0.004363323129985824,0.001090830782496456,0.0,23.0,-5.1875,-40.875,,,False,,,False,,,,,,,,,,,,,,
329.6535818576813,33.69770860671997,0.11756205558776855,odometry_only,0,-180,0.23637186099995233,True,,,N/A,False,37,-0.37,0.19,9.77,-0.0033600119458213214,-0.08559998718559197,-0.05599935863564082,0.08387909499711853,0.00814237826608662,-0.05807387323649957,2.583107981513758,0.6416934200963672,-2.0515860541033604,43.32272057795342,11.61858745568182,-34.830873759474585,-0.41000000000000003,0.26,9.790000000000001,-2.375,-1.5,260.5,0.0,0.0,-0.1875,-2.375,-1.5,260.6875,0.64605712890625,-0.007568359375,0.02392578125,0.76287841796875,0.001090830782496456,0.002181661564992912,0.0,22.25,-4.5,-42.1875,,,False,,,False,,,,,,,,,,,,,,
329.7716221809387,33.81574892997742,0.11802840232849121,odometry_only,0,-180,0.35439236100000926,False,,,N/A,False,37,-0.39,0.13,9.69,0.0006378694634810804,-0.09021905276585439,-0.0683437758308642,0.08753472582908932,0.012268272939678384,-0.07069594972375433,2.5932238312183276,0.6428979383725175,-2.059185302339421,43.62819766484287,11.694396588524354,-35.073467647243916,-0.41000000000000003,0.26,9.790000000000001,-2.375,-1.5,260.5,0.0,0.0,-0.1875,-2.375,-1.5,260.6875,0.64605712890625,-0.007568359375,0.02392578125,0.76287841796875,0.0,-0.003272492347489368,0.0,22.25,-5.1875,-41.25,,,False,,,False,,,,,,,,,,,,,,
329.8886811733246,33.93280792236328,0.11704730987548828,odometry_only,0,-180,0.47145270000009987,False,,,N/A,False,37,-0.42,0.18,9.72,0.008195258124489726,-0.08810437915481138,-0.07329824787490444,0.08410573472337482,0.019138744538776734,-0.07590856913177498,2.6032688583050554,0.6447359918260503,-2.0677651346132357,43.932315409891046,11.769753632341427,-35.31499187056131,-0.41000000000000003,0.26,9.790000000000001,-2.375,-1.5,260.5,0.0,0.0,-0.1875,-2.375,-1.5,260.6875,0.64605712890625,-0.007568359375,0.02392578125,0.76287841796875,0.001090830782496456,0.003272492347489368,0.0,21.875,-5.1875,-40.0,,,False,,,False,,,,,,,,,,,,,,
330.00646018981934,34.05058693885803,0.1177666187286377,odometry_only,0,-180,0.0,True,,,N/A,False,37,-0.39,0.18,9.75,0.009272251856914647,-0.09520318329263242,-0.07331918539474584,0.09092753472810032,0.021363760681645933,-0.07616493201142639,2.6135753964592148,0.6471209133709744,-2.076719725627166,44.2395004640498,11.845822442144575,-35.559032854742576,-0.41000000000000003,0.26,9.790000000000001,-2.375,-1.5,260.5,0.0,0.0,-0.1875,-2.375,-1.5,260.6875,0.64605712890625,-0.007568359375,0.02392578125,0.76287841796875,0.003272492347489368,-0.003272492347489368,0.002181661564992912,21.875,-5.1875,-41.6875,,,False,,,False,,,,,,,,,,,,,,
330.1258497238159,34.169976472854614,0.11937737464904785,odometry_only,0,-180,0.11893869999994422,True,,,N/A,False,37,-0.44,0.18,9.76,0.007708842242195413,-0.08608093197534641,-0.06732744995565604,0.08230639287949915,0.018603798368980344,-0.06987055884564328,2.623915502198184,0.6495065245062717,-2.085436392379217,44.5521194206648,11.923216431860428,-35.807466489866115,-0.41000000000000003,0.26,9.790000000000001,-2.375,-1.5,260.5,0.0,0.0,-0.1875,-2.375,-1.5,260.6875,0.64605712890625,-0.007568359375,0.02392578125,0.76287841796875,0.002181661564992912,0.001090830782496456,0.001090830782496456,22.6875,-5.5625,-40.5,,,False,,,False,,,,,,,,,,,,,,
330.2425079345703,34.28663468360901,0.11664628982543945,odometry_only,0,-180,0.2355952900002194,True,,,N/A,False,37,-0.4,0.15,9.72,0.005107797003077187,-0.08642912517115024,-0.06693464370986511,0.08308680289804253,0.016116141440548164,-0.06937710692938749,2.6335617535230957,0.6515315005871437,-2.0935577541689723,44.858752028525565,11.99909706113491,-36.05119857106465,-0.41000000000000003,0.26,9.790000000000001,-10.375,-1.5,260.5,-8.0,0.0,-0.1875,-2.375,-1.5,260.6875,0.64605712890625,-0.007568359375,0.02392578125,0.76287841796875,0.002181661564992912,-0.002181661564992912,0.001090830782496456,22.6875,-4.5,-40.5,,,False,,,False,,,,,,,,,,,,,,
330.359582901001,34.40370965003967,0.11706399917602539,odometry_only,0,-180,0.3526710730002378,False,,,N/A,False,37,-0.44,0.14,9.73,-0.0019017407117920956,-0.08855492745734847,-0.06479072262646861,0.08638188026292591,0.009657243285409237,-0.0669950591278124,2.6434810944160545,0.6530400683313051,-2.101539889736449,45.16762789832706,12.075456243669377,-36.2967460246294,-0.41000000000000003,0.26,9.790000000000001,-2.375,-1.5,260.5,0.0,0.0,-0.1875,-2.375,-1.5,260.6875,0.64605712890625,-0.007568359375,0.02392578125,0.76287841796875,0.003272492347489368,0.002181661564992912,0.0,21.875,-4.875,-39.5625,,,False,,,False,,,,,,,,,,,,,,
330.47806334495544,34.52219009399414,0.11846923828125,odometry_only,0,-180,0.4711506920002648,False,,,N/A,False,37,-0.42,0.18,9.72,-0.0067460252248504075,-0.09540123673148196,-0.06790685176073437,0.09387240564401401,0.005862976463536616,-0.07008453686711953,2.6541583883902176,0.6539594026371127,-2.1096597473971594,45.48143155543543,12.152875859549189,-36.546194831260145,-0.41000000000000003,0.26,9.790000000000001,-2.375,-1.5,260.5,0.0,0.0,-0.1875,-2.375,-1.5,260.6875,0.64605712890625,-0.007568359375,0.02392578125,0.76287841796875,-0.001090830782496456,0.002181661564992912,0.0,23.0,-5.1875,-40.0,,,False,,,False,,,,,,,,,,,,,,
330.5955169200897,34.63964366912842,0.11744213104248047,odometry_only,0,-180,0.5886039840002013,False,,,N/A,False,37,-0.41000000000000003,0.14,9.72,-0.008685698876260405,-0.09615555146118673,-0.06518060653731829,0.0949892805955766,0.004201645702385058,-0.06729952195724088,2.6652485478423444,0.6545504079747644,-2.117727085716959,45.79379279867208,12.229712949873315,-36.79443149047107,-0.41000000000000003,0.26,9.790000000000001,-2.375,-1.5,260.5,0.0,0.0,-0.1875,-2.375,-1.5,260.6875,0.64605712890625,-0.007568359375,0.02392578125,0.76287841796875,-0.002181661564992912,-0.002181661564992912,0.0,22.6875,-4.875,-40.5,,,False,,,False,,,,,,,,,,,,,,
330.71236538887024,34.756492137908936,0.1168367862701416,odometry_only,0,-180,0.0,True,,,N/A,False,37,-0.38,0.21,9.66,0.00044663739924354767,-0.08456261165784096,-0.07796156369914835,0.08180229595202644,0.010706593335458751,-0.08014233229638242,2.675576427664071,0.6554213233438287,-2.126340401923311,46.10579521175682,12.306239393469314,-37.04236309345581,-0.41000000000000003,0.26,9.790000000000001,-2.375,-1.5,260.5,0.0,0.0,-0.1875,-2.375,-1.5,260.6875,0.64605712890625,-0.007568359375,0.02392578125,0.76287841796875,-0.002181661564992912,-0.001090830782496456,-0.001090830782496456,21.5,-5.1875,-40.5,,,False,,,False,,,,,,,,,,,,,,
330.83034682273865,34.874473571777344,0.11796975135803223,odometry_only,0,-180,0.11752136499990229,True,,,N/A,False,37,-0.35000000000000003,0.12,9.72,0.0161045154893937,-0.08780966996284856,-0.07718828691646043,0.08243390245860388,0.026703816140810445,-0.08012167699314275,2.6852638794093164,0.6576279716958876,-2.135793554587074,46.4220037108046,12.383689442897651,-37.29376453500789,-0.41000000000000003,0.26,9.790000000000001,-2.375,-1.5,260.5,0.0,0.0,-0.1875,-2.375,-1.5,260.6875,0.64605712890625,-0.007568359375,0.02392578125,0.76287841796875,0.002181661564992912,0.003272492347489368,0.0,21.875,-4.875,-40.0,,,False,,,False,,,,,,,,,,,,,,
330.94760608673096,34.99173283576965,0.11724734306335449,odometry_only,0,-180,0.2347798849996252,True,,,N/A,False,37,-0.4,0.21,9.75,0.02239632460414854,-0.0911000825840989,-0.06694932910635935,0.08483800080445546,0.03391730310927415,-0.07025071700482838,2.6950699725226883,0.6611818042786872,-2.144608936420243,46.73741863527103,12.46100291401715,-37.544697444664074,-0.41000000000000003,0.26,9.790000000000001,-2.375,-1.5,260.5,0.0,0.0,-0.1875,-2.375,-1.5,260.6875,0.64605712890625,-0.007568359375,0.02392578125,0.76287841796875,-0.002181661564992912,0.002181661564992912,0.0,22.6875,-5.1875,-41.25,,,False,,,False,,,,,,,,,,,,,,
331.0662386417389,35.11036539077759,0.1186211109161377,odometry_only,0,-180,0.3534134259998609,False,,,N/A,False,37,-0.38,0.16,9.700000000000001,0.0229571208268727,-0.10041662498367372,-0.05281524389148122,0.09420605302958625,0.0366527111049106,-0.05640723622315485,2.7056891748070497,0.6653673510204143,-2.1521210899793766,47.0577406601944,12.539681281260373,-37.7995388891832,-0.41000000000000003,0.26,9.790000000000001,-2.375,-1.5,260.5,0.0,0.0,-0.1875,-2.375,-1.5,260.6875,0.64605712890625,-0.007568359375,0.02392578125,0.76287841796875,-0.001090830782496456,-0.002181661564992912,0.0,20.75,-5.5625,-40.5,,,False,,,False,,,,,,,,,,,,,,
331.18366980552673,35.22779655456543,0.11741971969604492,odometry_only,0,-180,0.47084247899965703,False,,,N/A,False,37,-0.39,0.16,9.72,0.015234058960014646,-0.0961946453967332,-0.047163573058504535,0.09142742068970965,0.02861155528714594,-0.050321910030550185,2.716587690032211,0.669199006953376,-2.1583871431976305,47.37608177498628,12.6180334850949,-38.052608223426766,-0.41000000000000003,0.26,9.790000000000001,-2.375,-1.5,260.5,0.0,0.0,-0.1875,-2.375,-1.5,260.6875,0.64605712890625,-0.007568359375,0.02392578125,0.76287841796875,-0.002181661564992912,0.001090830782496456,0.0,23.0,-4.5,-40.5,,,False,,,False,,,,,,,,,,,,,,
331.2994532585144,35.3435800075531,0.11577129364013672,odometry_only,0,-180,0.5866295359996911,False,,,N/A,False,37,-0.36,0.18,9.77,0.014107614856586403,-0.0846216039311098,-0.0587218666307766,0.07997754731863249,0.025067755947413554,-0.06150851815866584,2.726509577473547,0.6723062686050442,-2.1648605198675286,47.6911589810204,12.695687385683133,-38.30286221076664,-0.41000000000000003,0.26,9.790000000000001,-2.375,-1.5,260.5,0.0,0.0,-0.1875,-2.375,-1.5,260.6875,0.64605712890625,-0.007568359375,0.02392578125,0.76287841796875,0.002181661564992912,0.004363323129985824,0.0,23.0,-4.875,-40.5,,,False,,,False,,,,,,,,,,,,,,
331.4184720516205,35.46259880065918,0.11900663375854492,odometry_only,0,-180,0.0,True,,,N/A,False,37,-0.41000000000000003,0.17,9.69,0.007650849481113898,-0.07785681738015642,-0.06548057818673528,0.07424205869814733,0.017282738777361913,-0.06780375572660528,2.73568615555936,0.6748262635126464,-2.172555029076903,48.016177744579664,12.775846239620108,-38.56095282261256,-0.41000000000000003,0.26,9.790000000000001,-2.375,-1.5,260.5,0.0,0.0,-0.1875,-2.375,-1.5,260.6875,0.64605712890625,-0.007568359375,0.02392578125,0.76287841796875,-0.001090830782496456,0.002181661564992912,-0.002181661564992912,22.6875,-5.1875,-40.0,,,False,,,False,,,,,,,,,,,,,,
331.53794741630554,35.58207416534424,0.11946392059326172,odometry_only,0,-180,0.11902217999977438,True,,,N/A,False,37,-0.38,0.16,9.76,0.009060801089840349,-0.07514183868569162,-0.06019050050674654,0.07143451802698386,0.018471427530612004,-0.06250765063528366,2.7443877030564545,0.6769619299549935,-2.1803387848279097,48.34351329872511,12.856591198321771,-38.82095970308018,-0.41000000000000003,0.26,9.790000000000001,-2.375,-1.5,260.5,0.0,0.0,-0.1875,-2.375,-1.5,260.6875,0.64605712890625,-0.007568359375,0.02392578125,0.76287841796875,0.002181661564992912,0.002181661564992912,-0.001090830782496456,21.5,-4.875,-40.5,,,False,,,False,,,,,,,,,,,,,,
331.65272283554077,35.69684958457947,0.11476325988769531,odometry_only,0,-180,0.23379655799999455,True,,,N/A,False,37,-0.41000000000000003,0.13,9.700000000000001,0.0076470024024222535,-0.0878528098207469,-0.060078004999483514,0.08420422802129543,0.019169123084984634,-0.06267497289469966,2.7533185079871214,0.6791218061013004,-2.187521967806707,48.6589806420672,12.934405493437025,-39.07159467243411,-0.41000000000000003,0.26,9.790000000000001,-2.375,-1.5,260.5,0.0,0.0,-0.1875,-2.375,-1.5,260.6875,0.64605712890625,-0.007568359375,0.02392578125,0.76287841796875,0.0,0.002181661564992912,-0.002181661564992912,23.0,-4.5,-40.0,,,False,,,False,,,,,,,,,,,,,,
331.7712631225586,35.81538987159729,0.11852884292602539,odometry_only,0,-180,0.35233824999977514,False,,,N/A,False,37,-0.43,0.21,9.700000000000001,0.005066094242641067,-0.08116003675900992,-0.054048241259870455,0.07814749287059151,0.015806941494803856,-0.05636434351170094,2.7629401887993037,0.6811946423336744,-2.1945767640248848,48.98589852237256,13.015023860760143,-39.33129721856991,-0.41000000000000003,0.26,9.790000000000001,-2.375,-1.5,260.5,0.0,0.0,-0.1875,-2.375,-1.5,260.6875,0.64605712890625,-0.007568359375,0.02392578125,0.76287841796875,0.001090830782496456,-0.004363323129985824,-0.002181661564992912,22.25,-5.5625,-41.6875,,,False,,,False,,,,,,,,,,,,,,
331.89084815979004,35.934974908828735,0.11957359313964844,odometry_only,0,-180,0.47192341599975407,False,,,N/A,False,37,-0.38,0.15,9.73,-0.003979837929588276,-0.07846214303649353,-0.05962316411358051,0.07687272714602668,0.00619273858844859,-0.06147603198521834,2.7722083511576465,0.682509932731413,-2.2016220625824308,49.316827322114726,13.096555388770899,-39.59413186349678,-0.41000000000000003,0.26,9.790000000000001,-2.375,-1.5,260.5,0.0,0.0,-0.1875,-2.375,-1.5,260.6875,0.64605712890625,-0.007568359375,0.02392578125,0.76287841796875,0.003272492347489368,0.002181661564992912,0.001090830782496456,22.6875,-4.875,-41.6875,,,False,,,False,,,,,,,,,,,,,,
332.00695300102234,36.051079750061035,0.11609268188476562,odometry_only,0,-180,0.5880239100001745,False,,,N/A,False,37,-0.36,0.14,9.75,0.00035912562775263553,-0.07541917882924502,-0.0519359695666719,0.07330458622041038,0.010324694211655744,-0.053901435693445535,2.780925594691126,0.6834687092672208,-2.208319302408375,49.63916642843418,13.175845450744365,-39.85011282350495,-0.41000000000000003,0.26,9.790000000000001,-2.375,-1.5,260.5,0.0,0.0,-0.1875,-2.375,-1.5,260.6875,0.64605712890625,-0.007568359375,0.02392578125,0.76287841796875,0.0,0.0,-0.002181661564992912,21.5,-4.5,-40.0,,,False,,,False,,,,,,,,,,,,,,
332.1235885620117,36.167715311050415,0.11662411689758301,odometry_only,0,-180,0.0,True,,,N/A,False,37,-0.43,0.16,9.74,0.0041083888691678914,-0.08804889057107743,-0.048803845090748726,0.08520018507000207,0.016236296907826926,-0.05126999524378714,2.790168334179025,0.6850175353338379,-2.21445206503633,49.964028383238166,13.25564470062591,-40.108013725989025,-0.41000000000000003,0.26,9.790000000000001,-2.375,-1.5,260.5,0.0,0.0,-0.1875,-2.375,-1.5,260.6875,0.64605712890625,-0.007568359375,0.02392578125,0.76287841796875,0.0,-0.001090830782496456,-0.001090830782496456,22.25,-4.875,-41.25,,,False,,,False,,,,,,,,,,,,,,
332.2429714202881,36.28709816932678,0.11937093734741211,odometry_only,0,-180,0.11892531299963593,True,,,N/A,False,37,-0.4,0.18,-317.96,0.011643474977648244,-0.08121944798279347,-0.03952139091079737,0.07740144303740175,0.022970143998981018,-0.042136666694255746,2.799873288559723,0.6873575901343887,-2.2200270854313486,50.29767263739685,13.337555553185616,-40.37268769240847,-0.41000000000000003,0.26,9.790000000000001,-2.375,-1.5,260.5,0.0,0.0,-0.1875,-2.375,-1.5,260.6875,0.64605712890625,-0.007568359375,0.02392578125,0.76287841796875,0.002181661564992912,0.0,0.004363323129985824,21.875,-4.875,-41.25,,,False,,,False,,,,,,,,,,,,,,
332.3606605529785,36.40478730201721,0.1176762580871582,odometry_only,0,-180,0.23661493399959,True,,,N/A,False,37,-0.41000000000000003,0.13,9.72,0.014640175738225361,-0.07850338137068202,-0.04179549300844632,0.07418434627769566,0.025372074632495804,-0.044462562502513965,2.8087923127926175,0.6902019558324805,-2.2251224220539028,50.6276760278115,13.418608579516428,-40.63423197274789,-0.41000000000000003,0.26,9.790000000000001,-2.375,-1.5,260.5,0.0,0.0,-0.1875,-2.375,-1.5,260.6875,0.64605712890625,-0.007568359375,0.02392578125,0.76287841796875,0.001090830782496456,0.002181661564992912,0.001090830782496456,21.1875,-4.875,-40.75,,,False,,,False,,,,,,,,,,,,,,
332.4786727428436,36.522799491882324,0.11799955368041992,odometry_only,0,-180,0.3546289539999634,False,,,N/A,False,37,-0.44,0.21,9.700000000000001,0.013859686102189862,-0.06944332544734388,-0.048686273994812346,0.06524576810809513,0.022797521990154914,-0.05106938768604904,2.8170186584261843,0.6930439512836998,-2.230758785796138,50.95959761965862,13.500219779351417,-40.89712796963753,-0.41000000000000003,0.26,9.790000000000001,-2.375,-1.5,260.5,0.0,0.0,-0.1875,-2.375,-1.5,260.6875,0.64605712890625,-0.007568359375,0.02392578125,0.76287841796875,0.0,-0.002181661564992912,-0.002181661564992912,22.25,-4.875,-40.75,,,False,,,False,,,,,,,,,,,,,,
332.5956151485443,36.63974189758301,0.11693072319030762,odometry_only,0,-180,0.4715674459998809,False,,,N/A,False,37,-0.39,0.16,9.73,0.009579533991248477,-0.07374152030766201,-0.06136884633746511,0.06994521619949218,0.018698266701193157,-0.063669114512011,2.824922648208132,0.6954700175742156,-2.237467013816034,51.28945575824962,13.581399750620617,-41.15836440670065,-0.41000000000000003,0.26,9.790000000000001,-2.375,-1.5,260.5,0.0,0.0,-0.1875,-2.375,-1.5,260.6875,0.64605712890625,-0.007568359375,0.02392578125,0.76287841796875,-0.002181661564992912,0.001090830782496456,0.0,22.25,-5.1875,-39.5625,,,False,,,False,,,,,,,,,,,,,,
332.71328926086426,36.757416009902954,0.11766171455383301,odometry_only,0,-180,0.5892464379999183,False,,,N/A,False,37,-0.42,0.16,9.75,0.001876449531916743,-0.06952106378440387,-0.06850618086782928,0.06691709868042936,0.01008511980529911,-0.07035757565723227,2.832974375521421,0.6971633688777253,-2.2453519188966786,51.62231469054015,13.66332956661804,-41.422092487529326,-0.41000000000000003,0.26,9.790000000000001,-2.375,-1.5,260.5,0.0,0.0,-0.1875,-2.375,-1.5,260.6875,0.64605712890625,-0.007568359375,0.02392578125,0.76287841796875,0.001090830782496456,0.0,-0.001090830782496456,21.5,-5.5625,-40.75,,,False,,,False,,,,,,,,,,,,,,
332.835072517395,36.879199266433716,0.12176179885864258,odometry_only,0,-180,0.0,True,,,N/A,False,37,-0.41000000000000003,0.17,9.73,0.0027575135788462527,-0.07384243367476569,-0.06739371752319964,0.07105441225210768,0.011713816897713936,-0.06939941676225299,2.8413742052026163,0.6984905077508076,-2.2538604502967137,51.967774135810124,13.748298229919204,-41.69600858328935,-0.41000000000000003,0.26,8.51,-2.375,-1.5,260.5,0.0,0.0,-0.1875,-2.375,-1.5,260.6875,0.64605712890625,-0.007568359375,0.02392578125,0.76287841796875,-0.003272492347489368,0.004363323129985824,-0.001090830782496456,21.5,-4.875,-41.25,,,False,,,False,,,,,,,,,,,,,,
332.9566011428833,37.000727891922,0.12150979042053223,odometry_only,0,-180,0.12046038600010434,True,,,N/A,False,37,-0.41000000000000003,0.15,9.71,0.0031054607188266683,-0.08159165581798483,-0.06695438687471172,0.07878646031595697,0.012523085511914193,-0.06917801751502184,2.8504777717137038,0.699963018216926,-2.262279707794737,52.313582006220024,13.8332611273458,-41.97038620534907,-0.41000000000000003,0.26,9.790000000000001,-2.375,-1.5,260.5,0.0,0.0,-0.1875,-2.375,-1.5,260.6875,0.64605712890625,-0.007568359375,0.02392578125,0.75506591796875,0.001090830782496456,0.003272492347489368,0.0,22.25,-4.5,-40.0,,,False,,,False,,,,,,,,,,,,,,
333.07809829711914,37.12222504615784,0.12147784233093262,odometry_only,0,-180,0.24195617199984554,True,,,N/A,False,37,-0.4,0.13,9.73,0.0032431416037672725,-0.09271399767006715,-0.06476654233238444,0.0896340834803349,0.015410340528698274,-0.06730052615358788,2.8607074538459916,0.7016596643790881,-2.2705692672994022,52.66047323539667,13.918394176967729,-42.24570656190228,-0.41000000000000003,0.26,9.790000000000001,-2.375,-1.5,260.5,0.0,0.0,-0.1875,-2.375,-1.5,260.6875,0.64605712890625,-0.007568359375,0.02392578125,0.76287841796875,0.0,0.002181661564992912,-0.001090830782496456,23.0,-4.875,-40.75,,,False,,,False,,,,,,,,,,,,,,
333.19939279556274,37.24351954460144,0.12127494812011719,odometry_only,0,-180,0.36324746299987964,False,,,N/A,False,37,-0.42,0.17,9.700000000000001,0.003297599485540242,-0.09308795333640373,-0.06792651077181935,0.08993264411808939,0.015379103216410806,-0.07046882140741158,2.8715959266327906,0.7035266584755058,-2.2789232525384033,53.008065632934844,14.003601126169373,-42.521576296560376,-0.41000000000000003,0.26,9.790000000000001,-2.375,-1.5,260.5,0.0,0.0,-0.1875,-2.375,-1.5,260.6875,0.64605712890625,-0.007568359375,0.02392578125,0.76287841796875,0.002181661564992912,-0.003272492347489368,0.0,22.25,-4.0625,-40.0,,,False,,,False,,,,,,,,,,,,,,
333.3215630054474,37.365689754486084,0.12215113639831543,odometry_only,0,-180,0.48547761899999387,False,,,N/A,False,37,-0.4,0.16,9.72,0.0033192371211750366,-0.08919972215372257,-0.0691820543861485,0.08607062759454966,0.014704339325024254,-0.07161978697923357,2.882345426457551,0.7053640218221107,-2.2876013950302454,53.35949087045947,14.089649924999048,-42.80047938410609,-0.41000000000000003,0.26,9.790000000000001,-2.375,-1.5,260.5,0.0,0.0,-0.1875,-2.375,-1.5,260.6875,0.64605712890625,-0.007568359375,0.02392578125,0.76287841796875,-0.001090830782496456,-0.001090830782496456,-0.001090830782496456,22.6875,-4.875,-40.875,,,False,,,False,,,,,,,,,,,,,,
333.44343638420105,37.487563133239746,0.12185406684875488,odometry_only,0,-180,0.6072951559999638,False,,,N/A,False,37,-0.44,0.19,9.71,-0.0007051712278853205,-0.07556856751176094,-0.06967686269820934,0.0732840271248872,0.008479370088752684,-0.0715787853275123,2.8920544328319724,0.7067765364604649,-2.2963260592315016,53.71130792369212,14.17568745999345,-43.07976448532682,-0.41000000000000003,0.26,9.790000000000001,-2.375,-1.5,260.5,0.0,0.0,-0.1875,-2.375,-1.5,260.6875,0.64605712890625,-0.007568359375,0.02392578125,0.76287841796875,-0.002181661564992912,-0.001090830782496456,0.001090830782496456,23.0,-4.875,-42.1875,,,False,,,False,,,,,,,,,,,,,,
333.5637927055359,37.607919454574585,0.12033724784851074,odometry_only,0,-180,0.0,True,,,N/A,False,37,-0.37,0.15,9.74,0.0057387306879557645,-0.07823603687708042,-0.07187784927089645,0.0748078102759701,0.015164742066350262,-0.07412191195406401,2.9009649149027967,0.7081991701527482,-2.3050926696917386,54.059865926211906,14.260824601146618,-43.356625518345425,-0.41000000000000003,0.26,9.790000000000001,-2.375,-1.5,260.5,0.0,0.0,-0.1875,-2.375,-1.5,260.6875,0.64605712890625,-0.007568359375,0.02392578125,0.76287841796875,-0.002181661564992912,0.002181661564992912,0.002181661564992912,21.875,-5.5625,-40.875,,,False,,,False,,,,,,,,,,,,,,
333.68767189979553,37.73179864883423,0.12386178970336914,odometry_only,0,-180,0.12280890100009856,True,,,N/A,False,37,-0.4,0.15,9.71,0.008333158332632526,-0.0833689344684896,-0.07276400497039649,0.07942376087759834,0.018522370566587332,-0.07525429674239222,2.9105166141187184,0.7102854431830755,-2.314343671965862,54.41977617771824,14.348672622583852,-43.642711344694675,-0.41000000000000003,0.26,9.790000000000001,-2.375,-1.5,260.5,0.0,0.0,-0.1875,-2.375,-1.5,260.6875,0.64605712890625,-0.007568359375,0.02392578125,0.76287841796875,-0.001090830782496456,-0.002181661564992912,0.001090830782496456,21.875,-4.5,-40.0,,,False,,,False,,,,,,,,,,,,,,
333.80699920654297,37.851125955581665,0.11930680274963379,odometry_only,0,-180,0.24214307500005816,True,,,N/A,False,37,-0.38,0.17,9.71,0.01733147117741213,-0.08934638328437615,-0.07510513571512023,0.08378699724431175,0.028261367731672853,-0.07813431830300692,2.920252690981653,0.713076252301596,-2.3234938245854924,54.767601399399354,14.433580989106138,-43.91937412638763,-0.41000000000000003,0.26,-317.89,-2.375,-1.5,260.5,0.0,0.0,-0.1875,-2.375,-1.5,260.6875,0.64605712890625,-0.007568359375,0.02392578125,0.76287841796875,-0.001090830782496456,-0.002181661564992912,-0.002181661564992912,21.5,-5.5625,-39.6875,,,False,,,False,,,,,,,,,,,,,,
333.92921447753906,37.97334122657776,0.12219834327697754,odometry_only,0,-180,0.3643508430000111,False,,,N/A,False,37,-0.42,0.17,9.74,0.010872711767967475,-0.08772350825634931,-0.06797596243089518,0.0833911719840166,0.021960846763273714,-0.07069649832183864,2.930467138637543,0.7161447880050877,-2.33258726419555,55.125075534477965,14.520905210757176,-44.20385682399378,-0.41000000000000003,0.26,9.790000000000001,-2.375,-1.5,260.5,0.0,0.0,-0.1875,-2.375,-1.5,260.6875,0.64605712890625,-0.007568359375,0.02392578125,0.76287841796875,-0.001090830782496456,-0.004363323129985824,0.0,21.5,-4.875,-40.5,,,False,,,False,,,,,,,,,,,,,,
334.0508382320404,38.0949649810791,0.12160468101501465,odometry_only,0,-180,0.48598236699990593,False,,,N/A,False,37,-0.38,0.17,9.76,0.014374871518734624,-0.08305502874226518,-0.05509554495311522,0.07845887640067917,0.025241900250933574,-0.05785624417385071,2.9403080003905857,0.7190148255019353,-2.340403571817947,55.48203240352416,14.608166274260252,-44.487985603993536,-0.41000000000000003,0.26,9.790000000000001,-2.375,-1.5,260.5,0.0,0.0,-0.1875,-2.375,-1.5,260.6875,0.64605712890625,-0.007568359375,0.02392578125,0.76287841796875,0.001090830782496456,0.0,0.0,21.875,-5.1875,-40.5,,,False,,,False,,,,,,,,,,,,,,
334.1728000640869,38.21692681312561,0.12194275856018066,odometry_only,0,-180,0.0,True,,,N/A,False,37,-0.38,0.19,9.71,0.013744621943261686,-0.07918933995375262,-0.04394396848738841,0.07496701313288029,0.02450274163901995,-0.04658863761906728,2.9496625884927217,0.7220478249297599,-2.346771720319607,55.84115203424754,14.696029851686095,-44.77376914648272,-0.41000000000000003,0.26,9.790000000000001,-2.375,-1.5,260.5,0.0,0.0,-0.1875,-2.375,-1.5,260.6875,0.64605712890625,-0.007568359375,0.02392578125,0.76287841796875,0.0,-0.001090830782496456,-0.001090830782496456,22.6875,-6.0,-40.5,,,False,,,False,,,,,,,,,,,,,,
334.296822309494,38.340949058532715,0.12400293350219727,odometry_only,0,-180,0.12288330699993821,True,,,N/A,False,37,-0.42,0.16,9.71,0.013494101790621783,-0.07968312138514293,-0.04154165642812745,0.07554181300898936,0.024448096076056327,-0.04419191013272083,2.9589943564725036,0.7250828486667896,-2.352400247432686,56.20749743136445,14.785754076029587,-45.06512470099901,-0.41000000000000003,0.26,9.790000000000001,-2.375,-1.5,260.5,0.0,0.0,-0.1875,-2.375,-1.5,260.6875,0.64605712890625,-0.007568359375,0.02392578125,0.76287841796875,0.0,0.0,0.0,21.5,-5.5625,-40.5,,,False,,,False,,,,,,,,,,,,,,
334.4180359840393,38.462162733078,0.12119460105895996,odometry_only,0,-180,0.24409698999988905,True,,,N/A,False,37,-0.38,0.17,9.73,0.013397055080931843,-0.07786226043832407,-0.04865961641031495,0.07362445635589013,0.02372425935558648,-0.05124812093076604,2.9680334297260687,0.7280019633660938,-2.3581836556775833,56.566659315371304,14.873807093079167,-45.35057336944511,-0.41000000000000003,0.26,9.790000000000001,-2.375,-1.5,260.5,0.0,0.0,-0.1875,-2.375,-1.5,260.6875,0.64605712890625,-0.007568359375,0.02392578125,0.76287841796875,0.001090830782496456,-0.001090830782496456,0.0,21.5,-5.1875,-40.5,,,False,,,False,,,,,,,,,,,,,,
334.54050850868225,38.58463525772095,0.12245416641235352,odometry_only,0,-180,0.3665680109997993,False,,,N/A,False,37,-0.38,0.15,9.73,0.015378811825912397,-0.08319873266783667,-0.053512800171393704,0.07846547532147934,0.026327978190922734,-0.05632196285506308,2.977345452627701,0.7310665158790093,-2.3647698581480334,56.930677522893426,14.963141600261416,-45.63974603721501,-0.41000000000000003,0.26,9.790000000000001,-2.375,-1.5,260.5,0.0,0.0,-0.1875,-2.375,-1.5,260.6875,0.64605712890625,-0.007568359375,0.02392578125,0.76287841796875,-0.003272492347489368,-0.001090830782496456,0.001090830782496456,22.25,-4.5,-40.0,,,False,,,False,,,,,,,,,,,,,,
334.6607403755188,38.704867124557495,0.12021279335021973,odometry_only,0,-180,0.48680253300017284,False,,,N/A,False,37,-0.4,0.18,9.72,0.018159357411017783,-0.08127407137675176,-0.05541046571304293,0.0760717512693397,0.028664193142784605,-0.05828386861353309,2.98663412847024,0.7343718971432187,-2.3716584017155657,57.289150845357156,15.051223822817473,-45.92443567302558,-0.41000000000000003,0.26,9.790000000000001,-2.375,-1.5,260.5,0.0,0.0,-0.1875,-2.375,-1.5,260.6875,0.64605712890625,-0.007568359375,0.02392578125,0.76287841796875,-0.002181661564992912,0.001090830782496456,0.0,21.875,-4.5,-40.875,,,False,,,False,,,,,,,,,,,,,,
334.7822244167328,38.826351165771484,0.12146449089050293,odometry_only,0,-180,0.6082843760000287,False,,,N/A,False,37,-0.4,0.17,9.72,0.015243595196417716,-0.08251822559279219,-0.05818334675157717,0.07772630679849693,0.02586691332229269,-0.06096269855700605,2.9959746298818186,0.7376836936854569,-2.3789005135014705,57.652488108872305,15.140625064268734,-46.21294778306667,-0.41000000000000003,0.26,9.790000000000001,-2.375,-1.5,260.5,0.0,0.0,-0.1875,-2.375,-1.5,260.6875,0.64605712890625,-0.007568359375,0.02392578125,0.76287841796875,-0.001090830782496456,0.002181661564992912,0.001090830782496456,21.875,-5.1875,-40.5,,,False,,,False,,,,,,,,,,,,,,
334.9038722515106,38.947999000549316,0.1216285228729248,odometry_only,0,-180,0.0,True,,,N/A,False,37,-0.42,0.18,9.73,0.006028879837822057,-0.07495098937679924,-0.061296500823171916,0.07172549954580895,0.015401386466605098,-0.06347841541528522,3.005063431104993,0.7401933948578573,-2.386468307940026,58.01743680640332,15.230501067902365,-46.50275016841498,-0.41000000000000003,0.26,9.790000000000001,-2.375,-1.5,260.5,0.0,0.0,-0.1875,-2.375,-1.5,260.6875,0.64605712890625,-0.007568359375,0.02392578125,0.76287841796875,0.0,0.0,-0.001090830782496456,21.875,-4.5,-40.0,,,False,,,False,,,,,,,,,,,,,,
335.0262722969055,39.070399045944214,0.12238049507141113,odometry_only,0,-180,0.12133394000011322,True,,,N/A,False,37,-0.36,0.19,9.74,0.0023755587451383437,-0.07599063856535815,-0.060510860052184694,0.07336909178689076,0.01200849266743996,-0.06256642140477928,3.0139418050647326,0.7418706121469932,-2.3941810227056437,58.38574122672325,15.321188931354751,-46.79527928433859,-0.41000000000000003,0.26,9.790000000000001,-2.375,-1.5,260.5,0.0,0.0,-0.1875,-2.375,-1.5,260.6875,0.64605712890625,-0.007568359375,0.02392578125,0.76287841796875,0.004363323129985824,0.003272492347489368,-0.001090830782496456,20.75,-5.5625,-41.25,,,False,,,False,,,,,,,,,,,,,,
335.14914751052856,39.19327425956726,0.12286162376403809,odometry_only,0,-180,0.24419019300012224,True,,,N/A,False,37,-0.39,0.09,9.75,0.007002882491233042,-0.08449301253181836,-0.056154771689225336,0.08107351346150508,0.01816474644025222,-0.05863953713259985,3.023429339694316,0.7437241787224891,-2.4016268031435333,58.75662183777887,15.41245022548556,-47.089889652710646,-0.41000000000000003,0.26,9.790000000000001,-2.375,-1.5,260.5,0.0,0.0,-0.1875,-2.375,-1.5,260.6875,0.64605712890625,-0.007568359375,0.02392578125,0.76287841796875,-0.001090830782496456,0.0,-0.002181661564992912,22.25,-5.5625,-41.25,,,False,,,False,,,,,,,,,,,,,,
335.27022647857666,39.314353227615356,0.12105894088745117,odometry_only,0,-180,0.3652884160001122,False,,,N/A,False,37,-0.37,0.17,9.75,0.020878762025311824,-0.0958607859810586,-0.05847488527741732,0.08994714966059614,0.03359531384029771,-0.06184974015086292,3.0337811298680317,0.7468571877614061,-2.4089199552916485,59.12326157986767,15.502674326252116,-47.38106950054351,-0.41000000000000003,0.26,9.790000000000001,-2.375,-1.5,260.5,0.0,0.0,-0.1875,-2.375,-1.5,260.6875,0.64605712890625,-0.007568359375,0.02392578125,0.76287841796875,0.0,0.003272492347489368,-0.001090830782496456,21.1875,-4.875,-40.5,,,False,,,False,,,,,,,,,,,,,,
335.39283561706543,39.436962366104126,0.1225900650024414,odometry_only,0,-180,0.4878947319998588,False,,,N/A,False,37,-0.46,0.2,9.74,0.01832463759649089,-0.09432819281765976,-0.05737842023255839,0.08887882492758019,0.030877863287899796,-0.060605242759506496,3.0447422737924765,0.7508090732489359,-2.416425837449076,59.49584486945447,15.594473828396726,-47.67683922773918,-0.41000000000000003,0.26,9.790000000000001,-2.375,-1.5,260.5,0.0,0.0,-0.1875,-2.375,-1.5,260.6875,0.64605712890625,-0.007568359375,0.02392578125,0.76287841796875,0.001090830782496456,0.003272492347489368,0.002181661564992912,22.25,-4.5,-41.25,,,False,,,False,,,,,,,,,,,,,,
335.5130891799927,39.55721592903137,0.12023401260375977,odometry_only,0,-180,0.6081514759998754,False,,,N/A,False,37,-0.38,0.16,9.72,0.015321183904930077,-0.08771217632871453,-0.05895592242739805,0.08282021182303391,0.026759821430898858,-0.06187640755900247,3.05506430586684,0.7542740783044016,-2.4237890675931384,59.8625469800441,15.684954921703511,-47.967818457688054,-0.41000000000000003,0.26,9.790000000000001,-2.375,-1.5,260.5,0.0,0.0,-0.1875,-2.375,-1.5,260.6875,0.64605712890625,-0.007568359375,0.02392578125,0.76287841796875,0.001090830782496456,-0.002181661564992912,0.001090830782496456,21.875,-5.1875,-40.875,,,False,,,False,,,,,,,,,,,,,,
335.63438749313354,39.67851424217224,0.12127923965454102,odometry_only,0,-180,0.0,True,,,N/A,False,37,-0.41000000000000003,0.17,9.75,0.004057404600484272,-0.08506818825446807,-0.053548249186568614,0.08217749003107351,0.015477401444267163,-0.055926597899946584,3.0650697037796464,0.7568353274421113,-2.430932597058679,60.23366957968101,15.776588021585392,-48.26220693379975,-0.41000000000000003,0.26,9.790000000000001,-2.375,-1.5,260.5,0.0,0.0,-0.1875,-2.375,-1.5,260.6875,0.64605712890625,-0.007568359375,0.02392578125,0.76287841796875,-0.001090830782496456,-0.002181661564992912,0.0,21.5,-5.5625,-40.5,,,False,,,False,,,,,,,,,,,,,,
335.7562954425812,39.80042219161987,0.12188863754272461,odometry_only,0,-180,0.12083491499970478,True,,,N/A,False,37,-0.42,0.21,9.73,0.005636029410768905,-0.08200189306496168,-0.053418223344228785,0.07889573567428965,0.01653582318978119,-0.05578181892749007,3.0748862017925656,0.758786351609108,-2.4377405904232545,60.60786500963231,15.868956552330276,-48.55892490453124,-0.41000000000000003,0.26,9.790000000000001,-2.375,-1.5,260.5,0.0,0.0,-0.1875,-2.375,-1.5,260.6875,0.64605712890625,-0.007568359375,0.02392578125,0.76287841796875,0.002181661564992912,0.002181661564992912,0.001090830782496456,22.25,-5.1875,-41.25,,,False,,,False,,,,,,,,,,,,,,
335.8777139186859,39.92184066772461,0.12140083312988281,odometry_only,0,-180,0.2422454449997531,True,,,N/A,False,37,-0.4,0.15,9.74,0.0022315889806663555,-0.08079265067277765,-0.05538044372595234,0.07822741812330794,0.012891991101897295,-0.057564690206629604,3.0844236426800773,0.7605726321952087,-2.4446207707438776,60.98173768294435,15.961182275558885,-48.85528627297466,-0.41000000000000003,0.26,9.790000000000001,-2.375,-1.5,260.5,0.0,0.0,-0.1875,-2.375,-1.5,260.6875,0.64605712890625,-0.007568359375,0.02392578125,0.76287841796875,-0.001090830782496456,0.0,0.001090830782496456,22.6875,-5.5625,-40.875,,,False,,,False,,,,,,,,,,,,,,
335.99904704093933,40.04317378997803,0.12131404876708984,odometry_only,0,-180,0.36358114499989824,False,,,N/A,False,37,-0.4,0.17,9.72,0.0008839806097067221,-0.07628813009333021,-0.06018302193415998,0.07391506511781748,0.010602735286404262,-0.06218361116128618,3.093652152995807,0.7619977523866286,-2.451884346379839,61.35648137712605,16.053536864502128,-49.15229370325819,-0.41000000000000003,0.26,9.790000000000001,-2.375,-1.5,260.5,0.0,0.0,-0.1875,-2.375,-1.5,260.6875,0.64605712890625,-0.007568359375,0.02392578125,0.76287841796875,-0.002181661564992912,-0.001090830782496456,0.001090830782496456,22.6875,-4.875,-40.5,,,False,,,False,,,,,,,,,,,,,,
336.11932730674744,40.16345405578613,0.12026023864746094,odometry_only,0,-180,0.48386629699962214,False,,,N/A,False,37,-0.43,0.17,9.74,0.0023579753967269664,-0.07852189448330645,-0.06408481135159258,0.07579881128448579,0.012241073499563809,-0.06620277437257051,3.1026544662482958,0.7633713533347374,-2.4596042350615326,61.72906603350762,16.145257490841885,-49.4476220977174,-0.41000000000000003,0.26,9.790000000000001,-2.375,-1.5,260.5,0.0,0.0,-0.1875,-2.375,-1.5,260.6875,0.64605712890625,-0.007568359375,0.02392578125,0.76287841796875,-0.001090830782496456,-0.004363323129985824,0.0,23.0,-4.0625,-40.0,,,False,,,False,,,,,,,,,,,,,,
336.24169754981995,40.28582429885864,0.12235307693481445,odometry_only,0,-180,0.0,True,,,N/A,False,37,-0.4,0.15,9.75,0.0009292388964959575,-0.07537805900947697,-0.055550589957755594,0.07309990265298616,0.010712415724802454,-0.05753461298280023,3.111763574149239,0.7647755683512331,-2.4671740600989347,62.10924261780855,16.238744229780256,-49.74902533961167,-0.41000000000000003,0.26,9.790000000000001,-2.375,-1.5,260.5,0.0,0.0,-0.1875,-2.375,-1.5,260.6875,0.64605712890625,-0.007568359375,0.02392578125,0.76287841796875,0.001090830782496456,0.003272492347489368,-0.001090830782496456,22.25,-5.1875,-40.75,,,False,,,False,,,,,,,,,,,,,,
336.36322927474976,40.40735602378845,0.12151288986206055,odometry_only,0,-180,0.12058416299987584,True,,,N/A,False,37,-0.42,0.14,9.72,0.0023819612471644306,-0.08018519330457069,-0.054210768107952015,0.07762623911913509,0.012994628896704155,-0.05638663816529864,3.1209211586814836,0.7662159241022571,-2.4740955103207884,62.48791838455125,16.331761830081383,-50.04923931215625,-0.41000000000000003,0.26,9.790000000000001,-2.375,-1.5,260.5,0.0,0.0,-0.1875,-2.375,-1.5,260.6875,0.64605712890625,-0.007568359375,0.02392578125,0.76287841796875,0.0,0.003272492347489368,0.0,22.6875,-4.875,-40.5,,,False,,,False,,,,,,,,,,,,,,
336.48590183258057,40.53002858161926,0.12265300750732422,odometry_only,0,-180,0.24325745899977846,True,,,N/A,False,37,-0.38,0.17,9.74,0.009023980437291279,-0.08411621401253358,-0.049635262303655114,0.08049452323485322,0.020396181855891125,-0.05220398875165295,3.1306181522075174,0.768263665783214,-2.4807549938100233,62.87130343356665,16.425866098410413,-50.353102970196666,-0.41000000000000003,0.26,9.790000000000001,-2.375,-1.5,260.5,0.0,0.0,-0.1875,-2.375,-1.5,260.6875,0.64605712890625,-0.007568359375,0.02392578125,0.76287841796875,-0.003272492347489368,-0.001090830782496456,0.0,22.25,-4.5,-40.0,,,False,,,False,,,,,,,,,,,,,,
336.6072883605957,40.6514151096344,0.1213679313659668,odometry_only,0,-180,0.3646401020000667,False,,,N/A,False,37,-0.41000000000000003,0.18,9.72,0.011626763277503015,-0.08565664817123216,-0.055895404387660205,0.08146253942199422,0.02292386957005998,-0.058607935527164944,3.140446349039902,0.7708924982973315,-2.4874795008202244,63.25185649655612,16.51926819825223,-50.654595141773825,-0.41000000000000003,0.26,9.790000000000001,-2.375,-1.5,260.5,0.0,0.0,-0.1875,-2.375,-1.5,260.6875,0.64605712890625,-0.007568359375,0.02392578125,0.76287841796875,0.001090830782496456,0.002181661564992912,0.001090830782496456,22.6875,-5.5625,-40.0,,,False,,,False,,,,,,,,,,,,,,
336.7286858558655,40.772812604904175,0.12137866020202637,odometry_only,0,-180,0.48604144799992355,False,,,N/A,False,37,-0.4,0.18,9.69,0.00863083637614836,-0.07821329508087789,-0.0543478987245506,0.07464738214288064,0.018822134345071594,-0.05673623672438239,3.149920555601796,0.7734260353093352,-2.4944796613652267,63.63361465008841,16.6129918555194,-50.95694690591746,-0.41000000000000003,0.26,9.790000000000001,-2.375,-1.5,260.5,0.0,0.0,-0.1875,-2.375,-1.5,260.6875,0.64605712890625,-0.007568359375,0.02392578125,0.76287841796875,0.001090830782496456,-0.001090830782496456,0.001090830782496456,22.25,2042.8125,-39.6875,,,False,,,False,,,,,,,,,,,,,,
336.85321068763733,40.897337436676025,0.12450742721557617,odometry_only,0,-180,0.6105591420000565,False,,,N/A,False,37,-0.38,0.16,9.74,0.007432542339566585,-0.0772697332304885,-0.05169534732426178,0.07396617081790541,0.017609335054244887,-0.05401092655750457,3.1591723011660524,0.7756940295716311,-2.501374083551052,64.02637910991858,16.709430332382578,-51.26795735417988,-0.41000000000000003,0.26,9.790000000000001,-2.375,-1.5,260.5,0.0,0.0,-0.1875,-2.375,-1.5,260.6875,0.64605712890625,-0.007568359375,0.02392578125,0.76287841796875,-0.001090830782496456,-0.004363323129985824,0.0,23.0,-4.875,-39.6875,,,False,,,False,,,,,,,,,,,,,,
336.97305178642273,41.017178535461426,0.11982059478759766,odometry_only,0,-180,0.0,True,,,N/A,False,37,-0.42,0.15,9.73,0.006972318826131342,-0.07891038198033365,-0.05067659358958509,0.07567970762653481,0.017472195122874956,-0.05301776120405087,3.168137630247415,0.7777957744775719,-2.507786204064515,64.40545012961229,16.8025003685414,-51.56805763670413,-0.41000000000000003,0.26,9.790000000000001,-2.375,-1.5,260.5,0.0,0.0,-0.1875,-2.375,-1.5,260.6875,0.64605712890625,-0.007568359375,0.02392578125,0.76287841796875,0.0,0.0,0.001090830782496456,23.0,-4.875,-39.1875,,,False,,,False,,,,,,,,,,,,,,
337.0969138145447,41.141040563583374,0.12384414672851562,odometry_only,0,-180,0.1227351649999946,True,,,N/A,False,37,-0.4,0.16,9.73,0.010844937777128232,-0.08363244872481468,-0.04823532907490358,0.07974394712449222,0.022175901331661262,-0.05087021155054687,3.1777617851994493,0.7802508668149828,-2.514219162735089,64.7984013787778,16.898977846968453,-51.879030621462796,-0.41000000000000003,0.26,9.790000000000001,-2.375,-1.5,260.5,0.0,0.0,-0.1875,-2.375,-1.5,260.6875,0.64605712890625,-0.007568359375,0.02392578125,0.76287841796875,0.0,-0.003272492347489368,0.002181661564992912,21.875,-4.5,-41.6875,,,False,,,False,,,,,,,,,,,,,,
337.21722316741943,41.26134991645813,0.12028956413269043,odometry_only,0,-180,0.243050927999775,True,,,N/A,False,37,-0.39,0.16,9.700000000000001,0.010336413714693958,-0.08545858654924215,-0.05732203186885573,0.08145265130408233,0.021553881959756566,-0.05997268185641022,3.187456919481772,0.7828809851008536,-2.5208857844026538,65.18123607057548,16.992992071542893,-52.181865911189576,-0.41000000000000003,0.26,9.790000000000001,-2.375,-1.5,260.5,0.0,0.0,-0.1875,-2.375,-1.5,260.6875,0.64605712890625,-0.007568359375,0.02392578125,0.76287841796875,-0.002181661564992912,0.003272492347489368,-0.001090830782496456,21.875,-5.5625,-40.0,,,False,,,False,,,,,,,,,,,,,,
337.3395285606384,41.383655309677124,0.12228608131408691,odometry_only,0,-180,0.36535741899979257,False,,,N/A,False,37,-0.41000000000000003,0.19,9.74,0.010132619050984846,-0.08417113825116401,-0.05692502091135572,0.08022445474089411,0.02116020394639504,-0.059533109439709554,3.1973423493499933,0.7854926541920418,-2.5281927318586246,65.57162211185673,17.088887204735613,-52.49058192418995,-0.41000000000000003,0.26,9.790000000000001,-2.375,-1.5,260.5,0.0,0.0,-0.1875,-2.375,-1.5,260.6875,0.64605712890625,-0.007568359375,0.02392578125,0.76287841796875,0.0,-0.002181661564992912,-0.001090830782496456,22.6875,-5.1875,-40.875,,,False,,,False,,,,,,,,,,,,,,
337.4607608318329,41.50488758087158,0.12121462821960449,odometry_only,0,-180,0.48658151199970234,False,,,N/A,False,37,-0.41000000000000003,0.19,9.71,0.008040285088729754,-0.07964082189827182,-0.06079360542564721,0.07602771424727049,0.018176121031678018,-0.06318690092231746,3.206812373636197,0.7878767231959132,-2.5356304620741943,65.95976072876053,17.184244896801708,-52.79748664710114,-0.41000000000000003,0.26,9.790000000000001,-2.375,-1.5,260.5,0.0,0.0,-0.1875,-2.375,-1.5,260.6875,0.64605712890625,-0.007568359375,0.02392578125,0.76287841796875,0.0,0.001090830782496456,0.0,21.5,-4.5,-41.25,,,False,,,False,,,,,,,,,,,,,,
337.58126306533813,41.62538981437683,0.1204826831817627,odometry_only,0,-180,0.6070911589999923,False,,,N/A,False,37,-0.4,0.14,9.73,0.0031981658653644895,-0.08186457147989665,-0.05429334781734354,0.07914588765968592,0.014070611964613438,-0.056548654194473885,3.2161602395945614,0.7898193096535328,-2.5428434925505585,66.34668921598303,17.27928742244317,-53.103420731362085,-0.41000000000000003,0.26,9.790000000000001,-2.375,-1.5,260.5,0.0,0.0,-0.1875,-2.375,-1.5,260.6875,0.64605712890625,-0.007568359375,0.02392578125,0.76287841796875,0.0,-0.002181661564992912,0.001090830782496456,21.5,-4.875,-41.25,,,False,,,False,,,,,,,,,,,,,,
337.7028350830078,41.74696183204651,0.12155532836914062,odometry_only,0,-180,0.0,True,,,N/A,False,37,-0.37,0.18,9.73,0.005294366753677622,-0.08073771102450467,-0.055727671568496666,0.07766082794907266,0.015884847246004793,-0.05804006469225144,3.225690585497716,0.7916399324939303,-2.549807927226396,66.73820986215759,17.37540482118399,-53.41294018916236,-0.41000000000000003,0.26,9.790000000000001,-2.375,-1.5,260.5,0.0,0.0,-0.1875,-2.375,-1.5,260.6875,0.64605712890625,-0.007568359375,0.02392578125,0.76287841796875,0.002181661564992912,0.003272492347489368,0.0,22.6875,-4.0625,-41.6875,,,False,,,False,,,,,,,,,,,,,,
337.82675218582153,41.87087893486023,0.12389850616455078,odometry_only,0,-180,0.12297302900014984,True,,,N/A,False,37,-0.42,0.19,9.73,0.006129973546883438,-0.08637760906377596,-0.05629943483641728,0.08307320913223037,0.017607141315374705,-0.05879731954207726,3.235647939039801,0.7937147361695478,-2.5570459159117993,67.13848495766442,17.47361635877819,-53.72930597034512,-0.41000000000000003,0.26,9.790000000000001,-10.375,-1.5,260.5,-8.0,0.0,-0.1875,-2.375,-1.5,260.6875,0.64605712890625,-0.007568359375,0.02392578125,0.76287841796875,0.004363323129985824,0.0,0.002181661564992912,22.6875,-5.5625,-40.75,,,False,,,False,,,,,,,,,,,,,,
337.94722747802734,41.99135422706604,0.12045550346374512,odometry_only,0,-180,0.24345412200000283,True,,,N/A,False,37,-0.38,0.18,9.73,0.008460419238677908,-0.08052989092883069,-0.06053509540547018,0.07684005111105505,0.0187479463627822,-0.06297031725250896,3.2452791551763682,0.7959043213644182,-2.5643797069096403,67.52881662568724,17.5693555407236,-54.037757921269666,-0.41000000000000003,0.26,9.790000000000001,-2.375,-1.5,260.5,0.0,0.0,-0.1875,-2.375,-1.5,260.6875,0.64605712890625,-0.007568359375,0.02392578125,0.76287841796875,0.003272492347489368,-0.001090830782496456,0.001090830782496456,21.1875,-4.875,-40.5,,,False,,,False,,,,,,,,,,,,,,
338.06986689567566,42.113993644714355,0.12262153625488281,odometry_only,0,-180,0.36608649500021784,False,,,N/A,False,37,-0.4,0.15,9.72,0.007372616195362182,-0.08627294246720378,-0.06223205839877646,0.08264992933816134,0.01853983399971213,-0.06477243935287871,3.2550576083863403,0.7981904638202101,-2.5722117134398332,67.92735726574831,17.66709071647122,-54.352686286808115,-0.41000000000000003,0.26,9.790000000000001,-2.375,-1.5,260.5,0.0,0.0,-0.1875,-2.375,-1.5,260.6875,0.64605712890625,-0.007568359375,0.02392578125,0.76287841796875,-0.001090830782496456,-0.001090830782496456,0.002181661564992912,23.6875,-4.875,-40.0,,,False,,,False,,,,,,,,,,,,,,
338.1911692619324,42.23529601097107,0.12128329277038574,odometry_only,0,-180,0.4873926790000951,False,,,N/A,False,37,-0.38,0.16,9.72,0.010971802946575923,-0.08651068012351894,-0.06289702774091335,0.08227722455176155,0.022094562175413602,-0.06559575425520559,3.2650590625318494,0.8006546005041378,-2.580117455336491,68.32274787529633,17.764047313486685,-54.665132010321166,-0.41000000000000003,0.26,9.790000000000001,-2.375,-1.5,260.5,0.0,0.0,-0.1875,-2.375,-1.5,260.6875,0.64605712890625,-0.007568359375,0.02392578125,0.76287841796875,0.001090830782496456,-0.001090830782496456,0.0,23.0,-4.875,-39.1875,,,False,,,False,,,,,,,,,,,,,,
338.3130965232849,42.35722327232361,0.12190794944763184,odometry_only,0,-180,0.0,True,,,N/A,False,37,-0.42,0.18,9.75,0.014417457501016862,-0.08862187918204643,-0.06719465274434352,0.08370690712683634,0.02563726581169559,-0.07009069987482959,3.275176455098741,0.8035640451407856,-2.5883880840318976,68.72140122572578,17.8618308162648,-54.98017296632773,-0.41000000000000003,0.26,9.790000000000001,-2.375,-1.5,260.5,0.0,0.0,-0.1875,-2.375,-1.5,260.6875,0.64605712890625,-0.007568359375,0.02392578125,0.76287841796875,-0.001090830782496456,0.002181661564992912,-0.001090830782496456,21.875,-4.875,-39.1875,,,False,,,False,,,,,,,,,,,,,,
338.4354999065399,42.47962665557861,0.12238407135009766,odometry_only,0,-180,0.1212718329998097,True,,,N/A,False,37,-0.4,0.15,9.700000000000001,0.015780426762703817,-0.08541714147205418,-0.07293447633192322,0.0802105599833418,0.026188793694832374,-0.07579552042073517,3.2852068985939105,0.8067353872230063,-2.5973151588287218,69.12284443794694,17.960368316577515,-55.29749670416507,-0.41000000000000003,0.26,9.790000000000001,-2.375,-1.5,260.5,0.0,0.0,-0.1875,-2.375,-1.5,260.6875,0.64605712890625,-0.007568359375,0.02392578125,0.76287841796875,-0.001090830782496456,0.002181661564992912,0.001090830782496456,21.875,-4.875,-40.5,,,False,,,False,,,,,,,,,,,,,,
338.5591595172882,42.603286266326904,0.12364053726196289,odometry_only,0,-180,0.24493125399976634,True,,,N/A,False,37,-0.41000000000000003,0.17,9.72,0.012263538300226638,-0.08617736920625203,-0.07317714623226484,0.08153617707203223,0.02283689406595922,-0.07590886748956568,3.2952061253288583,0.8097661684101971,-2.606693564841835,69.52964733878865,18.06030087698916,-55.61920992142036,-0.41000000000000003,0.26,9.790000000000001,-2.375,-1.5,260.5,0.0,0.0,-0.1875,-2.375,-1.5,260.6875,0.64605712890625,-0.007568359375,0.02392578125,0.76287841796875,-0.001090830782496456,0.0,-0.001090830782496456,21.875,-5.1875,-40.0,,,False,,,False,,,,,,,,,,,,,,
338.68034625053406,42.724472999572754,0.12116765975952148,odometry_only,0,-180,0.3661195330000737,False,,,N/A,False,37,-0.4,0.16,9.71,0.006873360067884945,-0.08848466913622297,-0.07125945402636262,0.08473847540195689,0.017992958509903696,-0.07382637583897618,3.3052796805876588,0.8122397972526689,-2.615765099350656,69.92953004797808,18.158568210476837,-55.935606468685876,-0.41000000000000003,0.26,9.790000000000001,-2.375,-1.5,260.5,0.0,0.0,-0.1875,-2.375,-1.5,260.6875,0.64605712890625,-0.007568359375,0.02392578125,0.76287841796875,0.002181661564992912,-0.003272492347489368,0.0,23.0,-5.1875,-39.6875,,,False,,,False,,,,,,,,,,,,,,
338.80232644081116,42.84645318984985,0.1219625473022461,odometry_only,0,-180,0.48808823699982895,False,,,N/A,False,37,-0.4,0.18,9.72,0.004731102264539334,-0.087384499485272,-0.06848011497098623,0.08406114725094369,0.015830186525290623,-0.07093016948237327,3.3155732965688616,0.8143023757158018,-2.624592537853688,70.33327809518191,18.25775682383172,-56.25517015178999,-0.41000000000000003,0.26,9.790000000000001,-2.375,-1.5,260.5,0.0,0.0,-0.1875,-2.375,-1.5,260.6875,0.64605712890625,-0.007568359375,0.02392578125,0.76287841796875,0.0,0.002181661564992912,0.0,21.5,-4.5,-40.0,,,False,,,False,,,,,,,,,,,,,,
338.9252073764801,42.9693341255188,0.1228628158569336,odometry_only,0,-180,0.6109732699997039,False,,,N/A,False,37,-0.44,0.18,9.71,0.0018597541065928712,-0.08492581061796699,-0.0714255764777656,0.08205370823384896,0.012461127752873717,-0.07368428753701753,3.325777966019126,0.8160403509840561,-2.6334764075552,70.7412656537902,18.357911072938826,-56.578180730091404,-0.41000000000000003,0.26,9.790000000000001,-2.375,-1.5,260.5,0.0,0.0,-0.1875,-2.375,-1.5,260.6875,0.64605712890625,-0.007568359375,0.02392578125,0.76287841796875,0.0,0.002181661564992912,0.001090830782496456,22.25,-4.0625,-41.25,,,False,,,False,,,,,,,,,,,,,,
339.0456793308258,43.0898060798645,0.1204526424407959,odometry_only,0,-180,0.0,True,,,N/A,False,37,-0.4,0.16,9.72,0.0007398612466404109,-0.07794513909037103,-0.0705671334647316,0.07537170028586614,0.010251986527280613,-0.07259280953491766,3.3352591192408867,0.8174082783006084,-2.642286138990642,71.14243541294805,18.456287674783145,-56.89592049990222,-0.41000000000000003,0.26,9.790000000000001,-2.375,-1.5,260.5,0.0,0.0,-0.1875,-2.375,-1.5,260.6875,0.64605712890625,-0.007568359375,0.02392578125,0.76287841796875,-0.003272492347489368,-0.003272492347489368,0.002181661564992912,21.5,-4.875,-40.0,,,False,,,False,,,,,,,,,,,,,,
339.167014837265,43.21114158630371,0.12131786346435547,odometry_only,0,-180,0.12026567400016575,True,,,N/A,False,37,-0.42,0.17,9.73,-0.0017198835945808266,-0.08119899370801853,-0.0682116964983599,0.07903202121408934,0.008471154974083798,-0.07022285435795739,3.344625084042547,0.8185440040627515,-2.6509491845970055,71.54763005281387,18.555522792596125,-57.21700250003807,-0.41000000000000003,0.26,9.790000000000001,-2.375,-1.5,260.5,0.0,0.0,-0.1875,-2.375,-1.5,260.6875,0.64605712890625,-0.007568359375,0.02392578125,0.76287841796875,0.002181661564992912,-0.001090830782496456,0.001090830782496456,23.375,-4.0625,-41.6875,,,False,,,False,,,,,,,,,,,,,,
339.2887861728668,43.33291292190552,0.12175250053405762,odometry_only,0,-180,0.24204421700005696,True,,,N/A,False,37,-0.42,0.19,9.72,-0.0006797993681522409,-0.07845810945307292,-0.06122994293118428,0.0762927668468176,0.009369437794962927,-0.0632208062250937,3.3540806747132157,0.8196300724530722,-2.659072734275208,71.95542214104907,18.65524868765906,-57.540256723294746,-0.41000000000000003,0.26,9.790000000000001,-2.375,-1.5,260.5,0.0,0.0,-0.1875,-2.375,-1.5,260.6875,0.64605712890625,-0.007568359375,0.02392578125,0.76287841796875,0.0,0.0,0.0,22.6875,-4.5,-40.0,,,False,,,False,,,,,,,,,,,,,,
339.4117691516876,43.45589590072632,0.12296557426452637,odometry_only,0,-180,0.365016100000048,False,,,N/A,False,37,-0.4,0.16,9.72,-0.00026708749569563656,-0.08344159307559762,-0.0544121508121545,0.08127080672138345,0.010909342510761927,-0.05656231225442471,3.363768122366708,0.820876868385911,-2.666437334250723,72.36845420862666,18.756111626691663,-57.86768392520865,-0.41000000000000003,0.26,9.790000000000001,-2.375,-1.5,260.5,0.0,0.0,-0.1875,-2.375,-1.5,260.6875,0.64605712890625,-0.007568359375,0.02392578125,0.76287841796875,-0.001090830782496456,0.002181661564992912,-0.001090830782496456,22.25,-5.1875,-40.0,,,False,,,False,,,,,,,,,,,,,,
339.5323917865753,43.576518535614014,0.12060332298278809,odometry_only,0,-180,0.48565011600021535,False,,,N/A,False,37,-0.39,0.17,9.71,0.003910305219201365,-0.08136812962347782,-0.05577043348063753,0.07851016634667808,0.014622505695297657,-0.058040850815236536,3.373403180517424,0.8224164812536825,-2.6733480953959927,72.77471683194271,18.85520494599269,-58.189681858623885,-0.41000000000000003,0.26,9.790000000000001,-2.375,-1.5,260.5,0.0,0.0,-0.1875,-2.375,-1.5,260.6875,0.64605712890625,-0.007568359375,0.02392578125,0.76287841796875,0.0,-0.001090830782496456,0.001090830782496456,22.6875,-4.875,-41.25,,,False,,,False,,,,,,,,,,,,,,
339.65444898605347,43.69857573509216,0.1220400333404541,odometry_only,0,-180,0.6076994300001388,False,,,N/A,False,37,-0.4,0.17,9.72,0.005578743895379515,-0.08255767676327935,-0.060348292683356786,0.07931902731313967,0.016249817043184015,-0.06271558146072549,3.3830339205455946,0.8243003109018333,-2.680716654906509,73.18699473648091,18.95568763210116,-58.516386978940815,-0.41000000000000003,0.26,9.790000000000001,-2.375,-1.5,260.5,0.0,0.0,-0.1875,-2.375,-1.5,260.6875,0.64605712890625,-0.007568359375,0.02392578125,0.76287841796875,-0.003272492347489368,-0.003272492347489368,-0.002181661564992912,21.875,-5.1875,-40.0,,,False,,,False,,,,,,,,,,,,,,
339.77369928359985,43.81782603263855,0.1192331314086914,odometry_only,0,-180,0.0,True,,,N/A,False,37,-0.42,0.18,9.71,0.006231206273258762,-0.0790246479884528,-0.07013494792514027,0.07553789155725446,0.015860070410681142,-0.07242319343576074,3.392265958224204,0.8262145921169858,-2.68877316455933,73.59091484687023,19.054085662262985,-58.83649752156182,-0.41000000000000003,0.26,9.790000000000001,-2.375,-1.5,260.5,0.0,0.0,-0.1875,-2.375,-1.5,260.6875,0.64605712890625,-0.007568359375,0.02392578125,0.76287841796875,-0.003272492347489368,-0.001090830782496456,0.001090830782496456,21.5,-5.1875,-40.0,,,False,,,False,,,,,,,,,,,,,,
339.89586782455444,43.93999457359314,0.12214899063110352,odometry_only,0,-180,0.12124196400009168,True,,,N/A,False,37,-0.39,0.19,9.74,0.004476492237385753,-0.07356006178248928,-0.06601644830895298,0.07051882579004741,0.01342504580996951,-0.06808932716451854,3.4011862985236365,0.8280031658104193,-2.6973548958405082,74.0058215149014,19.155116176970424,-59.16545257455567,-0.41000000000000003,0.26,9.790000000000001,-2.375,-1.5,260.5,0.0,0.0,-0.1875,-2.375,-1.5,260.6875,0.64605712890625,-0.007568359375,0.02392578125,0.76287841796875,-0.002181661564992912,-0.002181661564992912,0.001090830782496456,21.1875,-5.1875,-40.5,,,False,,,False,,,,,,,,,,,,,,
340.0171802043915,44.061306953430176,0.12129354476928711,odometry_only,0,-180,0.24255283399998007,True,,,N/A,False,37,-0.41000000000000003,0.17,9.74,0.009824589099204164,-0.07342315453821557,-0.06037069523309868,0.06961015126639696,0.01893369600905778,-0.06267411756334905,3.4096846686996716,0.8299656190601713,-2.705285276709151,74.41887885619177,19.255666632487316,-59.49310526337642,-0.41000000000000003,0.26,9.790000000000001,-2.375,-1.5,260.5,0.0,0.0,-0.1875,-2.375,-1.5,260.6875,0.64605712890625,-0.007568359375,0.02392578125,0.76287841796875,-0.001090830782496456,0.0,-0.001090830782496456,20.375,-5.1875,-41.25,,,False,,,False,,,,,,,,,,,,,,
340.1381392478943,44.18226599693298,0.12093973159790039,odometry_only,0,-180,0.36351278800020737,False,,,N/A,False,37,-0.41000000000000003,0.17,9.71,0.011940849346544859,-0.07336897987270084,-0.05612618829817824,0.06928952290420085,0.021206539975287094,-0.058523369533418024,3.4180839133562855,0.8323928937432828,-2.7126140724890626,74.83175310605498,19.35618922866628,-59.820724909934654,-0.41000000000000003,0.26,9.790000000000001,-2.375,-1.5,260.5,0.0,0.0,-0.1875,-2.375,-1.5,260.6875,0.64605712890625,-0.007568359375,0.02392578125,0.76287841796875,0.003272492347489368,-0.002181661564992912,0.001090830782496456,22.25,-4.5,-41.25,,,False,,,False,,,,,,,,,,,,,,
340.26016116142273,44.304287910461426,0.12200331687927246,odometry_only,0,-180,0.48553393600013806,False,,,N/A,False,37,-0.42,0.17,9.73,0.014801069273873221,-0.07939973400483677,-0.056453303566315734,0.07475777919729751,0.024999262935303614,-0.059132699899624844,3.4268710376782323,0.8352115243503638,-2.7197912878499673,75.24930671001268,19.457915863791257,-60.152110646231705,-0.41000000000000003,0.26,9.790000000000001,-2.375,-1.5,260.5,0.0,0.0,-0.1875,-2.375,-1.5,260.6875,0.64605712890625,-0.007568359375,0.02392578125,0.76287841796875,0.0,-0.001090830782496456,-0.001090830782496456,21.875,-4.5,-41.25,,,False,,,False,,,,,,,,,,,,,,
340.38026428222656,44.42439103126526,0.12008333206176758,odometry_only,0,-180,0.6056363180000517,False,,,N/A,False,37,-0.41000000000000003,0.15,9.74,0.007903952172961668,-0.07976075599573385,-0.06059120586951818,0.07617240912824418,0.018070830303135058,-0.06298217260019277,3.435933137639653,0.8377975245045052,-2.7271232682420052,75.66136090634247,19.558366114369246,-60.47915247090734,-0.41000000000000003,0.26,9.790000000000001,-2.375,-1.5,260.5,0.0,0.0,-0.1875,-2.375,-1.5,260.6875,0.64605712890625,-0.007568359375,0.02392578125,0.76287841796875,-0.001090830782496456,-0.006544984694978736,0.0,22.25,-5.1875,-40.0,,,False,,,False,,,,,,,,,,,,,,
340.5032482147217,44.547374963760376,0.12296485900878906,odometry_only,0,-180,0.0,True,,,N/A,False,37,-0.4,0.18,9.73,0.007152787527929283,-0.07990600269637517,-0.060232280670072885,0.07644660971560863,0.017371106267595002,-0.06259568516344069,3.4453165257067497,0.8399765808712143,-2.734844100029271,76.0844368536713,19.661519742527307,-60.814967494582376,-0.41000000000000003,0.26,9.790000000000001,-2.375,-1.5,260.5,0.0,0.0,-0.1875,-2.375,-1.5,260.6875,0.64605712890625,-0.007568359375,0.02392578125,0.76287841796875,-0.001090830782496456,-0.003272492347489368,0.001090830782496456,21.875,-5.1875,-41.25,,,False,,,False,,,,,,,,,,,,,,
340.62565875053406,44.669785499572754,0.12235260009765625,odometry_only,0,-180,0.12133483299976433,True,,,N/A,False,37,-0.39,0.16,9.74,0.0048385202775936935,-0.07996295713811359,-0.060091538165974706,0.07688760225919207,0.015106576785125725,-0.06235837320335304,3.454696945466271,0.8419634453545383,-2.7424883269962366,76.50655414812475,19.76441461023583,-61.15005042660526,-0.41000000000000003,0.26,9.790000000000001,-2.375,-1.5,260.5,0.0,0.0,-0.1875,-2.375,-1.5,260.6875,0.64605712890625,-0.007568359375,0.02392578125,0.76287841796875,-0.002181661564992912,-0.003272492347489368,0.0,22.25,-5.1875,-40.0,,,False,,,False,,,,,,,,,,,,,,
340.74646615982056,44.79059290885925,0.1207890510559082,odometry_only,0,-180,0.24214893799990023,True,,,N/A,False,37,-0.41000000000000003,0.17,9.73,0.0059406009278937365,-0.0799852880748267,-0.056017418707414786,0.07680656449820146,0.016384754458526902,-0.05833677843142123,3.463979231743998,0.8438653493632423,-2.7497776534127434,76.92440431312892,19.866229440414173,-61.48175322456539,-0.41000000000000003,0.26,9.790000000000001,-2.375,-1.5,260.5,0.0,0.0,-0.1875,-2.375,-1.5,260.6875,0.64605712890625,-0.007568359375,0.02392578125,0.76287841796875,0.0,0.0,-0.001090830782496456,21.1875,-5.5625,-39.6875,,,False,,,False,,,,,,,,,,,,,,
340.8709228038788,44.91504955291748,0.12443947792053223,odometry_only,0,-180,0.36659558099972855,False,,,N/A,False,37,-0.4,0.16,9.74,0.004350306498363885,-0.08609372919578288,-0.05844658127513961,0.08304553278728188,0.015707569998134822,-0.060858606335079606,3.4739251875093515,0.845862125413564,-2.7571939591381835,77.35607891502613,19.971363842808774,-61.8243955607599,-0.41000000000000003,0.26,9.790000000000001,-2.375,-1.5,260.5,0.0,0.0,-0.1875,-2.375,-1.5,260.6875,0.64605712890625,-0.007568359375,0.02392578125,0.76287841796875,0.002181661564992912,0.002181661564992912,-0.001090830782496456,21.5,-5.5625,-40.0,,,False,,,False,,,,,,,,,,,,,,
340.9914810657501,45.03560781478882,0.12053871154785156,odometry_only,0,-180,0.4871630079996976,False,,,N/A,False,37,-0.38,0.18,9.73,0.0037377391732412446,-0.09246227091146692,-0.06540570964515618,0.08929181830327819,0.015826811633643318,-0.06795316260503767,3.4843118486353646,0.8477626822792403,-2.764957361468304,77.77544737851684,20.073437518891158,-62.15721206333899,-0.41000000000000003,0.26,9.790000000000001,-2.375,-1.5,260.5,0.0,0.0,-0.1875,-2.375,-1.5,260.6875,0.64605712890625,-0.007568359375,0.02392578125,0.76287841796875,0.0,-0.001090830782496456,0.002181661564992912,21.875,-5.5625,-40.0,,,False,,,False,,,,,,,,,,,,,,
341.1134490966797,45.157575845718384,0.12194943428039551,odometry_only,0,-180,0.0,True,,,N/A,False,37,-0.42,0.16,9.72,0.003493022155460241,-0.09500646560217146,-0.07222002226806917,0.09170904111750326,0.015687730000386514,-0.07481649705204464,3.4953483248406796,0.8496842725411783,-2.773662701082097,78.20103018332925,20.17693886682182,-62.49492785500002,-0.41000000000000003,0.26,9.790000000000001,-2.375,-1.5,260.5,0.0,0.0,-0.1875,-2.375,-1.5,260.6875,0.64605712890625,-0.007568359375,0.02392578125,0.76287841796875,-0.001090830782496456,0.00545415391248228,0.0,22.6875,-5.1875,-40.875,,,False,,,False,,,,,,,,,,,,,,
341.23560547828674,45.27973222732544,0.12213563919067383,odometry_only,0,-180,0.12103671100021529,True,,,N/A,False,37,-0.4,0.17,9.73,0.003396331879400101,-0.08793847946182887,-0.0728941230148056,0.08474231299727322,0.014401554027870366,-0.07529674654223549,3.5061238243011137,0.8515217595099688,-2.7828297895607834,78.62859482143482,20.280827809881618,-62.834250736001444,-0.41000000000000003,0.26,9.790000000000001,-2.375,-1.5,260.5,0.0,0.0,-0.1875,-2.375,-1.5,260.6875,0.64605712890625,-0.007568359375,0.02392578125,0.76287841796875,-0.003272492347489368,-0.003272492347489368,0.001090830782496456,21.875,-4.875,-41.25,,,False,,,False,,,,,,,,,,,,,,
341.3581030368805,45.40222978591919,0.12248039245605469,odometry_only,0,-180,0.24352575600005366,True,,,N/A,False,37,-0.41000000000000003,0.17,9.74,0.001337594578802834,-0.07908535197514792,-0.06507815774648826,0.07650366334180912,0.011282105056594714,-0.06716660087232476,3.515998559533099,0.8530946318321552,-2.791554272911753,79.05863097415805,20.385218852180923,-63.17562710983765,-0.41000000000000003,0.26,9.790000000000001,-2.375,-1.5,260.5,0.0,0.0,-0.1875,-2.375,-1.5,260.6875,0.64605712890625,-0.007568359375,0.02392578125,0.76287841796875,0.001090830782496456,-0.002181661564992912,0.0,22.25,-4.875,-40.5,,,False,,,False,,,,,,,,,,,,,,
341.477810382843,45.521937131881714,0.11968779563903809,odometry_only,0,-180,0.3632403900001009,False,,,N/A,False,37,-0.4,0.18,9.74,0.002536326177016629,-0.07362827575774189,-0.058023681248719594,0.07106122655302656,0.011894411339751833,-0.0600260658951387,3.5248294177257145,0.8544816049111905,-2.799165977865177,79.47998156419393,20.487406870011633,-63.51019760126266,-0.41000000000000003,0.26,9.790000000000001,-2.375,-1.5,260.5,0.0,0.0,-0.1875,-2.375,-1.5,260.6875,0.64605712890625,-0.007568359375,0.02392578125,0.76287841796875,0.002181661564992912,0.0,0.0,22.6875,-5.5625,-40.75,,,False,,,False,,,,,,,,,,,,,,
341.59946942329407,45.643596172332764,0.12164020538330078,odometry_only,0,-180,0.48489603000007264,False,,,N/A,False,37,-0.43,0.16,9.73,0.0010030650749126458,-0.07748011351524939,-0.051158133413238854,0.07524558836770363,0.011333362401242253,-0.05320700209641021,3.5337278132336816,0.8558943204954162,-2.8060528246885137,79.90928373983577,20.591432109436187,-63.85110758444315,-0.41000000000000003,0.26,9.790000000000001,-2.375,-1.5,260.5,0.0,0.0,-0.1875,-2.375,-1.5,260.6875,0.64605712890625,-0.007568359375,0.02392578125,0.76287841796875,-0.001090830782496456,0.002181661564992912,-0.001090830782496456,20.75,-4.5,-41.6875,,,False,,,False,,,,,,,,,,,,,,
341.7206926345825,45.764819383621216,0.12120413780212402,odometry_only,0,-180,0.6061225329999615,False,,,N/A,False,37,-0.39,0.16,9.73,0.004421963598597968,-0.08101347727162458,-0.05045901280021445,0.07817883775099987,0.015314316864052513,-0.05274836738108393,3.5430256508764333,0.857509224990305,-2.8124739392900264,80.3381496408636,20.69526790915504,-64.19160193051624,-0.41000000000000003,0.26,9.790000000000001,-2.375,-1.5,260.5,0.0,0.0,-0.1875,-2.375,-1.5,260.6875,0.64605712890625,-0.007568359375,0.02392578125,0.76287841796875,0.001090830782496456,-0.001090830782496456,0.002181661564992912,21.875,-4.875,-41.25,,,False,,,False,,,,,,,,,,,,,,
341.84226393699646,45.886390686035156,0.1215519905090332,odometry_only,0,-180,0.0,True,,,N/A,False,37,-0.41000000000000003,0.17,9.72,0.0037640531447077344,-0.08845894553761194,-0.05421058989960576,0.08555667283136378,0.01571403732087146,-0.05666626830902893,3.552976839490583,0.8593950040970034,-2.819123722669503,80.76941625454418,20.79961447243451,-64.53386788329485,-0.41000000000000003,0.26,9.790000000000001,-2.375,-1.5,260.5,0.0,0.0,-0.1875,-2.375,-1.5,260.6875,0.64605712890625,-0.007568359375,0.02392578125,0.76287841796875,-0.002181661564992912,0.001090830782496456,0.0,22.25,-4.875,-40.875,,,False,,,False,,,,,,,,,,,,,,
341.96503472328186,46.00916147232056,0.12275409698486328,odometry_only,0,-180,0.12169875100016725,True,,,N/A,False,37,-0.39,0.19,9.72,0.007547387750500768,-0.09343855105748543,-0.057723011683855005,0.08977430222990432,0.020096462435694733,-0.0604679983142959,3.563738137249144,0.8615929468771004,-2.8263130782321686,81.20621921477836,20.90524363335634,-64.88036813158475,-0.41000000000000003,0.26,9.790000000000001,-2.375,-1.5,260.5,0.0,0.0,-0.1875,-2.375,-1.5,260.6875,0.64605712890625,-0.007568359375,0.02392578125,0.76287841796875,0.0,0.003272492347489368,0.0,22.25,-5.5625,-40.5,,,False,,,False,,,,,,,,,,,,,,
342.0838551521301,46.12798190116882,0.11880040168762207,odometry_only,0,-180,0.2405252409998866,True,,,N/A,False,37,-0.43,0.19,9.73,0.005023762764847531,-0.09537173758082956,-0.0670713954133625,0.09191620744979254,0.01749429400920973,-0.06974911533034485,3.574530590015532,0.8638258453597986,-2.8340480009359617,81.63023381085497,21.007733856154896,-65.21659471653582,-0.41000000000000003,0.26,9.790000000000001,-2.375,-1.5,260.5,0.0,0.0,-0.1875,-2.375,-1.5,260.6875,0.64605712890625,-0.007568359375,0.02392578125,0.76287841796875,-0.002181661564992912,-0.003272492347489368,0.001090830782496456,22.6875,-4.875,-40.75,,,False,,,False,,,,,,,,,,,,,,
342.2053883075714,46.24951505661011,0.12151598930358887,odometry_only,0,-180,0.3620492549998744,False,,,N/A,False,37,-0.41000000000000003,0.16,9.72,0.0060165304665763105,-0.09413997843914129,-0.06884108141966458,0.09050339963859932,0.01818851585391572,-0.07152580803663774,3.585614039527391,0.8659938613306233,-2.8426315819743255,82.06526983996282,21.112834232642562,-65.56149838427423,-0.41000000000000003,0.26,9.790000000000001,-2.375,-1.5,260.5,0.0,0.0,-0.1875,-2.375,-1.5,260.6875,0.64605712890625,-0.007568359375,0.02392578125,0.76287841796875,0.003272492347489368,0.003272492347489368,0.0,21.875,-4.875,-40.5,,,False,,,False,,,,,,,,,,,,,,
342.3248145580292,46.36894130706787,0.11940646171569824,odometry_only,0,-180,0.4814851000000999,False,,,N/A,False,37,-0.41000000000000003,0.18,9.75,0.004406395062603964,-0.08765511690308418,-0.06953652634743404,0.08436115111782383,0.015505740183332218,-0.07197869501909002,3.596054018170056,0.8680055172773986,-2.8511992644494026,82.49403862595598,21.216359597850964,-65.9014384817638,-0.41000000000000003,0.26,9.790000000000001,-2.375,-1.5,260.5,0.0,0.0,-0.1875,-2.375,-1.5,260.6875,0.64605712890625,-0.007568359375,0.02392578125,0.76287841796875,0.003272492347489368,0.0,0.0,21.5,-4.875,-40.0,,,False,,,False,,,,,,,,,,,,,,
342.44647669792175,46.49060344696045,0.1216433048248291,odometry_only,0,-180,0.6031454079998184,False,,,N/A,False,37,-0.4,0.16,9.700000000000001,0.0037577007409549776,-0.08705757247660229,-0.06578653138015941,0.08395165351164136,0.014942062884266675,-0.06818990820373695,3.6062910810697884,0.8698574029722977,-2.859724550513755,82.93209715613621,21.322059292326816,-66.24878630499127,-0.41000000000000003,0.26,9.790000000000001,-2.375,-1.5,260.5,0.0,0.0,-0.1875,-2.375,-1.5,260.6875,0.64605712890625,-0.007568359375,0.02392578125,0.76287841796875,0.001090830782496456,0.001090830782496456,0.0,22.6875,-5.5625,-40.875,,,False,,,False,,,,,,,,,,,,,,
342.56922245025635,46.613349199295044,0.1227257251739502,odometry_only,0,-180,0.0,True,,,N/A,False,37,-0.41000000000000003,0.17,9.75,0.0014781196176823536,-0.08682043238303525,-0.06632045888619549,0.08408385025713631,0.012632230904864442,-0.06862002952461173,3.616602220597285,0.8715494405730131,-2.868119599923112,83.37531456528679,21.428917001175304,-66.60026321851414,-0.41000000000000003,0.26,9.790000000000001,-2.375,-1.5,260.5,0.0,0.0,-0.1875,-2.375,-1.5,260.6875,0.64605712890625,-0.007568359375,0.02392578125,0.76287841796875,0.001090830782496456,0.0,0.0,22.6875,-4.875,-40.75,,,False,,,False,,,,,,,,,,,,,,
342.6917300224304,46.735856771469116,0.12249112129211426,odometry_only,0,-180,0.12138120299960065,True,,,N/A,False,37,-0.4,0.16,9.74,0.0005821044238769531,-0.090768460768158,-0.06248908615688054,0.0881990858178756,0.012574448297731598,-0.06486094907879214,3.6271537856069482,0.8730932377728013,-2.876294717293262,83.81896246307001,21.53576862013763,-66.9520830939553,-0.41000000000000003,0.26,9.790000000000001,-2.375,-1.5,260.5,0.0,0.0,-0.1875,-2.375,-1.5,260.6875,0.64605712890625,-0.007568359375,0.02392578125,0.76287841796875,0.0,0.0,0.001090830782496456,21.875,-5.1875,-41.6875,,,False,,,False,,,,,,,,,,,,,,
342.8134551048279,46.85758185386658,0.12170982360839844,odometry_only,0,-180,0.24309947199981252,True,,,N/A,False,37,-0.39,0.15,9.72,0.0022456549476171724,-0.0923193295760782,-0.05896851796312222,0.08952189257369242,0.0146310553590886,-0.06145690082806759,3.6379689800727233,0.874748826298426,-2.8839817789086397,84.26108086822212,21.642133394794357,-67.30262421209946,-0.41000000000000003,0.26,9.790000000000001,-2.375,-1.5,260.5,0.0,0.0,-0.1875,-2.375,-1.5,260.6875,0.64605712890625,-0.007568359375,0.02392578125,0.76287841796875,0.001090830782496456,0.003272492347489368,0.0,20.375,-5.1875,-40.875,,,False,,,False,,,,,,,,,,,,,,
342.93148016929626,46.97560691833496,0.11800670623779297,odometry_only,0,-180,0.36113133399976505,False,,,N/A,False,37,-0.4,0.17,9.72,0.002895268419627522,-0.09093411519796915,-0.05759374244824661,0.08807532219426031,0.015107505958228424,-0.06007442000846543,3.648447811248609,0.8765035011330796,-2.8911525343469635,84.69100389113191,21.745463154270087,-67.64337650129353,-0.41000000000000003,0.26,9.790000000000001,-2.375,-1.5,260.5,0.0,0.0,-0.1875,-2.375,-1.5,260.6875,0.64605712890625,-0.007568359375,0.02392578125,0.76287841796875,0.0,0.0,-0.001090830782496456,21.5,-5.1875,-40.75,,,False,,,False,,,,,,,,,,,,,,
343.0528235435486,47.09695029258728,0.12132382392883301,odometry_only,0,-180,0.48248176099968987,False,,,N/A,False,37,-0.42,0.15,9.74,0.0011468225714339122,-0.09238299743605466,-0.05904687577347695,0.08976458331251562,0.013555128630496538,-0.06149020268652552,3.6592359199402216,0.8782422313491691,-2.8985268767868746,85.13430195829709,21.85190938541386,-67.99458952403393,-0.41000000000000003,0.26,9.790000000000001,-2.375,-1.5,260.5,0.0,0.0,-0.1875,-2.375,-1.5,260.6875,0.64605712890625,-0.007568359375,0.02392578125,0.76287841796875,0.004363323129985824,0.001090830782496456,0.0,22.6875,-4.5,-39.5625,,,False,,,False,,,,,,,,,,,,,,
343.17436814308167,47.21849489212036,0.12152528762817383,odometry_only,0,-180,0.0,True,,,N/A,False,37,-0.42,0.18,9.75,0.0024681189590775084,-0.09094296523548694,-0.061637158423037616,0.08807626493564216,0.014500916314217016,-0.06409484235506338,3.6700420000579195,0.8799469908149767,-2.906157756147113,85.57964826196438,21.95874161087799,-68.347297508838,-0.41000000000000003,0.26,9.790000000000001,-2.375,-1.5,260.5,0.0,0.0,-0.1875,-2.375,-1.5,260.6875,0.64605712890625,-0.007568359375,0.02392578125,0.76287841796875,0.001090830782496456,0.002181661564992912,-0.001090830782496456,22.25,-4.875,-40.875,,,False,,,False,,,,,,,,,,,,,,
343.2970480918884,47.341174840927124,0.12266039848327637,odometry_only,0,-180,0.12161023599992404,True,,,N/A,False,37,-0.42,0.18,9.700000000000001,0.002992884869163213,-0.0903710422246087,-0.06064419649893789,0.08744488785909915,0.014970118380571168,-0.0631101287004323,3.680806747329943,0.8817544552446653,-2.913959262366473,86.03047728023682,22.06678711156911,-68.70424644519308,-0.41000000000000003,0.26,9.790000000000001,-2.375,-1.5,260.5,0.0,0.0,-0.1875,-2.375,-1.5,260.6875,0.64605712890625,-0.007568359375,0.02392578125,0.76287841796875,0.001090830782496456,0.0,0.001090830782496456,21.1875,-5.5625,-38.25,,,False,,,False,,,,,,,,,,,,,,
343.4183974266052,47.46252417564392,0.12133264541625977,odometry_only,0,-180,0.24294908899992151,True,,,N/A,False,37,-0.39,0.17,9.700000000000001,0.005211537025226845,-0.0861208638345946,-0.06629430713518873,0.0827781041909362,0.016197421219636236,-0.06873374336310382,3.6911335502979936,0.88364527526007,-2.921957745256169,86.47770578931778,22.173887421328754,-69.05829006967538,-0.41000000000000003,0.26,9.790000000000001,-2.375,-1.5,260.5,0.0,0.0,-0.1875,-2.375,-1.5,260.6875,0.64605712890625,-0.007568359375,0.02392578125,0.76287841796875,-0.002181661564992912,-0.001090830782496456,0.002181661564992912,21.5,-4.5,-40.5,,,False,,,False,,,,,,,,,,,,,,
343.53774189949036,47.58186864852905,0.1193246841430664,odometry_only,0,-180,0.3623042330000317,False,,,N/A,False,37,-0.4,0.17,9.73,0.002085049998070737,-0.08244885665490535,-0.0725168567130176,0.07955288704353677,0.012226203071119207,-0.07471756169893358,3.700818597425836,0.8853410952554177,-2.9305163860893884,86.91872696693169,22.27942929128633,-69.40746238326452,-0.41000000000000003,0.26,9.790000000000001,-2.375,-1.5,260.5,0.0,0.0,-0.1875,-2.375,-1.5,260.6875,0.64605712890625,-0.007568359375,0.02392578125,0.76287841796875,0.002181661564992912,-0.003272492347489368,0.0,23.375,-6.0,-40.875,,,False,,,False,,,,,,,,,,,,,,
343.6593418121338,47.703468561172485,0.1215813159942627,odometry_only,0,-180,0.48390343199980634,False,,,N/A,False,37,-0.39,0.19,9.74,0.00485420063156119,-0.08298343851356765,-0.06898097437176165,0.07969130101991556,0.015206183767201164,-0.0713180038529926,3.710499156400432,0.887008728101751,-2.939393984210273,87.3692658498126,22.387171603249314,-69.76429809705921,-0.41000000000000003,0.26,9.790000000000001,-2.375,-1.5,260.5,0.0,0.0,-0.1875,-2.375,-1.5,260.6875,0.64605712890625,-0.007568359375,0.02392578125,0.76287841796875,0.0,-0.001090830782496456,0.0,22.25,-5.1875,-40.875,,,False,,,False,,,,,,,,,,,,,,
343.77972197532654,47.823848724365234,0.12036013603210449,odometry_only,0,-180,0.6042834939999011,False,,,N/A,False,37,-0.41000000000000003,0.16,9.72,0.007951912560205887,-0.08319407116349309,-0.06357453128093846,0.07949225297557104,0.018543339969049128,-0.06605553479741588,3.7200788335069173,0.8890397767357079,-2.9476611331098606,87.81643853864381,22.49405432307024,-70.11858147443378,-0.41000000000000003,0.26,9.790000000000001,-2.375,-1.5,260.5,0.0,0.0,-0.1875,-2.375,-1.5,260.6875,0.64605712890625,-0.007568359375,0.02392578125,0.76287841796875,0.001090830782496456,0.0,0.001090830782496456,21.1875,-4.0625,-39.6875,,,False,,,False,,,,,,,,,,,,,,
343.9032130241394,47.9473397731781,0.1234734058380127,odometry_only,0,-180,0.0,True,,,N/A,False,37,-0.41000000000000003,0.17,9.72,0.009197336046691217,-0.08327875523201865,-0.057346951244133554,0.07949074035800623,0.02007266355749164,-0.059890944686079715,3.7298939193355265,0.8914238014733452,-2.955436653497428,88.27637529324073,22.603974274056245,-70.4830192687874,-0.41000000000000003,0.26,8.51,-2.375,-1.5,260.5,0.0,0.0,-0.1875,-2.375,-1.5,260.6875,0.64605712890625,-0.007568359375,0.02392578125,0.76287841796875,-0.002181661564992912,-0.002181661564992912,0.0,21.1875,-4.875,-40.5,,,False,,,False,,,,,,,,,,,,,,
344.0255274772644,48.0696542263031,0.12229728698730469,odometry_only,0,-180,0.1214101670002492,True,,,N/A,False,37,-0.43,0.18,9.71,0.00362551887552368,-0.07927310094052813,-0.06501226584910764,0.07631232061516736,0.013570391529420713,-0.06720295995523648,3.7394210651661948,0.8934810286548921,-2.963208273362556,88.73311377236982,22.713118783183855,-70.84493637738548,-0.41000000000000003,0.26,9.790000000000001,-2.375,-1.5,260.5,0.0,0.0,-0.1875,-2.375,-1.5,260.6875,0.64605712890625,-0.007568359375,0.02392578125,0.76287841796875,-0.002181661564992912,0.0,0.002181661564992912,21.5,-5.1875,-40.5,,,False,,,False,,,,,,,,,,,,,,
344.1459436416626,48.190070390701294,0.12039589881896973,odometry_only,0,-180,0.24179415600019638,True,,,N/A,False,37,-0.41000000000000003,0.16,9.72,-0.0005641253001224898,-0.07971073753912157,-0.06801517936239664,0.07737745442250596,0.009374899549207496,-0.07003588612717936,3.7486728744686677,0.8948622881264292,-2.9714697704760415,89.18388167252142,22.82077338369425,-71.20219182603006,-0.41000000000000003,0.26,9.790000000000001,-2.375,-1.5,260.5,0.0,0.0,-0.1875,-2.375,-1.5,260.6875,0.64605712890625,-0.007568359375,0.02392578125,0.76287841796875,-0.006544984694978736,-0.006544984694978736,0.0,21.1875,-5.5625,-40.875,,,False,,,False,,,,,,,,,,,,,,
344.26792454719543,48.31205129623413,0.12196135520935059,odometry_only,0,-180,0.363774198000101,False,,,N/A,False,37,-0.42,0.15,9.73,-0.002239913385348771,-0.08392012268239042,-0.06518195712041458,0.08185982554344477,0.00854544371477678,-0.06724757312173622,3.7583832717009167,0.8959550828015753,-2.9798414088449543,89.64166704313119,22.92997864043966,-71.56510681438134,-0.41000000000000003,0.26,9.790000000000001,-2.375,-1.5,260.5,0.0,0.0,-0.1875,-2.375,-1.5,260.6875,0.64605712890625,-0.007568359375,0.02392578125,0.76287841796875,-0.001090830782496456,0.001090830782496456,-0.002181661564992912,21.5,-4.875,-39.6875,,,False,,,False,,,,,,,,,,,,,,
344.38699221611023,48.431118965148926,0.1190481185913086,odometry_only,0,-180,0.48285964600017905,False,,,N/A,False,37,-0.42,0.17,9.73,-0.0008974001968467566,-0.09155988389755326,-0.060078237569088366,0.08927046669066646,0.011358040993684617,-0.06241146511235693,3.7685696413631424,0.897139819005552,-2.987559241125018,90.08970183464402,23.036710927697563,-71.92031072451108,-0.41000000000000003,0.26,9.790000000000001,-2.375,-1.5,260.5,0.0,0.0,-0.1875,-2.375,-1.5,260.6875,0.64605712890625,-0.007568359375,0.02392578125,0.76287841796875,0.0,0.001090830782496456,-0.001090830782496456,22.6875,-4.5,-40.875,,,False,,,False,,,,,,,,,,,,,,
344.511351108551,48.55547785758972,0.12434148788452148,odometry_only,0,-180,0.6071937950000574,False,,,N/A,False,37,-0.41000000000000003,0.16,9.72,-0.0003502020549209803,-0.09060873013877281,-0.05393293819087425,0.0883612189233354,0.012025594109911712,-0.056271720405785895,3.7796131354054827,0.8985935969960169,-2.994937863062118,90.55897797328788,23.148353010092357,-72.29224702011082,-0.41000000000000003,0.26,9.790000000000001,-2.375,-1.5,260.5,0.0,0.0,-0.1875,-2.375,-1.5,260.6875,0.64605712890625,-0.007568359375,0.02392578125,0.76287841796875,-0.001090830782496456,-0.002181661564992912,-0.002181661564992912,23.0,-6.0,-40.875,,,False,,,False,,,,,,,,,,,,,,
344.63077664375305,48.67490339279175,0.11940550804138184,odometry_only,0,-180,0.0,True,,,N/A,False,37,-0.4,0.18,9.73,-0.00014005315489093746,-0.34027636195729627,-0.053573127905656694,0.3345270625699326,0.05321428795461567,-0.0625938185541559,3.804860730453708,0.9024885976272543,-3.00203446309618,91.01179195087764,23.255882577328997,-72.65028278376835,-0.41000000000000003,0.26,9.790000000000001,-2.375,-1.5,260.5,0.0,0.0,-0.1875,-2.375,-1.5,260.6875,0.64605712890625,-0.007568359375,0.02392578125,0.76287841796875,0.0,0.003272492347489368,-0.002181661564992912,21.5,-5.1875,-40.875,,,False,,,False,,,,,,,,,,,,,,
344.7544295787811,48.798556327819824,0.1236429214477539,odometry_only,0,-180,0.12255204600023717,True,,,N/A,False,37,-0.38,0.17,9.73,-5.484231077437641e-05,-0.43948313941875333,-0.051399172986793876,0.43238143846563054,0.06967652115627916,-0.06307758631019084,3.852272134229285,0.910085886956029,-3.0098036529161156,91.48516708952914,23.367938579636764,-73.02194339773571,-0.41000000000000003,0.26,9.790000000000001,-2.375,-1.5,260.5,0.0,0.0,-0.1875,-2.375,-1.5,260.6875,0.64605712890625,-0.007568359375,0.02392578125,0.76287841796875,0.001090830782496456,0.0,0.001090830782496456,23.0,-5.1875,-42.1875,,,False,,,False,,,,,,,,,,,,,,
344.8745422363281,48.91866898536682,0.1201009750366211,odometry_only,0,-180,0.24266069100031018,True,,,N/A,False,37,-0.41000000000000003,0.17,9.73,-2.185620180771537e-05,-0.4798921433296349,-0.04855270340962184,0.4722778438943551,0.07647099918861165,-0.06131605960253556,3.906597365172967,0.9188621168023319,-3.017273551997355,91.95109098555919,23.477767798908094,-73.38387232220126,-0.41000000000000003,0.26,9.790000000000001,-2.375,-1.5,260.5,0.0,0.0,-0.1875,-2.375,-1.5,260.6875,0.64605712890625,-0.007568359375,0.02392578125,0.76287841796875,0.003272492347489368,0.003272492347489368,-0.002181661564992912,21.1875,-4.5,-41.25,,,False,,,False,,,,,,,,,,,,,,
344.99083185195923,49.034958600997925,0.11627864837646484,odometry_only,0,-180,0.35895422700014024,False,,,N/A,False,37,-0.4,0.17,9.72,0.0019701004669326516,-0.2444574658407922,-0.049411955044933016,0.2397736479524193,0.03976437285514319,-0.055966665092185314,3.9479955576961614,0.9256199627797236,-3.0240922903500604,92.40775170986848,23.5850047404923,-73.73511324944921,-0.41000000000000003,0.26,9.790000000000001,-2.375,-1.5,260.5,0.0,0.0,-0.1875,-2.375,-1.5,260.6875,0.64605712890625,-0.007568359375,0.02392578125,0.76287841796875,-0.002181661564992912,-0.002181661564992912,0.001090830782496456,22.6875,-4.875,-41.25,,,False,,,False,,,,,,,,,,,,,,
345.1077489852905,49.151875734329224,0.11690545082092285,odometry_only,0,-180,0.47587419299998146,False,,,N/A,False,37,-0.37,0.17,9.72,0.008731114834121695,-0.1466068539230509,-0.05174513744634722,0.1421231142841115,0.03026328989152366,-0.05596887442078634,3.9703184642743174,0.9297132705213909,-3.030635227704884,92.87059874510852,23.69345402452335,-74.08902857449725,-0.41000000000000003,0.26,9.790000000000001,-2.375,-1.5,260.5,0.0,0.0,-0.1875,-2.375,-1.5,260.6875,0.64605712890625,-0.007568359375,0.02392578125,0.76287841796875,0.001090830782496456,-0.003272492347489368,0.001090830782496456,21.1875,-5.1875,-40.0,,,False,,,False,,,,,,,,,,,,,,
345.22646975517273,49.270596504211426,0.11870884895324707,odometry_only,0,-180,0.5945907430000261,False,,,N/A,False,37,-0.41000000000000003,0.17,9.700000000000001,0.011486343027863756,-0.10872664726272577,-0.05668710837779814,0.10421937692484745,0.02653414124869497,-0.06000924077985039,3.984939981064163,0.9330844493584692,-3.0375190419845013,93.34277853169439,23.804019311103186,-74.44920037881003,-0.41000000000000003,0.26,9.790000000000001,-2.375,-1.5,260.5,0.0,0.0,-0.1875,-2.375,-1.5,260.6875,0.64605712890625,-0.007568359375,0.02392578125,0.76287841796875,-0.001090830782496456,0.002181661564992912,-0.001090830782496456,22.25,-5.1875,-42.1875,,,False,,,False,,,,,,,,,,,,,,
345.34411883354187,49.388245582580566,0.11763715744018555,odometry_only,0,-180,0.0,True,,,N/A,False,37,-0.43,0.17,9.72,0.008611439528931402,-0.09556802194244834,-0.060651535436260194,0.09164174065087757,0.021358793144502727,-0.0634949272416017,3.996460253626496,0.9359014436902118,-3.044783381613531,93.81223314969512,23.913950404980213,-74.80695276271184,-0.41000000000000003,0.26,9.790000000000001,-2.375,-1.5,260.5,0.0,0.0,-0.1875,-2.375,-1.5,260.6875,0.64605712890625,-0.007568359375,0.02392578125,0.76287841796875,0.0,-0.003272492347489368,0.0,22.6875,-4.875,-40.0,,,False,,,False,,,,,,,,,,,,,,
345.4625277519226,49.506654500961304,0.11839628219604492,odometry_only,0,-180,0.11795151400019677,True,,,N/A,False,-110,-0.42,0.18,9.72,-0.0005254836154999706,-0.08825118515087382,-0.0642488262949746,0.08586562801127054,0.010988596965410444,-0.06650416646201708,4.006968359882497,0.9378163490540912,-3.0524790863052127,94.28602124602557,24.024871015252966,-75.16789936659937,-0.41000000000000003,0.26,9.790000000000001,-2.375,-1.5,260.5,0.0,0.0,-0.1875,-2.375,-1.5,260.6875,0.64605712890625,-0.007568359375,0.02392578125,0.76287841796875,-0.004363323129985824,-0.00545415391248228,-0.001090830782496456,23.0,-5.1875,-42.1875,,,False,,,False,,,,,,,,,,,,,,
345.5798981189728,49.624024868011475,0.11735701560974121,odometry_only,0,-180,0.2353304120001667,True,,,N/A,False,-91,-0.4,0.17,9.73,-0.0041851316822617834,-0.08333414660401714,-0.06767606035653038,0.08155487084842625,0.006417118779652077,-0.0696402763511374,4.016792344931531,0.9388376904812872,-3.060467839055414,94.7568435511674,24.134990273958884,-75.52659797046991,-0.41000000000000003,0.26,9.790000000000001,-2.375,-1.5,260.5,0.0,0.0,-0.1875,-2.375,-1.5,260.6875,0.64605712890625,-0.007568359375,0.02392578125,0.76287841796875,-0.002181661564992912,0.0,0.001090830782496456,21.1875,-5.1875,-41.25,,,False,,,False,,,,,,,,,,,,,,
345.70072841644287,49.74485516548157,0.1208183765411377,odometry_only,0,-180,0.3561539470001662,False,,,N/A,False,37,-0.4,0.16,9.72,-0.001661921644287261,-0.08132399427954157,-0.06505783630791642,0.07920679421820345,0.008694751430808886,-0.06707876818658741,4.026503826623231,0.9397505862939514,-3.068726925557066,95.2427325439108,24.24847426685348,-75.89685765095237,-0.41000000000000003,0.26,9.790000000000001,-2.375,-1.5,260.5,0.0,0.0,-0.1875,-2.375,-1.5,260.6875,0.64605712890625,-0.007568359375,0.02392578125,0.76287841796875,0.0,0.001090830782496456,0.001090830782496456,22.25,-5.5625,-41.25,,,False,,,False,,,,,,,,,,,,,,
345.81941056251526,49.863537311553955,0.11867022514343262,odometry_only,0,-180,0.47483275700005834,False,,,N/A,False,37,-0.39,0.16,9.73,0.00531885488045092,-0.08452209516865869,-0.060034917973061486,0.08130509041971695,0.01633055464250591,-0.06244406634645997,4.03602781736732,0.9412354656469532,-3.076412177524692,95.72112376662001,24.360082785991224,-76.26148017140258,-0.41000000000000003,0.26,9.790000000000001,-2.375,-1.5,260.5,0.0,0.0,-0.1875,-2.375,-1.5,260.6875,0.64605712890625,-0.007568359375,0.02392578125,0.76287841796875,0.002181661564992912,0.0,0.001090830782496456,22.6875,-4.875,-40.875,,,False,,,False,,,,,,,,,,,,,,
345.9367754459381,49.98090219497681,0.11735296249389648,odometry_only,0,-180,0.0,True,,,N/A,False,37,-0.42,0.17,9.73,0.008108399575872578,-0.08977280670497022,-0.05405500248532255,0.08613797748498221,0.02021756357338871,-0.05673046112108439,4.045852787401162,0.9433799806200593,-3.0834049194507553,96.19534008236579,24.47066538888182,-76.62291656377789,-0.41000000000000003,0.26,9.790000000000001,-2.375,-1.5,260.5,0.0,0.0,-0.1875,-2.375,-1.5,260.6875,0.64605712890625,-0.007568359375,0.02392578125,0.76287841796875,0.002181661564992912,-0.002181661564992912,-0.001090830782496456,21.875,-5.1875,-41.25,,,False,,,False,,,,,,,,,,,,,,
346.0556426048279,50.09976935386658,0.11885571479797363,odometry_only,0,-180,0.11841137300007176,True,,,N/A,False,37,-0.4,0.17,9.73,0.00724484344078924,-0.08791231904503152,-0.055619313469816425,0.08441566184030402,0.018988981447270396,-0.05820641070251045,4.055988424757864,0.945709941586654,-3.0902353714793738,96.67681514659121,24.582929955392583,-76.98980277861993,-0.41000000000000003,0.26,9.790000000000001,-2.375,-1.5,260.5,0.0,0.0,-0.1875,-2.375,-1.5,260.6875,0.64605712890625,-0.007568359375,0.02392578125,0.76287841796875,0.0,-0.004363323129985824,0.0,21.5,-4.5,-41.25,,,False,,,False,,,,,,,,,,,,,,
346.17346453666687,50.217591285705566,0.11780905723571777,odometry_only,0,-180,0.2362332430002425,True,,,N/A,False,37,-0.41000000000000003,0.17,9.76,0.0029207987309101766,-0.08517937676614029,-0.05226545732635433,0.08249963870840443,0.014435050694358458,-0.05460013045278895,4.065820491855794,0.9476787684444649,-3.096880187611138,97.15522647234866,24.69445912484734,-77.35425190413238,-0.41000000000000003,0.26,9.790000000000001,-2.375,-1.5,260.5,0.0,0.0,-0.1875,-2.375,-1.5,260.6875,0.64605712890625,-0.007568359375,0.02392578125,0.76287841796875,0.001090830782496456,-0.001090830782496456,0.001090830782496456,21.875,-4.875,-40.5,,,False,,,False,,,,,,,,,,,,,,
346.2892920970917,50.33341884613037,0.11581587791442871,odometry_only,0,-180,0.35206134800000655,False,,,N/A,False,37,-0.4,0.19,9.700000000000001,0.0011895480503423218,-0.08013362164538322,-0.0548741946505324,0.07775941363285305,0.011780503707509974,-0.056997218396920346,4.0751007632761125,0.9491968571684978,-3.1033425600761135,97.62665044344632,24.804303282784765,-77.71329402452659,-0.41000000000000003,0.26,9.790000000000001,-2.375,-1.5,260.5,0.0,0.0,-0.1875,-2.375,-1.5,260.6875,0.64605712890625,-0.007568359375,0.02392578125,0.76287841796875,0.0,-0.001090830782496456,0.0,22.6875,-4.875,-40.0,,,False,,,False,,,,,,,,,,,,,,
346.40890097618103,50.45302772521973,0.11959671974182129,odometry_only,0,-180,0.471666636000009,False,,,N/A,False,37,-0.41000000000000003,0.15,9.72,-0.0015262745859721725,-0.07805184367873887,-0.04794433517622888,0.07628922072988989,0.009083605557840881,-0.04990513001434173,4.084312618951358,0.9504444966827332,-3.1097351451774555,98.11456998121228,24.917898720088026,-78.08482588105127,-0.41000000000000003,0.26,9.790000000000001,-2.375,-1.5,260.5,0.0,0.0,-0.1875,-2.375,-1.5,260.6875,0.64605712890625,-0.007568359375,0.02392578125,0.76287841796875,0.0,-0.002181661564992912,0.001090830782496456,21.5,-5.5625,-40.0,,,False,,,False,,,,,,,,,,,,,,
346.5286180973053,50.572744846343994,0.1197054386138916,odometry_only,0,-180,0.591386643000078,False,,,N/A,False,37,-0.41000000000000003,0.19,9.73,-0.0026117402678032696,-0.07721979429901535,-0.04317232474139784,0.07574038952465809,0.008098376643661472,-0.04507080133274628,4.093412004540268,0.9514728850405767,-3.1154197129372885,98.60402903767162,25.031733647281314,-78.45741832741629,-0.41000000000000003,0.26,9.790000000000001,-2.375,-1.5,260.5,0.0,0.0,-0.1875,-2.375,-1.5,260.6875,0.64605712890625,-0.007568359375,0.02392578125,0.76287841796875,0.0,0.001090830782496456,-0.002181661564992912,22.25,-4.875,-39.6875,,,False,,,False,,,,,,,,,,,,,,
346.6442708969116,50.68839764595032,0.11564111709594727,odometry_only,0,-180,0.0,True,,,N/A,False,37,-0.42,0.16,9.73,-0.003039188436377293,-0.07886669736933792,-0.04129314315608627,0.07747134631573765,0.008034382470242405,-0.04321985065171419,4.102270792682665,0.9524056901834625,-3.120524727749595,99.07790799468907,25.141816969908287,-78.81798411805094,-0.41000000000000003,0.26,9.790000000000001,-2.375,-1.5,260.5,0.0,0.0,-0.1875,-2.375,-1.5,260.6875,0.64605712890625,-0.007568359375,0.02392578125,0.76287841796875,-0.004363323129985824,-0.001090830782496456,0.001090830782496456,21.1875,-5.1875,-40.0,,,False,,,False,,,,,,,,,,,,,,
346.7618479728699,50.80597472190857,0.11756563186645508,odometry_only,0,-180,0.11711751699976958,True,,,N/A,False,37,-0.39,0.18,9.700000000000001,-0.0012267785539150126,-0.08550600524203675,-0.04648544818074728,0.08361846502114956,0.010669304320067826,-0.0486600150376988,4.1117401054112,0.9535051455613301,-3.125925684982385,99.56075068538524,25.253851775751016,-79.1851680628986,-0.41000000000000003,0.26,9.790000000000001,-2.375,-1.5,260.5,0.0,0.0,-0.1875,-2.375,-1.5,260.6875,0.64605712890625,-0.007568359375,0.02392578125,0.76287841796875,0.0,0.003272492347489368,-0.001090830782496456,22.6875,-4.875,-41.25,,,False,,,False,,,,,,,,,,,,,,
346.8810946941376,50.92522144317627,0.11922645568847656,odometry_only,0,-180,0.23639370299997609,True,,,N/A,False,37,-0.41000000000000003,0.16,9.74,-0.0004910563731079274,-0.09020020117075046,-0.05459037918509187,0.08796889788724516,0.011789342166534902,-0.056911434202287815,4.12196898197145,0.9548439779714092,-3.132219139839775,100.05158866121457,25.367614626858526,-79.55823627622296,-0.41000000000000003,0.26,9.790000000000001,-2.375,-1.5,260.5,0.0,0.0,-0.1875,-2.375,-1.5,260.6875,0.64605712890625,-0.007568359375,0.02392578125,0.76287841796875,0.001090830782496456,-0.003272492347489368,-0.002181661564992912,21.875,-4.875,-42.1875,,,False,,,False,,,,,,,,,,,,,,
347.0025954246521,51.046722173690796,0.12148904800415039,odometry_only,0,-180,0.3578657220000423,False,,,N/A,False,37,-0.39,0.19,9.68,0.0038338056672026855,-0.08605108058018754,-0.0659153061861182,0.08294410710629892,0.014845950311273988,-0.06829485324836358,4.132351011105547,0.9564619261346298,-3.139824736173032,100.55299340015485,25.483715994225804,-79.93922859599148,-0.41000000000000003,0.26,9.790000000000001,-2.375,-1.5,260.5,0.0,0.0,-0.1875,-2.375,-1.5,260.6875,0.64605712890625,-0.007568359375,0.02392578125,0.76287841796875,-0.002181661564992912,0.0,-0.002181661564992912,22.6875,-5.1875,-40.0,,,False,,,False,,,,,,,,,,,,,,
347.1217200756073,51.165846824645996,0.11911296844482422,odometry_only,0,-180,0.4769905230000404,False,,,N/A,False,37,-0.41000000000000003,0.19,9.72,0.005532078029241847,-0.08042521655569645,-0.07236064125970289,0.07699129778971435,0.015297965318974304,-0.07465382823822696,4.141876201523841,0.9582571917702644,-3.1483382570666025,101.04577728259646,25.59774993316166,-80.31372947608631,-0.41000000000000003,0.26,9.790000000000001,-2.375,-1.5,260.5,0.0,0.0,-0.1875,-2.375,-1.5,260.6875,0.64605712890625,-0.007568359375,0.02392578125,0.76287841796875,0.001090830782496456,0.0,-0.001090830782496456,23.0,-5.1875,-41.25,,,False,,,False,,,,,,,,,,,,,,
347.23949003219604,51.28361678123474,0.11775827407836914,odometry_only,0,-180,0.594760210000004,False,,,N/A,False,37,-0.4,0.17,9.700000000000001,0.006209133264771428,-0.08017147252391979,-0.07691935766192796,0.07654100701174656,0.01571247980159247,-0.07922877097235088,4.150916051138188,0.9600830600181643,-3.157398731713468,101.53404973407844,25.710700151734493,-80.68500582838175,-0.41000000000000003,0.26,9.790000000000001,-2.375,-1.5,260.5,0.0,0.0,-0.1875,-2.375,-1.5,260.6875,0.64605712890625,-0.007568359375,0.02392578125,0.76287841796875,0.0,0.002181661564992912,0.001090830782496456,21.875,-5.1875,-41.25,,,False,,,False,,,,,,,,,,,,,,
347.3571035861969,51.401230335235596,0.11760210990905762,odometry_only,0,-180,0.0,True,,,N/A,False,37,-0.41000000000000003,0.16,9.72,0.002505873691668722,-0.08603341603732524,-0.07080443397464209,0.0830512517471512,0.013308271393316643,-0.07312096446459584,4.1603002443157875,0.9617895108039979,-3.166357056879204,102.0227580202064,25.823708286387006,-81.0568493400258,-0.41000000000000003,0.26,9.790000000000001,-2.375,-1.5,260.5,0.0,0.0,-0.1875,-2.375,-1.5,260.6875,0.64605712890625,-0.007568359375,0.02392578125,0.76287841796875,0.001090830782496456,0.001090830782496456,0.001090830782496456,22.25,-4.5,-41.6875,,,False,,,False,,,,,,,,,,,,,,
347.4744634628296,51.518590211868286,0.11734795570373535,odometry_only,0,-180,0.11687683900026968,True,,,N/A,False,37,-0.41000000000000003,0.19,9.73,0.0010126223676725809,-0.08641077038835628,-0.06237973171563663,0.0838330673547614,0.012288724065096283,-0.06465355095296398,4.170092011158597,0.9632913883485992,-3.174440835745366,102.51153527090148,25.93666044042694,-81.42888917514082,-0.41000000000000003,0.26,9.790000000000001,-2.375,-1.5,260.5,0.0,0.0,-0.1875,-2.375,-1.5,260.6875,0.64605712890625,-0.007568359375,0.02392578125,0.76287841796875,0.001090830782496456,0.001090830782496456,-0.001090830782496456,21.5,-5.5625,-40.0,,,False,,,False,,,,,,,,,,,,,,
347.5914204120636,51.635547161102295,0.11694455146789551,odometry_only,0,-180,0.23383476800017888,True,,,N/A,False,37,-0.39,0.16,9.74,0.0004100401899718931,-0.08259590701511901,-0.05501291271705534,0.0803134535962763,0.011409993559555182,-0.05716846834253663,4.179690031792414,0.9646771063000887,-3.1815640464480786,102.99976602883527,26.049393145852402,-81.80053924517875,-0.41000000000000003,0.26,9.790000000000001,-2.375,-1.5,260.5,0.0,0.0,-0.1875,-2.375,-1.5,260.6875,0.64605712890625,-0.007568359375,0.02392578125,0.76287841796875,0.0,0.001090830782496456,-0.001090830782496456,22.25,-5.1875,-40.5,,,False,,,False,,,,,,,,,,,,,,
347.7109897136688,51.75511646270752,0.11955666542053223,odometry_only,0,-180,0.35340607600028306,False,,,N/A,False,37,-0.4,0.15,9.71,0.002165134447496572,-0.07703481920026237,-0.050001972042771424,0.07463701460474322,0.012458868915152776,-0.05208974007235333,4.188952712434146,0.9661039471025175,-3.1880953199820317,103.500029539133,26.164812018053382,-82.18130686203628,-0.41000000000000003,0.26,9.790000000000001,-2.375,-1.5,260.5,0.0,0.0,-0.1875,-2.375,-1.5,260.6875,0.64605712890625,-0.007568359375,0.02392578125,0.76287841796875,-0.001090830782496456,-0.002181661564992912,0.0,22.25,-4.875,-42.1875,,,False,,,False,,,,,,,,,,,,,,
347.8332417011261,51.877368450164795,0.12224054336547852,odometry_only,0,-180,0.47565379900015614,False,,,N/A,False,37,-0.42,0.17,9.71,0.008929677745663393,-0.07479284073351532,-0.05403875682904281,0.0712311685642154,0.018569687936553808,-0.05634875973944898,4.1978682154193,0.968000420927217,-3.1947231105513976,104.01263431279789,26.28302500249013,-82.57142645861208,-0.41000000000000003,0.26,9.790000000000001,-2.375,-1.5,260.5,0.0,0.0,-0.1875,-2.375,-1.5,260.6875,0.64605712890625,-0.007568359375,0.02392578125,0.76287841796875,0.001090830782496456,-0.002181661564992912,0.001090830782496456,22.25,-5.1875,-41.25,,,False,,,False,,,,,,,,,,,,,,
347.95026755332947,51.994394302368164,0.11701369285583496,odometry_only,0,-180,0.592681227000412,False,,,N/A,False,37,-0.4,0.18,9.700000000000001,0.01155079250403257,-0.07194007776624221,-0.06353910244064213,0.06780133703325425,0.020244642688688322,-0.06587219651990522,4.20600256887278,0.9702713250083105,-3.2018738732695367,104.50431829017452,26.396427169865152,-82.94567117600577,-0.41000000000000003,0.26,9.790000000000001,-2.375,-1.5,260.5,0.0,0.0,-0.1875,-2.375,-1.5,260.6875,0.64605712890625,-0.007568359375,0.02392578125,0.76287841796875,0.0,0.0,0.0,21.5,-5.5625,-41.6875,,,False,,,False,,,,,,,,,,,,,,
348.06737780570984,52.111504554748535,0.11709809303283691,odometry_only,0,-180,0.0,True,,,N/A,False,37,-0.4,0.17,9.71,0.010627470660260327,-0.07276960415078905,-0.07135508476831855,0.06862039436387962,0.01910918974803239,-0.07366129843893934,4.213989931170201,0.9725754543742474,-3.2100434263564805,104.99730082272744,26.510178996325497,-83.321082820241,-0.41000000000000003,0.26,9.790000000000001,-2.375,-1.5,260.5,0.0,0.0,-0.1875,-2.375,-1.5,260.6875,0.64605712890625,-0.007568359375,0.02392578125,0.76287841796875,0.002181661564992912,-0.002181661564992912,0.0,21.875,-4.5,-40.0,,,False,,,False,,,,,,,,,,,,,,
348.1856498718262,52.22977662086487,0.11826038360595703,odometry_only,0,-180,0.11781853800039244,True,,,N/A,False,37,-0.41000000000000003,0.17,9.700000000000001,0.008259843901919577,-0.07709167580939076,-0.06855251635803761,0.07332751864372918,0.017615093699652303,-0.07087723529391732,4.2223833384923735,0.974746968298336,-3.2185900175790256,105.4961451922841,26.625324544680367,-83.70120914881196,-0.41000000000000003,0.26,9.790000000000001,-2.375,-1.5,260.5,0.0,0.0,-0.1875,-2.375,-1.5,260.6875,0.64605712890625,-0.007568359375,0.02392578125,0.76287841796875,0.001090830782496456,-0.001090830782496456,0.003272492347489368,23.6875,-5.1875,-41.25,,,False,,,False,,,,,,,,,,,,,,
348.30343222618103,52.34755897521973,0.11777019500732422,odometry_only,0,-180,0.2356002620003892,True,,,N/A,False,37,-0.42,0.18,9.71,0.00929830828608698,-0.08081647902901846,-0.06344867329325261,0.07692788078857664,0.0194857403644342,-0.06592346351742454,4.231231142338396,0.9769316545296669,-3.226645540067101,105.99393710524619,26.740249330681408,-84.08073747305802,-0.41000000000000003,0.26,9.790000000000001,-2.375,-1.5,260.5,0.0,0.0,-0.1875,-2.375,-1.5,260.6875,0.64605712890625,-0.007568359375,0.02392578125,0.76287841796875,0.001090830782496456,0.0,0.0,23.375,-4.875,-40.0,,,False,,,False,,,,,,,,,,,,,,
348.42252707481384,52.46665382385254,0.11908268928527832,odometry_only,0,-180,0.3546943240003202,False,,,N/A,False,37,-0.41000000000000003,0.16,9.73,0.011717019878532384,-0.08632134910340294,-0.05338904949985893,0.0821516304473554,0.02323787175919452,-0.056126334312052245,4.240702950342477,0.9794754758434984,-3.23391254914323,106.49836745284823,26.856736441892274,-84.46540778883148,-0.41000000000000003,0.26,9.790000000000001,-2.375,-1.5,260.5,0.0,0.0,-0.1875,-2.375,-1.5,260.6875,0.64605712890625,-0.007568359375,0.02392578125,0.76287841796875,0.002181661564992912,0.001090830782496456,0.0,22.25,-4.875,-40.875,,,False,,,False,,,,,,,,,,,,,,
348.5393416881561,52.583468437194824,0.11680293083190918,odometry_only,0,-180,0.4715102200002548,False,,,N/A,False,37,-0.4,0.17,9.72,0.010695772586639458,-0.08652673672339224,-0.05137331417431315,0.0825618159571836,0.022358570382200016,-0.05407526241076765,4.250322456986215,0.9821383748823096,-3.2403484838830208,106.99425577952033,26.971297565354895,-84.84351412064564,-0.41000000000000003,0.26,9.790000000000001,-2.375,-1.5,260.5,0.0,0.0,-0.1875,-2.375,-1.5,260.6875,0.64605712890625,-0.007568359375,0.02392578125,0.76287841796875,-0.002181661564992912,0.003272492347489368,0.0,21.875,-6.0,-42.5,,,False,,,False,,,,,,,,,,,,,,
348.65690183639526,52.70102858543396,0.11754870414733887,odometry_only,0,-180,0.5890701350003837,False,,,N/A,False,37,-0.4,0.16,9.73,0.014256288379327868,-0.08462247195996876,-0.05850521712315145,0.0799580519496863,0.025224422854669103,-0.06129847771076756,4.25987445692154,0.9849350344795323,-3.24712950070498,107.4944370891546,27.08691103047148,-85.22481143578199,-0.41000000000000003,0.26,9.790000000000001,-2.375,-1.5,260.5,0.0,0.0,-0.1875,-2.375,-1.5,260.6875,0.64605712890625,-0.007568359375,0.02392578125,0.76287841796875,0.0,-0.001090830782496456,0.0,23.0,-6.0,-40.5,,,False,,,False,,,,,,,,,,,,,,
348.7767400741577,52.82086682319641,0.11982583999633789,odometry_only,0,-180,0.0,True,,,N/A,False,37,-0.41000000000000003,0.16,9.71,0.017707811146530347,-0.07984165340312607,-0.07142190538592931,0.07442372057210632,0.027243155809414964,-0.07421768684384954,4.2691239197078135,0.9880785203225313,-3.2552486698303995,108.00543428655811,27.20512003373564,-85.61438789891112,-0.41000000000000003,0.26,9.790000000000001,-2.375,-1.5,260.5,0.0,0.0,-0.1875,-2.375,-1.5,260.6875,0.64605712890625,-0.007568359375,0.02392578125,0.76287841796875,0.0,-0.002181661564992912,0.0,20.75,-4.5,-41.25,,,False,,,False,,,,,,,,,,,,,,
348.89450001716614,52.938626766204834,0.11774706840515137,odometry_only,0,-180,0.11729607000006581,True,,,N/A,False,37,-0.42,0.18,9.700000000000001,0.017086541686986523,-0.07595802286913153,-0.07654060726436344,0.07059757102002019,0.025756848937414575,-0.07919976896616919,4.277661835678464,0.9911988179147304,-3.264280897662303,108.50861377004993,27.321647085804734,-85.9982156458876,-0.41000000000000003,0.26,9.790000000000001,-2.375,-1.5,260.5,0.0,0.0,-0.1875,-2.375,-1.5,260.6875,0.64605712890625,-0.007568359375,0.02392578125,0.76287841796875,0.0,-0.001090830782496456,-0.002181661564992912,23.0,-4.875,-40.0,,,False,,,False,,,,,,,,,,,,,,
349.0133833885193,53.05751013755798,0.11887073516845703,odometry_only,0,-180,0.23617784099997152,True,,,N/A,False,37,-0.43,0.18,9.72,0.010845022932365531,-0.07438583040705346,-0.06862943291945167,0.07023100010490788,0.019714898434857686,-0.07099151184869675,4.2860320335696365,0.9939014479344986,-3.2732075716454805,109.0176000630475,27.439632249797032,-86.38677367613856,-0.41000000000000003,0.26,9.790000000000001,-2.375,-1.5,260.5,0.0,0.0,-0.1875,-2.375,-1.5,260.6875,0.64605712890625,-0.007568359375,0.02392578125,0.76287841796875,0.001090830782496456,-0.002181661564992912,-0.001090830782496456,22.6875,-5.5625,-40.5,,,False,,,False,,,,,,,,,,,,,,
349.13061714172363,53.17474389076233,0.11722159385681152,odometry_only,0,-180,0.35341276500003005,False,,,N/A,False,37,-0.42,0.18,9.72,0.002399812502460576,-0.07177344995876055,-0.06150391876003192,0.06918734687811712,0.011294480764582488,-0.06344655213717962,4.294203453992752,0.995718932361633,-3.2810870937132046,109.52049450280691,27.556245485871187,-86.77092610977883,-0.41000000000000003,0.26,9.790000000000001,-2.375,-1.5,260.5,0.0,0.0,-0.1875,-2.375,-1.5,260.6875,0.64605712890625,-0.007568359375,0.02392578125,0.76287841796875,0.002181661564992912,0.003272492347489368,0.0,21.875,-4.875,-40.0,,,False,,,False,,,,,,,,,,,,,,
349.2466502189636,53.29077696800232,0.11602115631103516,odometry_only,0,-180,0.46944560700012516,False,,,N/A,False,37,-0.38,0.15,9.74,0.0009763412618098801,-0.072698709378068,-0.05468026170645068,0.07046691438947213,0.010359488450376556,-0.05659577354587145,4.302304878430767,0.9969750916351545,-3.288050818429211,110.01918292128953,27.671842818290287,-87.15200559804553,-0.41000000000000003,0.26,9.790000000000001,-2.375,-1.5,260.5,0.0,0.0,-0.1875,-2.375,-1.5,260.6875,0.64605712890625,-0.007568359375,0.02392578125,0.76287841796875,-0.002181661564992912,-0.003272492347489368,-0.001090830782496456,22.25,-4.875,-40.75,,,False,,,False,,,,,,,,,,,,,,
349.3659362792969,53.41006302833557,0.11927461624145508,odometry_only,0,-180,0.5887311279998357,False,,,N/A,False,37,-0.38,0.17,9.71,0.00039071638545669926,-0.0730793668283575,-0.055871738708106244,0.07091589093498102,0.00978974779706735,-0.05777105635664018,4.310736568354874,0.9981767378456406,-3.294871348302898,110.53284152790808,27.790828302692667,-87.5445933556377,-0.41000000000000003,0.26,9.790000000000001,-2.375,-1.5,260.5,0.0,0.0,-0.1875,-2.375,-1.5,260.6875,0.64605712890625,-0.007568359375,0.02392578125,0.76287841796875,0.001090830782496456,-0.003272492347489368,-0.001090830782496456,21.875,-5.1875,-40.5,,,False,,,False,,,,,,,,,,,,,,
349.48481583595276,53.528942584991455,0.11886835098266602,odometry_only,0,-180,0.0,True,,,N/A,False,37,-0.41000000000000003,0.19,9.73,0.002153333606170973,-0.07323149187320165,-0.054351242800558044,0.07080432432487947,0.011621896936571206,-0.056331385657131465,4.319159592499298,0.9994493212962978,-3.3016529328655344,111.04575229080426,27.90955556045777,-87.9366523373975,-0.41000000000000003,0.26,9.790000000000001,-2.375,-1.5,260.5,0.0,0.0,-0.1875,-2.375,-1.5,260.6875,0.64605712890625,-0.007568359375,0.02392578125,0.76287841796875,0.002181661564992912,-0.002181661564992912,0.002181661564992912,22.6875,-4.875,-41.25,,,False,,,False,,,,,,,,,,,,,,
349.6000084877014,53.64413523674011,0.11518073081970215,odometry_only,0,-180,0.11472983800013026,True,,,N/A,False,37,-0.42,0.16,9.71,-0.0010915017855109102,-0.07526306712086113,-0.059663284805913167,0.07324050013843453,0.00851203728346655,-0.06155324981814833,4.327455186575538,1.0006088419251677,-3.3084419520987627,111.5437139954894,28.024739640918646,-88.31733011721639,-0.41000000000000003,0.26,9.790000000000001,-2.375,-1.5,260.5,0.0,0.0,-0.1875,-2.375,-1.5,260.6875,0.64605712890625,-0.007568359375,0.02392578125,0.76287841796875,-0.001090830782496456,-0.003272492347489368,0.003272492347489368,21.875,-4.5,-40.5,,,False,,,False,,,,,,,,,,,,,,
349.7187080383301,53.762834787368774,0.11867785453796387,odometry_only,0,-180,0.23346568700026182,True,,,N/A,False,37,-0.39,0.16,9.72,-0.0004381166145422023,-0.0800940186951005,-0.05986484628531395,0.07789244725403342,0.009939181365289821,-0.06191141197088638,4.336423253548806,1.0017037174465904,-3.3157682126849517,112.05781924811524,28.143554720248975,-88.71040364239894,-0.41000000000000003,0.26,9.790000000000001,-2.375,-1.5,260.5,0.0,0.0,-0.1875,-2.375,-1.5,260.6875,0.64605712890625,-0.007568359375,0.02392578125,0.76287841796875,0.001090830782496456,0.001090830782496456,0.001090830782496456,22.25,-4.875,-40.875,,,False,,,False,,,,,,,,,,,,,,
349.84151101112366,53.88563776016235,0.12278437614440918,odometry_only,0,-180,0.35626956400028575,False,,,N/A,False,37,-0.4,0.18,9.76,-0.00017228648989647713,-0.08205949406276691,-0.05590180803358185,0.07986343616561162,0.010707036416267022,-0.05801718129052228,4.346108232413202,1.0029712339316155,-3.323130891437691,112.59085885404426,28.266626101887624,-89.11798018479163,-0.41000000000000003,0.26,9.790000000000001,-2.375,-1.5,260.5,0.0,0.0,-0.1875,-2.375,-1.5,260.6875,0.64605712890625,-0.007568359375,0.02392578125,0.76287841796875,0.002181661564992912,0.004363323129985824,0.0,21.1875,-5.1875,-40.5,,,False,,,False,,,,,,,,,,,,,,
349.96319580078125,54.007322549819946,0.12166500091552734,odometry_only,0,-180,0.477954562999912,False,,,N/A,False,37,-0.39,0.17,9.68,0.00396233396013696,-0.076783926037042,-0.05031852599019582,0.0740867491429304,0.014173941709793155,-0.05247550308229063,4.3554734071314565,1.0044848060448586,-3.3298524377103798,113.12019782311512,28.388744672358435,-89.52269779620752,-0.41000000000000003,0.26,9.790000000000001,-2.375,-1.5,260.5,0.0,0.0,-0.1875,-2.375,-1.5,260.6875,0.64605712890625,-0.007568359375,0.02392578125,0.76287841796875,0.001090830782496456,-0.001090830782496456,0.001090830782496456,23.0,-5.1875,-41.6875,,,False,,,False,,,,,,,,,,,,,,
350.0850603580475,54.12918710708618,0.12184762954711914,odometry_only,0,-180,0.0,True,,,N/A,False,37,-0.42,0.16,9.74,0.0035818340376160803,-0.07066371527331979,-0.046092989239563224,0.06819636048295229,0.012990394564472799,-0.04807556462776973,4.364141836947709,1.0061397610364786,-3.335978392334831,113.6514300471421,28.511239591062466,-89.92880563900908,-0.41000000000000003,0.26,9.790000000000001,-2.375,-1.5,260.5,0.0,0.0,-0.1875,-2.375,-1.5,260.6875,0.64605712890625,-0.007568359375,0.02392578125,0.76287841796875,0.001090830782496456,0.003272492347489368,0.001090830782496456,21.1875,-4.5,-40.875,,,False,,,False,,,,,,,,,,,,,,
350.20617723464966,54.250303983688354,0.12109756469726562,odometry_only,0,-180,0.1201175940000212,True,,,N/A,False,37,-0.41000000000000003,0.17,9.72,0.003431876022520857,-0.07026319558359612,-0.05448518971868243,0.06766363890056526,0.01238849096651888,-0.056440123915879624,4.372367994480268,1.0076764216527454,-3.342306690012478,114.18041507941193,28.63317370879827,-90.33316766892226,-0.41000000000000003,0.26,9.790000000000001,-2.375,-1.5,260.5,0.0,0.0,-0.1875,-2.375,-1.5,260.6875,0.64605712890625,-0.007568359375,0.02392578125,0.76287841796875,-0.001090830782496456,-0.002181661564992912,-0.001090830782496456,23.375,-5.1875,-41.25,,,False,,,False,,,,,,,,,,,,,,
350.32969403266907,54.373820781707764,0.12349748611450195,odometry_only,0,-180,0.24363843499986615,True,,,N/A,False,37,-0.42,0.19,9.68,0.0013448237029206273,-0.074157386134104,-0.055811827538512715,-0.06094285386645804,-0.03994349291144428,-0.05750280426960203,4.372782994508482,1.005974934917706,-3.349342522608194,114.72041716082786,28.757514149022025,-90.74636859678162,-0.41000000000000003,0.26,9.790000000000001,-2.375,-1.5,260.5,0.0,0.0,-0.1875,-2.375,-1.5,260.6875,-1.35394287109375,-0.007568359375,0.02392578125,0.76287841796875,-0.003272492347489368,0.001090830782496456,-0.002181661564992912,21.875,-4.875,-40.875,,,False,,,False,,,,,,,,,,,,,,
350.4510507583618,54.49517750740051,0.1213376522064209,odometry_only,0,-180,0.36499401599985504,False,,,N/A,False,37,-0.38,0.15,9.700000000000001,0.004558817346465812,-0.08171205251394012,-0.06236733550769845,0.07861446464803273,0.015012623590453238,-0.06466617323611897,4.373855110389953,1.004462408342269,-3.356754371059696,115.25106542700166,28.879485022591666,-91.15321962305484,-0.41000000000000003,0.26,9.790000000000001,-2.375,-1.5,260.5,0.0,0.0,-0.1875,-2.375,-1.5,260.6875,0.64605712890625,-0.007568359375,0.02392578125,0.76287841796875,0.002181661564992912,0.002181661564992912,0.001090830782496456,22.6875,-5.1875,-40.875,,,False,,,False,,,,,,,,,,,,,,
350.57316398620605,54.61729073524475,0.12209606170654297,odometry_only,0,-180,0.48710204100007104,False,,,N/A,False,37,-0.4,0.17,9.71,0.005834939683972197,-0.0847116472826103,-0.06497021251399873,0.08131121169270049,0.016641760765082492,-0.06740012516505989,4.383618258013432,1.0063948461750472,-3.3648167585191686,115.78569193139266,29.002243898306965,-91.56355830475583,-0.41000000000000003,0.26,9.790000000000001,-2.375,-1.5,260.5,0.0,0.0,-0.1875,-2.375,-1.5,260.6875,0.64605712890625,-0.007568359375,0.02392578125,0.76287841796875,0.001090830782496456,-0.002181661564992912,0.001090830782496456,22.6875,-4.875,-40.0,,,False,,,False,,,,,,,,,,,,,,
350.69405579566956,54.73818254470825,0.12087368965148926,odometry_only,0,-180,0.607992503999867,False,,,N/A,False,37,-0.39,0.17,9.76,0.00834650511972143,-0.08589053996090369,-0.061973133717696326,0.0821170653609121,0.019448706335441567,-0.06454497427120139,4.39349534743386,1.0085760401348902,-3.3727911040193153,116.31615298438301,29.124022381091272,-91.97075806564078,-0.41000000000000003,0.26,9.790000000000001,-2.375,-1.5,260.5,0.0,0.0,-0.1875,-2.375,-1.5,260.6875,0.64605712890625,-0.007568359375,0.02392578125,0.76287841796875,0.001090830782496456,0.0,-0.001090830782496456,23.375,-5.1875,-40.5,,,False,,,False,,,,,,,,,,,,,,
350.81537985801697,54.859506607055664,0.12130451202392578,odometry_only,0,-180,0.0,True,,,N/A,False,37,-0.4,0.14,9.700000000000001,0.0073321185619744335,-0.08434634621794475,-0.06078163800200485,0.0807849184047967,0.01825094835067016,-0.06327063650511608,4.403375720258074,1.0108626092424748,-3.380543409166446,116.84970306048488,29.24650589105376,-92.38036303946895,-0.41000000000000003,0.26,9.790000000000001,-2.375,-1.5,260.5,0.0,0.0,-0.1875,-2.375,-1.5,260.6875,0.64605712890625,-0.007568359375,0.02392578125,0.76287841796875,0.0,-0.001090830782496456,0.001090830782496456,22.25,-5.1875,-40.5,,,False,,,False,,,,,,,,,,,,,,
350.93846917152405,54.982595920562744,0.1230771541595459,odometry_only,0,-180,0.12199925100003384,True,,,N/A,False,37,-0.4,0.17,9.71,0.006927973207682953,-0.08575553407424319,-0.054233683234894886,0.08236804180865458,0.018387001377947024,-0.056751429085822015,4.413415921275963,1.0131172565358941,-3.3879293963010872,117.39227587251372,29.371058732031873,-92.79688522492056,-0.41000000000000003,0.26,9.790000000000001,-2.375,-1.5,260.5,0.0,0.0,-0.1875,-2.375,-1.5,260.6875,0.64605712890625,-0.007568359375,0.02392578125,0.76287841796875,0.001090830782496456,-0.003272492347489368,-0.002181661564992912,22.25,-4.875,-41.6875,,,False,,,False,,,,,,,,,,,,,,
351.05852723121643,55.10265398025513,0.12003898620605469,odometry_only,0,-180,0.24207299399995463,True,,,N/A,False,37,-0.42,0.17,9.74,0.0007573555732219225,-0.0863034419668363,-0.06571922235589917,0.08370470210874907,0.011865019016821158,-0.06797512808717275,4.423383523184114,1.0149329674653305,-3.3954154210390963,117.92265609582333,29.49278127846391,-93.20401814240036,-0.41000000000000003,0.26,9.790000000000001,-2.375,-1.5,260.5,0.0,0.0,-0.1875,-2.375,-1.5,260.6875,0.64605712890625,-0.007568359375,0.02392578125,0.76287841796875,-0.002181661564992912,0.0,-0.001090830782496456,20.75,-5.1875,-40.5,,,False,,,False,,,,,,,,,,,,,,
351.179883480072,55.22401022911072,0.12133669853210449,odometry_only,0,-180,0.3634370009999657,False,,,N/A,False,37,-0.39,0.14,9.72,0.0023130479207682437,-0.09054895540732044,-0.06830448265029973,0.08758421304518069,0.013974876788139402,-0.07073665464367467,4.433775338914076,1.0165006312890241,-3.403830835921128,118.46000530317401,29.61602500154393,-93.61651718906352,-0.41000000000000003,0.26,9.790000000000001,-2.375,-1.5,260.5,0.0,0.0,-0.1875,-2.375,-1.5,260.6875,0.64605712890625,-0.007568359375,0.02392578125,0.76287841796875,0.001090830782496456,-0.002181661564992912,-0.002181661564992912,22.25,-4.875,-40.0,,,False,,,False,,,,,,,,,,,,,,
351.3014190196991,55.34554576873779,0.12151813507080078,odometry_only,0,-180,0.484965394000028,False,,,N/A,False,37,-0.4,0.16,9.73,0.004943854429729513,-0.09223150043450357,-0.07738612266215898,0.08863309090322764,0.016422905074902076,-0.07996353378600676,4.444482137985584,1.0183475721701671,-3.4129872388475246,118.99943994880964,29.739660480962197,-94.03070069884492,-0.41000000000000003,0.26,9.790000000000001,-2.375,-1.5,260.5,0.0,0.0,-0.1875,-2.375,-1.5,260.6875,0.64605712890625,-0.007568359375,0.02392578125,0.76287841796875,0.003272492347489368,0.002181661564992912,-0.001090830782496456,23.0,-5.1875,-42.1875,,,False,,,False,,,,,,,,,,,,,,
351.42350912094116,55.46763586997986,0.1220703125,odometry_only,0,-180,0.6070585120000942,False,,,N/A,False,37,-0.4,0.17,9.73,0.012040423131995406,-0.09289851042382373,-0.07291482977987451,0.08820571391513532,0.02373197760609804,-0.07581703437629184,4.455275522068736,1.0207984317088024,-3.4224953301660244,119.54263804817819,29.864120075925513,-94.44790544548881,-0.41000000000000003,0.26,9.790000000000001,-2.375,-1.5,260.5,0.0,0.0,-0.1875,-2.375,-1.5,260.6875,0.64605712890625,-0.007568359375,0.02392578125,0.76287841796875,-0.003272492347489368,0.0,0.001090830782496456,21.5,-5.1875,-40.875,,,False,,,False,,,,,,,,,,,,,,
351.5466902256012,55.59081697463989,0.12316155433654785,odometry_only,0,-180,0.0,True,,,N/A,False,37,-0.4,0.15,9.72,0.00877592979621529,-0.0951876206621282,-0.06506922382040237,0.09115391510649974,0.021253991790607524,-0.06790386994433206,4.4663206274165015,1.0235687026659197,-3.4313457751494156,120.09203687264497,29.990013792877587,-94.869970307342,-0.41000000000000003,0.26,9.790000000000001,-2.375,-1.5,260.5,0.0,0.0,-0.1875,-2.375,-1.5,260.6875,0.64605712890625,-0.007568359375,0.02392578125,0.76287841796875,0.0,-0.001090830782496456,0.0,21.875,-4.875,-40.5,,,False,,,False,,,,,,,,,,,,,,
351.66984939575195,55.71397614479065,0.12314224243164062,odometry_only,0,-180,0.12208132300020225,True,,,N/A,False,37,-0.41000000000000003,0.2,9.72,0.0054698204892344535,-0.0920363965967183,-0.0559154124986589,0.08876969037483176,0.017902908940095243,-0.058536984136759306,4.47739872553918,1.0259796369472456,-3.4391308803026743,120.64271170104608,30.11620678213359,-95.2929932583053,-0.41000000000000003,0.26,9.790000000000001,-2.375,-1.5,260.5,0.0,0.0,-0.1875,-2.375,-1.5,260.6875,0.64605712890625,-0.007568359375,0.02392578125,0.76287841796875,-0.001090830782496456,-0.003272492347489368,-0.001090830782496456,22.25,-4.875,-41.25,,,False,,,False,,,,,,,,,,,,,,
351.79089975357056,55.83502650260925,0.12103056907653809,odometry_only,0,-180,0.2431384300002719,True,,,N/A,False,37,-0.41000000000000003,0.17,9.73,0.0021697758623873877,-0.09281886269728787,-0.05234653390927843,0.09015525310077668,0.014944741180688462,-0.05485338514078548,4.4882264194046,1.0279674218407184,-3.4459927307634044,121.18526905775582,30.240501972822685,-95.70964847271011,-0.41000000000000003,0.26,9.790000000000001,-2.375,-1.5,260.5,0.0,0.0,-0.1875,-2.375,-1.5,260.6875,0.64605712890625,-0.007568359375,0.02392578125,0.76287841796875,-0.001090830782496456,0.001090830782496456,0.001090830782496456,21.1875,-5.5625,-40.5,,,False,,,False,,,,,,,,,,,,,,
351.9110929965973,55.955219745635986,0.12017583847045898,odometry_only,0,-180,0.3633252080003331,False,,,N/A,False,37,-0.4,0.14,9.75,0.0028697967765239922,-0.08510676234331759,-0.056951021837824606,0.08234570876995384,0.014156014404402333,-0.05927568744290669,4.498591643269488,1.0297160256919995,-3.452850509259205,121.72526825568748,30.3641438896297,-96.1241856081331,-0.41000000000000003,0.26,9.790000000000001,-2.375,-1.5,260.5,0.0,0.0,-0.1875,-2.375,-1.5,260.6875,0.64605712890625,-0.007568359375,0.02392578125,0.76287841796875,0.001090830782496456,0.003272492347489368,0.002181661564992912,22.25,-4.5,-42.1875,,,False,,,False,,,,,,,,,,,,,,
352.0326085090637,56.07673525810242,0.12149620056152344,odometry_only,0,-180,0.484846583000035,False,,,N/A,False,37,-0.41000000000000003,0.16,9.72,0.003149882825997473,-0.08604931462547366,-0.058793327985699445,0.08319322063315218,0.014501383119789865,-0.0611527567102419,4.5086478187532375,1.0314569081505849,-3.460166308461276,122.27244094177927,30.489356229710758,-96.54413824701858,-0.41000000000000003,0.26,9.790000000000001,-2.375,-1.5,260.5,0.0,0.0,-0.1875,-2.375,-1.5,260.6875,0.64605712890625,-0.007568359375,0.02392578125,0.76287841796875,0.001090830782496456,0.002181661564992912,-0.001090830782496456,23.375,-4.5,-41.6875,,,False,,,False,,,,,,,,,,,,,,
352.1540355682373,56.198162317276,0.12140798568725586,odometry_only,0,-180,0.0,True,,,N/A,False,37,-0.4,0.15,9.71,0.0052742437030022776,-0.08843577959666211,-0.06354932477794828,0.08510361803480526,0.01676608538008204,-0.06605674846414239,4.518864108843342,1.0333549683346395,-3.4678884333530235,122.82044696122786,30.614698555084356,-96.96469883248594,-0.41000000000000003,0.26,-317.89,-2.375,-1.5,260.5,0.0,0.0,-0.1875,-2.375,-1.5,260.6875,0.64605712890625,-0.007568359375,0.02392578125,0.76287841796875,0.004363323129985824,0.004363323129985824,0.0,21.875,-4.875,-41.25,,,False,,,False,,,,,,,,,,,,,,
352.2777454853058,56.32187223434448,0.12369036674499512,odometry_only,0,-180,0.12264390200016351,True,,,N/A,False,37,-0.4,0.16,9.73,0.0040931817235862695,-0.09141598651446829,-0.06138952769852469,0.08827918878699285,0.016191263425674653,-0.06392916903788573,4.529587000324875,1.0353932216150028,-3.4759274362567787,123.38005007931145,30.742640666243314,-97.39414039824682,-0.41000000000000003,0.26,9.790000000000001,-2.375,-1.5,260.5,0.0,0.0,-0.1875,-2.375,-1.5,260.6875,0.64605712890625,-0.007568359375,0.02392578125,0.76287841796875,0.003272492347489368,0.001090830782496456,0.001090830782496456,22.6875,-5.1875,-40.5,,,False,,,False,,,,,,,,,,,,,,
352.39858317375183,56.44270992279053,0.1208181381225586,odometry_only,0,-180,0.24347740500024884,True,,,N/A,False,37,-0.39,0.17,9.74,0.007654391410590531,-0.09056229089425129,-0.05653246318914767,0.0869434549942304,0.019785071934055525,-0.0592066229094713,4.5401720371141545,1.0375665185423204,-3.483365954816442,123.92794577937326,30.86786623434773,-97.81454483332587,-0.41000000000000003,0.26,9.790000000000001,-2.375,-1.5,260.5,0.0,0.0,-0.1875,-2.375,-1.5,260.6875,0.64605712890625,-0.007568359375,0.02392578125,0.76287841796875,0.0,0.002181661564992912,-0.001090830782496456,21.1875,-5.1875,-40.875,,,False,,,False,,,,,,,,,,,,,,
