time,runtime,loop_dt,nav_mode,receiver_pulse_width,receiver_angle,receiver_sample_age_sec,receiver_is_fresh,battery_percent,battery_seconds_left,battery_time_remaining,battery_plugged_in,imu_temperature,imu_raw_acceleration_x,imu_raw_acceleration_y,imu_raw_acceleration_z,imu_body_acceleration_x,imu_body_acceleration_y,imu_body_acceleration_z,imu_acceleration_x,imu_acceleration_y,imu_acceleration_z,imu_velocity_x,imu_velocity_y,imu_velocity_z,imu_position_x,imu_position_y,imu_position_z,imu_gravity_x,imu_gravity_y,imu_gravity_z,imu_absolute_roll,imu_absolute_pitch,imu_absolute_yaw,imu_relative_roll,imu_relative_pitch,imu_relative_yaw,imu_initial_roll,imu_initial_pitch,imu_initial_yaw,imu_quaternion_w,imu_quaternion_x,imu_quaternion_y,imu_quaternion_z,imu_angular_velocity_x,imu_angular_velocity_y,imu_angular_velocity_z,imu_magnetic_x,imu_magnetic_y,imu_magnetic_z,gps_lat,gps_lon,gps_has_fix,gps_speed_mps,gps_track_deg,ekf_initialized,ekf_east_m,ekf_north_m,ekf_yaw_rad,ekf_roll_rad,ekf_pitch_rad,ekf_vx_body_mps,ekf_vy_body_mps,ekf_yaw_rate_radps,ekf_bias_ax_mps2,ekf_bias_ay_mps2,ekf_bias_gz_radps,ekf_pos_1sigma_m,ekf_yaw_1sigma_rad,ekf_vel_1sigma_mps
0.010563373565673828,0.0002753734588623047,0.00026607513427734375,odometry_only,0,0,,False,,,N/A,False,-91,-0.4530859375000015,0.22933593750000048,11.108769531249997,-0.009531249999999969,0.008398437499999996,-0.008046874999999981,-0.006174286703673422,-0.011538075990690348,-0.007408215871816013,-8.214120818733619e-07,-1.534997559262565e-06,-9.855710164244974e-07,-1.0927866499074362e-10,-2.0421234084809096e-10,-1.3111797026750314e-10,-0.4169140624999985,0.24066406249999955,8.561230468750004,357.5,358.625,257.0625,360.0,360.0,0.0,-2.5,-1.375,257.0625,0.6231689453125,-0.009521484375,0.0234375,0.78167724609375,0.001090830782496456,-0.001090830782496456,0.0,22.25,-6.1875,-36.6875,,,False,,,False,,,,,,,,,,,,,,
0.13824105262756348,0.12795305252075195,0.12766170501708984,odometry_only,0,0,,False,,,N/A,False,-91,-0.43308593750000146,0.23933593750000043,11.078769531249996,-0.009531249999999969,0.014558551969392226,-0.008046874999999981,-0.012178435904498311,-0.012906985164066813,-0.0072556041904312625,-0.0011722913420143212,-0.0015618840906909278,-0.0009369897066215723,-7.48808964612721e-05,-9.979457744348252e-05,-5.9871892721542716e-05,-0.4169140624999985,0.24066406249999955,8.561230468750004,357.5,358.625,257.0625,360.0,360.0,0.0,-2.5,-1.375,257.0625,0.6231689453125,-0.009521484375,0.0234375,0.78167724609375,0.0,-0.001090830782496456,0.0,21.0625,-5.0625,-37.875,,,False,,,False,,,,,,,,,,,,,,
0.26067423820495605,0.25038623809814453,0.12241220474243164,odometry_only,0,0,,False,,,N/A,False,-91,-0.3930859375000015,0.23933593750000043,11.108769531249997,-0.0054910367576933156,0.014865538803694383,-0.0060267683788466555,-0.013350238960839315,-0.008942898161921847,-0.00540863733714244,-0.00273480202922366,-0.0028992302863405112,-0.001712118570012051,-0.0003140188533151627,-0.0003728420006937715,-0.00022201348509361536,-0.4169140624999985,0.24066406249999955,8.561230468750004,357.5,358.625,257.0625,360.0,360.0,0.0,-2.5,-1.375,257.0625,0.6231689453125,-0.009521484375,0.0234375,0.78167724609375,0.002181661564992912,0.001090830782496456,0.001090830782496456,22.25,-5.5,-38.75,,,False,,,False,,,,,,,,,,,,,,
0.3816070556640625,0.371319055557251,0.12091326713562012,odometry_only,0,0,,False,,,N/A,False,37,-0.4230859375000015,0.21933593750000047,11.088769531249996,-0.0039070580332531,0.01297560550187174,-0.0052347790166265475,-0.011850257290816289,-0.006942035883916864,-0.004734331198405029,-0.004258339196836974,-0.0038595799231986127,-0.0023253283020554716,-0.0007368006299070563,-0.0007814569128862519,-0.00046610393118770246,-0.4169140624999985,0.24066406249999955,8.561230468750004,357.5,358.625,257.0625,360.0,360.0,0.0,-2.5,-1.375,257.0625,0.6231689453125,-0.009521484375,0.0234375,0.78167724609375,-0.001090830782496456,0.0,0.0,21.0625,-6.5625,-38.75,,,False,,,False,,,,,,,,,,,,,,
0.5049974918365479,0.49470949172973633,0.12337207794189453,odometry_only,0,0,,False,,,N/A,False,37,-0.38308593750000147,0.21933593750000047,11.088769531249996,0.0048319281514019475,0.006140531215708832,-0.004917921279677832,-0.00713370414547788,0.0031021607928023885,-0.004972571423811286,-0.005429384581819176,-0.00409644660771267,-0.0029241086754966976,-0.001334397936457012,-0.0012722326755259356,-0.0007899209051605172,-0.4169140624999985,0.24066406249999955,8.561230468750004,357.5,358.625,257.0625,360.0,360.0,0.0,-2.5,-1.375,257.0625,0.6231689453125,-0.009521484375,0.0234375,0.78167724609375,-0.002181661564992912,0.0,0.001090830782496456,21.875,-5.875,-37.875,,,False,,,False,,,,,,,,,,,,,,
0.6236188411712646,0.6133308410644531,0.11860275268554688,odometry_only,0,0,,False,,,N/A,False,37,-0.44308593750000147,0.19933593750000045,11.098769531249998,0.006210471745998034,-0.008467112822528135,-0.012775062713186723,0.006683930544842518,0.00730956648609268,-0.013242337272559768,-0.0054560567753794975,-0.0034790168499685935,-0.004004277831149454,-0.001979919591037441,-0.00172146808500082,-0.001200783760839334,-0.4169140624999985,0.24066406249999955,8.561230468750004,357.5,358.625,257.0625,360.0,360.0,0.0,-2.5,-1.375,257.0625,0.6231689453125,-0.009521484375,0.0234375,0.78167724609375,0.0,-0.002181661564992912,-0.002181661564992912,22.25,-5.875,-37.5625,,,False,,,False,,,,,,,,,,,,,,
0.7469689846038818,0.7366809844970703,0.12333106994628906,odometry_only,0,0,,False,,,N/A,False,37,-0.3930859375000015,0.26933593750000046,11.088769531249996,0.014876882236781894,-0.00632017461403226,-0.013953301350371886,0.002640659162158838,0.015214570121659027,-0.0147480380395377,-0.004881050962692182,-0.0020900539162433955,-0.005730319298869042,-0.002617362869780663,-0.0020648878131025823,-0.001801072900609962,-0.4169140624999985,0.24066406249999955,8.561230468750004,357.5,358.625,257.0625,360.0,360.0,0.0,-2.5,-1.375,257.0625,0.6231689453125,-0.009521484375,0.0234375,0.78167724609375,0.0,0.001090830782496456,-0.001090830782496456,21.5,-5.875,-38.375,,,False,,,False,,,,,,,,,,,,,,
0.8678889274597168,0.8576009273529053,0.12091064453125,odometry_only,0,0,,False,,,N/A,False,37,-0.4230859375000015,0.22933593750000048,11.098769531249998,0.008197877517348354,-0.00749500999155842,-0.016422059290229492,0.005240727384360272,0.008851948805396082,-0.016948220576930247,-0.004404579199122407,-0.0006351047586965154,-0.007646526828142205,-0.003178728633652572,-0.002229638159021038,-0.0026097744441161046,-0.4169140624999985,0.24066406249999955,8.561230468750004,357.5,358.625,257.0625,360.0,360.0,0.0,-2.5,-1.375,257.0625,0.6231689453125,-0.009521484375,0.0234375,0.78167724609375,-0.001090830782496456,-0.002181661564992912,0.0,20.375,-5.5,-38.75,,,False,,,False,,,,,,,,,,,,,,
0.9880905151367188,0.9778025150299072,0.12018990516662598,odometry_only,0,0,,False,,,N/A,False,37,-0.4130859375000015,0.25933593750000045,11.078769531249996,0.003547653248410532,0.006078267216394539,-0.013388633120522615,-0.006907793224469695,0.0014544859929931757,-0.013377351607286347,-0.004504761441737044,-1.5740048184306027e-05,-0.009468940650614537,-0.003714135037013604,-0.0022687506468296367,-0.0036383276506932265,-0.4169140624999985,0.24066406249999955,8.561230468750004,357.5,358.625,257.0625,360.0,360.0,0.0,-2.5,-1.375,257.0625,0.6231689453125,-0.009521484375,0.0234375,0.78167724609375,0.001090830782496456,0.002181661564992912,-0.002181661564992912,20.0625,-5.875,-37.5625,,,False,,,False,,,,,,,,,,,,,,
1.1056325435638428,1.0953445434570312,0.11753034591674805,odometry_only,0,0,,False,,,N/A,False,37,-0.4230859375000015,0.22933593750000048,11.098769531249998,-0.004250961960183555,0.0034865626863407784,-0.012191060832296131,-0.002624378112790483,-0.005505693893797057,-0.011901627428144783,-0.005064921139039994,-0.0002538099811653775,-0.010954464225842758,-0.004276499089029706,-0.0022845908009253056,-0.004838512570657139,-0.4169140624999985,0.24066406249999955,8.561230468750004,357.5,358.625,257.0625,360.0,360.0,0.0,-2.5,-1.375,257.0625,0.6231689453125,-0.009521484375,0.0234375,0.78167724609375,-0.003272492347489368,-0.006544984694978736,-0.001090830782496456,20.75,-6.1875,-37.875,,,False,,,False,,,,,,,,,,,,,,
1.2219913005828857,1.2117033004760742,0.1163473129272461,odometry_only,0,0,,False,,,N/A,False,37,-0.43308593750000146,0.25933593750000045,11.088769531249996,-0.0014482241348775572,0.008382869271583814,-0.007750636081429536,-0.007958504740295034,-0.0036490863887852338,-0.007469175380317906,-0.005680566130530158,-0.0007863770243242696,-0.01208133465384685,-0.004901603373983915,-0.002345102282440585,-0.006178589221049315,-0.4169140624999985,0.24066406249999955,8.561230468750004,357.5,358.625,257.0625,360.0,360.0,0.0,-2.5,-1.375,257.0625,0.6231689453125,-0.009521484375,0.0234375,0.78167724609375,-0.001090830782496456,0.0,0.0,20.75,-5.5,-39.1875,,,False,,,False,,,,,,,,,,,,,,
1.3422667980194092,1.3319787979125977,0.1202554702758789,odometry_only,0,0,,False,,,N/A,False,37,-0.4630859375000015,0.22933593750000048,11.098769531249998,-0.006312427542987619,0.008392237920278479,-0.0019111066141981993,-0.006798589355360801,-0.0081046102129238,-0.001422393532257115,-0.006567876775719402,-0.0014931001804835294,-0.012615964554382898,-0.005638074504903062,-0.002482162084064239,-0.0076635818864641955,-0.4169140624999985,0.24066406249999955,8.561230468750004,357.5,358.625,257.0625,360.0,360.0,0.0,-2.5,-1.375,257.0625,0.6231689453125,-0.009521484375,0.0234375,0.78167724609375,-0.003272492347489368,-0.001090830782496456,-0.001090830782496456,19.6875,-6.1875,-37.875,,,False,,,False,,,,,,,,,,,,,,
1.4631412029266357,1.4528532028198242,0.12086319923400879,odometry_only,0,0,,False,,,N/A,False,37,-0.3630859375000015,0.23933593750000043,11.108769531249997,0.007826327108410401,0.016435808209110236,0.0004189763657470916,-0.01776003148813779,0.003989125329286388,0.0004805094558377323,-0.008051993517679528,-0.0017418055152013394,-0.012672884115774706,-0.006521576652926283,-0.002677652609864634,-0.009191827464074175,-0.4169140624999985,0.24066406249999955,8.561230468750004,357.5,358.625,257.0625,360.0,360.0,0.0,-2.5,-1.375,257.0625,0.6231689453125,-0.009521484375,0.0234375,0.78167724609375,-0.001090830782496456,0.001090830782496456,0.001090830782496456,20.75,-5.5,-39.1875,,,False,,,False,,,,,,,,,,,,,,
1.5806102752685547,1.5703222751617432,0.11745762825012207,odometry_only,1461,-5,0.0,True,,,N/A,False,37,-0.43308593750000146,0.21933593750000047,11.068769531249997,0.009401542519274666,0.009657442680624134,-0.004627732690496619,-0.011577073145669433,0.006784543630139797,-0.00479712995826778,-0.00977492688268586,-0.0011090807134382591,-0.012926394118910348,-0.0075685305475416,-0.0028450817772781053,-0.010695242717254713,-0.4169140624999985,0.24066406249999955,8.561230468750004,357.5,358.625,257.0625,360.0,360.0,0.0,-2.5,-1.375,257.0625,0.6231689453125,-0.009521484375,0.0234375,0.78167724609375,0.001090830782496456,0.002181661564992912,-0.001090830782496456,20.75,-6.5625,-38.75,,,False,,,False,,,,,,,,,,,,,,
1.7024857997894287,1.6921977996826172,0.12186384201049805,odometry_only,1461,-5,0.0,True,,,N/A,False,37,-0.43308593750000146,0.26933593750000046,11.088769531249996,0.014080223374692967,0.012928859021923375,-0.008712707169616108,-0.015868176422594065,0.010415457327106336,-0.009002142956105293,-0.011447218661348636,-6.105161382113011e-05,-0.0137672103260588,-0.008861636643392607,-0.0029163801878083627,-0.012321735314640937,-0.4169140624999985,0.24066406249999955,8.561230468750004,357.5,358.625,257.0625,360.0,360.0,0.0,-2.5,-1.375,257.0625,0.6231689453125,-0.009521484375,0.0234375,0.78167724609375,0.0,0.003272492347489368,0.001090830782496456,19.6875,-6.1875,-38.75,,,False,,,False,,,,,,,,,,,,,,
1.8233416080474854,1.8130536079406738,0.12084412574768066,odometry_only,1471,-4,0.0,True,,,N/A,False,37,-0.3630859375000015,0.23933593750000043,11.098769531249998,0.009892854815362846,0.008187411027247665,-0.010321075980229188,-0.010335451966166715,0.007313476875699055,-0.010541270025963856,-0.013030495943377088,0.0010101671632669557,-0.01494806365403081,-0.010340630654247266,-0.0028590326684052076,-0.014056771404505463,-0.4169140624999985,0.24066406249999955,8.561230468750004,357.5,358.625,257.0625,360.0,360.0,0.0,-2.5,-1.375,257.0625,0.6231689453125,-0.009521484375,0.0234375,0.78167724609375,0.002181661564992912,0.001090830782496456,0.001090830782496456,20.0625,-5.5,-37.5625,,,False,,,False,,,,,,,,,,,,,,
1.9457969665527344,1.9355089664459229,0.12244319915771484,odometry_only,1467,-4,0.0,True,,,N/A,False,37,-0.4230859375000015,0.23933593750000043,11.078769531249996,0.006201284329032681,0.012355928772893687,-0.012983316180524396,-0.013612834773528799,0.00266319273140009,-0.012934045620679464,-0.014496648364754387,0.0016209548350833364,-0.016385260028536894,-0.012025886460629114,-0.002697951170979083,-0.015975047600474353,-0.4169140624999985,0.24066406249999955,8.561230468750004,357.5,358.625,257.0625,360.0,360.0,0.0,-2.5,-1.375,257.0625,0.6231689453125,-0.009521484375,0.0234375,0.78167724609375,0.002181661564992912,0.002181661564992912,0.0,21.0625,-6.1875,-40.0625,,,False,,,False,,,,,,,,,,,,,,
2.068728446960449,2.0584404468536377,0.12292003631591797,odometry_only,1467,-4,0.0,True,,,N/A,False,37,-0.4230859375000015,0.25933593750000045,11.098769531249998,0.00474492135136226,0.007930252453055951,-0.014033597647377868,-0.008989285207810511,0.0021775354830906274,-0.01402840462065531,-0.01588577506921587,0.0019184660790436802,-0.018042372709952393,-0.013893190756563725,-0.0024804182973281767,-0.018090970533717447,-0.4169140624999985,0.24066406249999955,8.561230468750004,357.5,358.625,257.0625,360.0,360.0,0.0,-2.5,-1.375,257.0625,0.6231689453125,-0.009521484375,0.0234375,0.78167724609375,0.0,0.001090830782496456,0.001090830782496456,20.0625,-6.5625,-39.1875,,,False,,,False,,,,,,,,,,,,,,
2.193758010864258,2.1834700107574463,0.12501788139343262,odometry_only,1471,-4,0.0,True,,,N/A,False,-110,-0.37308593750000146,0.23933593750000043,11.098769531249998,0.004168800682844047,0.006179505119373631,-0.014449077078050983,-0.007160261463338813,0.001985414986444713,-0.014461320623280914,-0.016895266124361596,0.002178687703067232,-0.019823235255691345,-0.015942298916509674,-0.002224309554536879,-0.02045790957648698,-0.4169140624999985,0.24066406249999955,8.561230468750004,357.5,358.625,257.0625,360.0,360.0,0.0,-2.5,-1.375,257.0625,0.6231689453125,-0.009521484375,0.0234375,0.78167724609375,0.0,0.001090830782496456,-0.001090830782496456,21.0625,-6.1875,-38.75,,,False,,,False,,,,,,,,,,,,,,
2.31622576713562,2.3059377670288086,0.12245631217956543,odometry_only,1467,-4,0.0,True,,,N/A,False,-91,-0.4230859375000015,0.23933593750000043,11.078769531249996,0.01000770666089084,0.007524439967876469,-0.008548193861452868,-0.009689496665210955,0.007658643920840439,-0.008792146234124845,-0.017926945745131526,0.0027691756471815467,-0.021247002154065175,-0.018074398740246484,-0.0019213610050169314,-0.022972564483255985,-0.4169140624999985,0.24066406249999955,8.561230468750004,357.5,358.625,257.0625,360.0,360.0,0.0,-2.5,-1.375,257.0625,0.6231689453125,-0.009521484375,0.0234375,0.78167724609375,0.0,0.0,-0.001090830782496456,19.6875,-5.875,-37.875,,,False,,,False,,,,,,,,,,,,,,
2.437572956085205,2.4272849559783936,0.12133526802062988,odometry_only,1471,-4,0.0,True,,,N/A,False,-91,-0.4230859375000015,0.24933593750000044,11.088769531249996,0.014312274931622878,0.010065332194586215,-0.006232369823494835,-0.013093397338311616,0.011398080044416739,-0.006606154476297572,-0.01930913002023303,0.003925302002141367,-0.022181180625945856,-0.02033342335675998,-0.0015152228850975754,-0.025607249581886756,-0.4169140624999985,0.24066406249999955,8.561230468750004,357.5,358.625,257.0625,360.0,360.0,0.0,-2.5,-1.375,257.0625,0.6231689453125,-0.009521484375,0.0234375,0.78167724609375,0.002181661564992912,0.002181661564992912,-0.002181661564992912,21.5,-5.875,-38.375,,,False,,,False,,,,,,,,,,,,,,
2.5597877502441406,2.549499750137329,0.12220358848571777,odometry_only,1461,-5,0.0,True,,,N/A,False,-91,-0.4030859375000015,0.23933593750000043,11.118769531249997,0.00794704358244738,0.01107456855014007,-0.007331278927550697,-0.012672494351794872,0.004922109125527163,-0.007397969292092775,-0.020883472232765706,0.0049224948428078135,-0.023036857714993572,-0.022789263469707773,-0.0009746066227748745,-0.02837015285666054,-0.4169140624999985,0.24066406249999955,8.561230468750004,357.5,358.625,257.0625,360.0,360.0,0.0,-2.5,-1.375,257.0625,0.6231689453125,-0.009521484375,0.0234375,0.78167724609375,-0.002181661564992912,-0.004363323129985824,0.001090830782496456,21.0625,-5.875,-38.75,,,False,,,False,,,,,,,,,,,,,,
2.6797091960906982,2.6694211959838867,0.11990976333618164,odometry_only,1461,-5,0.0,True,,,N/A,False,-91,-0.44308593750000147,0.25933593750000045,11.108769531249997,-0.0005553492492199764,0.01146960620900714,-0.009765049524948423,-0.011195182559003772,-0.003563269289769481,-0.009443911850613761,-0.02231445597764486,0.005003963924366553,-0.024046610705972592,-0.02537919014386962,-0.0003794669620057526,-0.031193036634362858,-0.4169140624999985,0.24066406249999955,8.561230468750004,357.5,358.625,257.0625,360.0,360.0,0.0,-2.5,-1.375,257.0625,0.6231689453125,-0.009521484375,0.0234375,0.78167724609375,0.002181661564992912,-0.003272492347489368,-0.001090830782496456,21.0625,-6.1875,-38.375,,,False,,,False,,,,,,,,,,,,,,
2.803260564804077,2.7929725646972656,0.12353730201721191,odometry_only,1465,-5,0.0,True,,,N/A,False,37,-0.4230859375000015,0.26933593750000046,11.078769531249996,-0.001959858352487344,0.015683820216219786,-0.012774793018821609,-0.0150324147682451,-0.006013450123464575,-0.012283465384748003,-0.023934499283745945,0.004412422885123157,-0.025388681487755985,-0.0282359257209231,0.00020217054859165788,-0.034246587945385744,-0.4169140624999985,0.24066406249999955,8.561230468750004,357.5,358.625,257.0625,360.0,360.0,0.0,-2.5,-1.375,257.0625,0.6231689453125,-0.009521484375,0.0234375,0.78167724609375,0.002181661564992912,0.002181661564992912,0.001090830782496456,20.0625,-6.1875,-38.75,,,False,,,False,,,,,,,,,,,,,,
2.9259033203125,2.9156153202056885,0.12263178825378418,odometry_only,1461,-5,0.0,True,,,N/A,False,37,-0.4230859375000015,0.22933593750000048,11.098769531249998,-0.006551603054108914,0.017330126484608778,-0.011929033462497886,-0.015600326949973905,-0.010809657871490304,-0.011195522393161806,-0.02581277323175669,0.003380898976419232,-0.026828316616552897,-0.03128622421558531,0.0006800250467507846,-0.037448319872773674,-0.4169140624999985,0.24066406249999955,8.561230468750004,357.5,358.625,257.0625,360.0,360.0,0.0,-2.5,-1.375,257.0625,0.6231689453125,-0.009521484375,0.0234375,0.78167724609375,-0.002181661564992912,-0.002181661564992912,-0.001090830782496456,20.75,-5.0625,-38.375,,,False,,,False,,,,,,,,,,,,,,
3.0480360984802246,3.037748098373413,0.12212085723876953,odometry_only,1461,-5,0.0,True,,,N/A,False,37,-0.4230859375000015,0.26933593750000046,11.088769531249996,-0.008355668766966065,0.019995158884059956,-0.0095785304998134,-0.017761655288384172,-0.013044645452955394,-0.008702450936443937,-0.027849870166823137,0.0019243449910117628,-0.02804329539671571,-0.03456288822235179,0.0010039655173325265,-0.04079880402134044,-0.4169140624999985,0.24066406249999955,8.561230468750004,357.5,358.625,257.0625,360.0,360.0,0.0,-2.5,-1.375,257.0625,0.6231689453125,-0.009521484375,0.0234375,0.78167724609375,0.0,0.003272492347489368,-0.001090830782496456,20.75,-5.5,-37.0625,,,False,,,False,,,,,,,,,,,,,,
3.1699039936065674,3.159615993499756,0.1218557357788086,odometry_only,1465,-5,0.0,True,,,N/A,False,37,-0.4030859375000015,0.20933593750000046,11.068769531249997,0.0010155646984492863,0.0069303598391751604,-0.008651965260803357,-0.007105449494067721,-0.0009708195995287547,-0.008513980198694378,-0.02936496984180034,0.0010704125878854458,-0.029092255838444447,-0.03804886643571061,0.001186429711460368,-0.04427995133878457,-0.4169140624999985,0.24066406249999955,8.561230468750004,357.5,358.625,257.0625,360.0,360.0,0.0,-2.5,-1.375,257.0625,0.6231689453125,-0.009521484375,0.0234375,0.78167724609375,0.003272492347489368,0.002181661564992912,0.0,20.0625,-5.875,-38.375,,,False,,,False,,,,,,,,,,,,,,
3.292599678039551,3.2823116779327393,0.12268424034118652,odometry_only,1471,-4,0.0,True,,,N/A,False,37,-0.44308593750000147,0.23933593750000043,11.068769531249997,0.002705760626920804,0.001755221148488112,-0.010306813455731216,-0.0024621927259189332,0.0017448270962481345,-0.01036945181030159,-0.029951869300608003,0.001117891848762146,-0.030250605593973506,-0.04168748711052397,0.0013206649451830469,-0.047920168276038816,-0.4169140624999985,0.24066406249999955,8.561230468750004,357.5,358.625,257.0625,360.0,360.0,0.0,-2.5,-1.375,257.0625,0.6231689453125,-0.009521484375,0.0234375,0.78167724609375,0.003272492347489368,0.001090830782496456,0.0,19.6875,-5.875,-37.0625,,,False,,,False,,,,,,,,,,,,,,
3.417379140853882,3.4070911407470703,0.12476754188537598,odometry_only,1471,-4,0.0,True,,,N/A,False,37,-0.37308593750000146,0.23933593750000043,11.078769531249996,0.015586605051266626,-0.0023295834510036343,-0.012997442590266656,-0.001393569324690309,0.015065262500762636,-0.013725835504151834,-0.03019240627718272,0.0021665686277081283,-0.03175376047859663,-0.045439513821682764,0.0015255619752174803,-0.05178823444655661,-0.4169140624999985,0.24066406249999955,8.561230468750004,357.5,358.625,257.0625,360.0,360.0,0.0,-2.5,-1.375,257.0625,0.6231689453125,-0.009521484375,0.0234375,0.78167724609375,0.002181661564992912,0.003272492347489368,0.0,21.0625,-5.5,-37.5625,,,False,,,False,,,,,,,,,,,,,,
3.538407325744629,3.5281193256378174,0.1210169792175293,odometry_only,1471,-4,0.0,True,,,N/A,False,37,-0.4130859375000015,0.19933593750000045,11.078769531249996,0.010488072737885362,-0.0039013469431020496,-0.01604372355498553,0.0012324394323827387,0.010301878835131508,-0.01658232880949478,-0.030202156003597075,0.003701496035635143,-0.03358766172402965,-0.04909389756587522,0.0018806297049229457,-0.05574194521292612,-0.4169140624999985,0.24066406249999955,8.561230468750004,357.5,358.625,257.0625,360.0,360.0,0.0,-2.5,-1.375,257.0625,0.6231689453125,-0.009521484375,0.0234375,0.78167724609375,-0.002181661564992912,-0.001090830782496456,0.0,20.0625,-5.875,-38.75,,,False,,,False,,,,,,,,,,,,,,
3.66204571723938,3.6517577171325684,0.1236257553100586,odometry_only,1471,-4,0.0,True,,,N/A,False,37,-0.4230859375000015,0.23933593750000043,11.108769531249997,0.014532215770041323,-0.0025021930358155205,-0.015234461107791667,-0.0010221015566179343,0.01396835391375429,-0.01591777207301331,-0.030189154414216206,0.005201708963201107,-0.035596586483656226,-0.05282685824815841,0.002430962426253656,-0.060018422683042985,-0.4169140624999985,0.24066406249999955,8.561230468750004,357.5,358.625,257.0625,360.0,360.0,0.0,-2.5,-1.375,257.0625,0.6231689453125,-0.009521484375,0.0234375,0.78167724609375,0.001090830782496456,0.001090830782496456,0.0,20.75,-6.5625,-39.5625,,,False,,,False,,,,,,,,,,,,,,
3.7890143394470215,3.77872633934021,0.12695670127868652,odometry_only,1471,-4,0.0,True,,,N/A,False,37,-0.4130859375000015,0.25933593750000045,11.088769531249996,0.009985398159461478,0.00010042753204901524,-0.012865249216861946,-0.002510316125786262,0.00907728205129787,-0.01328661593536668,-0.030413386462464477,0.006664607923697347,-0.037450432865859605,-0.05667380758756348,0.003184216650397756,-0.06465532699047044,-0.4169140624999985,0.24066406249999955,8.561230468750004,357.5,358.625,257.0625,360.0,360.0,0.0,-2.5,-1.375,257.0625,0.6231689453125,-0.009521484375,0.0234375,0.78167724609375,0.0,0.001090830782496456,0.002181661564992912,19.6875,-6.1875,-37.875,,,False,,,False,,,,,,,,,,,,,,
3.9109432697296143,3.9006552696228027,0.12191653251647949,odometry_only,1467,-4,0.0,True,,,N/A,False,37,-0.3930859375000015,0.22933593750000048,11.078769531249996,0.014311608598741064,0.00915499714076904,-0.009949830072654478,-0.012259216848473536,0.011419399920418176,-0.010341379962335955,-0.031313711586019255,0.007914050120739676,-0.03889075453094036,-0.06043658446575142,0.004072906369158377,-0.06930895341827475,-0.4169140624999985,0.24066406249999955,8.561230468750004,357.5,358.625,257.0625,360.0,360.0,0.0,-2.5,-1.375,257.0625,0.6231689453125,-0.009521484375,0.0234375,0.78167724609375,0.001090830782496456,-0.001090830782496456,0.0,20.75,-6.1875,-39.1875,,,False,,,False,,,,,,,,,,,,,,
4.03052830696106,4.020240306854248,0.11957287788391113,odometry_only,1471,-4,0.0,True,,,N/A,False,37,-0.43308593750000146,0.22933593750000048,11.108769531249997,0.010002914569220152,0.010702130986918688,-0.012810034467654084,-0.012846717249683058,0.006741092468579969,-0.012969595939716765,-0.032814705982059454,0.008999801290110363,-0.040284434768385835,-0.06427059418712959,0.005084125313806472,-0.0740425560390367,-0.4169140624999985,0.24066406249999955,8.561230468750004,357.5,358.625,257.0625,360.0,360.0,0.0,-2.5,-1.375,257.0625,0.6231689453125,-0.009521484375,0.0234375,0.78167724609375,-0.001090830782496456,0.0,0.0,21.875,-5.875,-38.375,,,False,,,False,,,,,,,,,,,,,,
4.153035879135132,4.14274787902832,0.12249565124511719,odometry_only,1465,-5,0.0,True,,,N/A,False,37,-0.37308593750000146,0.20933593750000046,11.108769531249997,0.012305950448124941,0.003243697497182691,-0.011943281477094298,-0.0060786002807401126,0.010683231019597164,-0.012390284739865441,-0.033973840530014364,0.010067003216705287,-0.04183767231805778,-0.06836124743748523,0.006251925631419332,-0.07907235653362428,-0.4169140624999985,0.24066406249999955,8.561230468750004,357.5,358.625,257.0625,360.0,360.0,0.0,-2.5,-1.375,257.0625,0.6231689453125,-0.009521484375,0.0234375,0.78167724609375,0.0,-0.001090830782496456,0.001090830782496456,20.75,-5.875,-39.5625,,,False,,,False,,,,,,,,,,,,,,
4.274758338928223,4.264470338821411,0.12171077728271484,odometry_only,1465,-5,0.0,True,,,N/A,False,37,-0.43308593750000146,0.20933593750000046,11.098769531249998,0.005148479131362056,-0.003717094056383664,-0.013618344591360911,0.002279066575365228,0.005178948171138187,-0.013920031838499491,-0.03420506263031089,0.01103230229605634,-0.043438796858711326,-0.07251030108644829,0.007535932068461176,-0.0842618892073393,-0.4169140624999985,0.24066406249999955,8.561230468750004,357.5,358.625,257.0625,360.0,360.0,0.0,-2.5,-1.375,257.0625,0.6231689453125,-0.009521484375,0.0234375,0.78167724609375,0.002181661564992912,0.0,0.001090830782496456,20.5,-6.1875,-37.875,,,False,,,False,,,,,,,,,,,,,,
4.401962041854858,4.391674041748047,0.12719106674194336,odometry_only,1465,-5,0.0,True,,,N/A,False,37,-0.43308593750000146,0.23933593750000043,11.098769531249998,0.00021934449998320393,-0.006516667600583296,-0.014292041302931425,0.00609798852164015,0.0009684574284118901,-0.014444865504052343,-0.033672319343338815,0.011423249834007426,-0.045242677634223766,-0.07682699939688772,0.00896400488331224,-0.08990163487784174,-0.4169140624999985,0.24066406249999955,8.561230468750004,357.5,358.625,257.0625,360.0,360.0,0.0,-2.5,-1.375,257.0625,0.6231689453125,-0.009521484375,0.0234375,0.78167724609375,0.002181661564992912,0.0,0.002181661564992912,20.75,-6.1875,-37.875,,,False,,,False,,,,,,,,,,,,,,
4.529808282852173,4.519520282745361,0.12783527374267578,odometry_only,1465,-5,0.0,True,,,N/A,False,37,-0.3930859375000015,0.20933593750000046,11.098769531249998,-0.003735823909631018,-0.005541769811233585,-0.014551825793540961,0.006026603322809004,-0.0031122860504671987,-0.014505755918931261,-0.03289734408461213,0.011286221374628513,-0.04709313294153761,-0.08108197497052268,0.010415540617565935,-0.09580352168844389,-0.4169140624999985,0.24066406249999955,8.561230468750004,357.5,358.625,257.0625,360.0,360.0,0.0,-2.5,-1.375,257.0625,0.6231689453125,-0.009521484375,0.0234375,0.78167724609375,0.002181661564992912,0.001090830782496456,0.001090830782496456,21.0625,-5.875,-38.75,,,False,,,False,,,,,,,,,,,,,,
4.652302503585815,4.642014503479004,0.1224820613861084,odometry_only,1461,-5,0.0,True,,,N/A,False,37,-0.43308593750000146,0.22933593750000048,11.078769531249996,-0.007248826854153861,-0.001132780842513348,-0.0065676102759391845,0.002627509276784393,-0.007125680945929149,-0.006267619483705401,-0.03236735730927928,0.010659237723567729,-0.048365315862168815,-0.085078852551759,0.011759503151771737,-0.10164949548154302,-0.4169140624999985,0.24066406249999955,8.561230468750004,357.5,358.625,257.0625,360.0,360.0,0.0,-2.5,-1.375,257.0625,0.6231689453125,-0.009521484375,0.0234375,0.78167724609375,0.0,0.002181661564992912,-0.001090830782496456,19.6875,-5.5,-39.5625,,,False,,,False,,,,,,,,,,,,,,
4.773803949356079,4.763515949249268,0.12148928642272949,odometry_only,1465,-5,0.0,True,,,N/A,False,37,-0.4130859375000015,0.24933593750000044,11.078769531249996,-0.0066138420856020645,0.0026121277376146123,-0.005447338210109226,-0.0011482246872300073,-0.007285196326673499,-0.005084004974001417,-0.03227749869467873,0.009783854125280716,-0.04905486623972162,-0.08900568126516947,0.013001311472267194,-0.10756724968490854,-0.4169140624999985,0.24066406249999955,8.561230468750004,357.5,358.625,257.0625,360.0,360.0,0.0,-2.5,-1.375,257.0625,0.6231689453125,-0.009521484375,0.0234375,0.78167724609375,0.002181661564992912,-0.001090830782496456,0.001090830782496456,19.6875,-5.875,-38.75,,,False,,,False,,,,,,,,,,,,,,
4.896015882492065,4.885727882385254,0.12220048904418945,odometry_only,1467,-4,0.0,True,,,N/A,False,37,-0.38308593750000147,0.22933593750000048,11.078769531249996,-0.0043432211925150625,0.008135153359173825,-0.007021666080625629,-0.007060631816431392,-0.0063777933096967835,-0.006619615993679786,-0.03277906183429923,0.008949042117595646,-0.049769960342640855,-0.09298065302125648,0.01414589601331397,-0.11360547075394449,-0.4169140624999985,0.24066406249999955,8.561230468750004,357.5,358.625,257.0625,360.0,360.0,0.0,-2.5,-1.375,257.0625,0.6231689453125,-0.009521484375,0.0234375,0.78167724609375,-0.002181661564992912,-0.002181661564992912,-0.001090830782496456,21.0625,-5.5,-38.375,,,False,,,False,,,,,,,,,,,,,,
5.020604610443115,5.010316610336304,0.12457609176635742,odometry_only,1465,-5,0.0,True,,,N/A,False,37,-0.43308593750000146,0.23933593750000043,11.078769531249996,-0.0034409448734245528,0.01032983730805973,-0.013749334291746476,-0.009497460202885496,-0.006313219286943024,-0.013324088930531108,-0.03381043302973634,0.008158543742672147,-0.05101221475004068,-0.09712838253268521,0.015211494106328749,-0.11988299550032398,-0.4169140624999985,0.24066406249999955,8.561230468750004,357.5,358.625,257.0625,360.0,360.0,0.0,-2.5,-1.375,257.0625,0.6231689453125,-0.009521484375,0.0234375,0.78167724609375,0.002181661564992912,0.001090830782496456,0.001090830782496456,20.5,-6.1875,-38.375,,,False,,,False,,,,,,,,,,,,,,
5.143521785736084,5.1332337856292725,0.12290549278259277,odometry_only,1467,-4,0.0,True,,,N/A,False,37,-0.4230859375000015,0.23933593750000043,11.078769531249996,0.0029788195311632095,0.009157493521228235,-0.012311294334417782,-0.0097666955848011,0.00026855188480525284,-0.012200022902365307,-0.034994268309799466,0.007787082329788838,-0.05258074152137075,-0.1013566203946326,0.016191396621410135,-0.12624906716999568,-0.4169140624999985,0.24066406249999955,8.561230468750004,357.5,358.625,257.0625,360.0,360.0,0.0,-2.5,-1.375,257.0625,0.6231689453125,-0.009521484375,0.0234375,0.78167724609375,-0.002181661564992912,-0.002181661564992912,0.002181661564992912,20.5,-6.1875,-38.75,,,False,,,False,,,,,,,,,,,,,,
5.2660346031188965,5.255746603012085,0.12250089645385742,odometry_only,1471,-4,0.0,True,,,N/A,False,37,-0.3930859375000015,0.21933593750000047,11.108769531249997,0.009539935059984725,0.004655984056911145,-0.007705499453715373,-0.006777215890489368,0.007881442984453764,-0.008000966914982671,-0.03600759030308764,0.008286273168578122,-0.05381806120231094,-0.10570551605961695,0.017175896850195882,-0.13276604152762975,-0.4169140624999985,0.24066406249999955,8.561230468750004,357.5,358.625,257.0625,360.0,360.0,0.0,-2.5,-1.375,257.0625,0.6231689453125,-0.009521484375,0.0234375,0.78167724609375,0.001090830782496456,-0.001090830782496456,-0.002181661564992912,20.0625,-5.5,-38.75,,,False,,,False,,,,,,,,,,,,,,
5.385902166366577,5.375614166259766,0.11985540390014648,odometry_only,1471,-4,0.0,True,,,N/A,False,37,-0.43308593750000146,0.25933593750000045,11.078769531249996,0.012101405939055473,0.004901857541354151,-0.003904118561404476,-0.007533970414556891,0.01050553428409314,-0.004311312328904693,-0.036865226810528416,0.009388162462090373,-0.054555907803164695,-0.11007261652386394,0.01823508516080634,-0.13926064444133637,-0.4169140624999985,0.24066406249999955,8.561230468750004,357.5,358.625,257.0625,360.0,360.0,0.0,-2.5,-1.375,257.0625,0.6231689453125,-0.009521484375,0.0234375,0.78167724609375,0.003272492347489368,0.001090830782496456,0.002181661564992912,20.375,-5.875,-38.75,,,False,,,False,,,,,,,,,,,,,,
5.509236574172974,5.498948574066162,0.1233222484588623,odometry_only,1471,-4,0.0,True,,,N/A,False,37,-0.4130859375000015,0.22933593750000048,11.108769531249997,0.013135075971525391,0.005001078678211227,0.0016819049543808982,-0.007781308033436996,0.011761029267109686,0.0012244381837936294,-0.037809584097518494,0.010761143803383614,-0.054746247933307006,-0.1146771493160743,0.019477514037578587,-0.1460003382447476,-0.4169140624999985,0.24066406249999955,8.561230468750004,357.5,358.625,257.0625,360.0,360.0,0.0,-2.5,-1.375,257.0625,0.6231689453125,-0.009521484375,0.0234375,0.78167724609375,0.0,0.002181661564992912,-0.004363323129985824,20.75,-5.0625,-37.875,,,False,,,False,,,,,,,,,,,,,,
5.631735801696777,5.621447801589966,0.12248778343200684,odometry_only,1467,-4,0.0,True,,,N/A,False,37,-0.4030859375000015,0.23933593750000043,11.088769531249996,0.00747760862928439,0.009081085224284913,-0.00017428486544106931,-0.01052220578478477,0.005255145901925357,-0.0002788222550568044,-0.03893056251582404,0.011803280592856543,-0.05468833473376252,-0.11937701454553207,0.020859447201935867,-0.15270253797559563,-0.4169140624999985,0.24066406249999955,8.561230468750004,357.5,358.625,257.0625,360.0,360.0,0.0,-2.5,-1.375,257.0625,0.6231689453125,-0.009521484375,0.0234375,0.78167724609375,0.003272492347489368,0.00545415391248228,0.0,19.6875,-6.1875,-38.75,,,False,,,False,,,,,,,,,,,,,,
5.754755735397339,5.744467735290527,0.12300801277160645,odometry_only,1465,-5,0.0,True,,,N/A,False,37,-0.4130859375000015,0.23933593750000043,11.078769531249996,0.009293801715230917,0.008666587905929553,-0.004954448020168806,-0.010591944645409449,0.006883967602657064,-0.005143223708136576,-0.04022916735871351,0.01254988470736037,-0.05502181228330689,-0.12424565507723408,0.022357264436074928,-0.15945015155832087,-0.4169140624999985,0.24066406249999955,8.561230468750004,357.5,358.625,257.0625,360.0,360.0,0.0,-2.5,-1.375,257.0625,0.6231689453125,-0.009521484375,0.0234375,0.78167724609375,-0.001090830782496456,0.0,-0.001090830782496456,19.0,-5.5,-39.1875,,,False,,,False,,,,,,,,,,,,,,
5.876484632492065,5.866196632385254,0.12170743942260742,odometry_only,1467,-4,0.0,True,,,N/A,False,37,-0.4230859375000015,0.24933593750000044,11.098769531249998,0.012019745797651362,0.008504450072900835,-0.01488632626511607,-0.011184455706970286,0.009092714710323,-0.015186611191757047,-0.041554342322078365,0.013522125254751003,-0.056258958358082096,-0.12922248585235568,0.02394384322261957,-0.16622200038418983,-0.4169140624999985,0.24066406249999955,8.561230468750004,357.5,358.625,257.0625,360.0,360.0,0.0,-2.5,-1.375,257.0625,0.6231689453125,-0.009521484375,0.0234375,0.78167724609375,-0.003272492347489368,-0.001090830782496456,0.0,20.0625,-5.875,-38.375,,,False,,,False,,,,,,,,,,,,,,
6.016952037811279,6.006664037704468,0.1404578685760498,odometry_only,1467,-4,0.0,True,,,N/A,False,37,-0.4230859375000015,0.19933593750000045,11.088769531249996,0.01315748726775422,0.006308970042204074,-0.019031645983213653,-0.009357820454817662,0.01048743536696516,-0.019431186756964678,-0.042997004484771034,0.014897218327878539,-0.058690129415419,-0.13516043683121792,0.025939703435592862,-0.17429475231590344,-0.4169140624999985,0.24066406249999955,8.561230468750004,357.5,358.625,257.0625,360.0,360.0,0.0,-2.5,-1.375,257.0625,0.6231689453125,-0.009521484375,0.0234375,0.78167724609375,0.001090830782496456,0.002181661564992912,-0.001090830782496456,20.375,-5.5,-38.375,,,False,,,False,,,,,,,,,,,,,,
6.138427734375,6.1281397342681885,0.12146329879760742,odometry_only,1461,-5,0.0,True,,,N/A,False,37,-0.43308593750000146,0.24933593750000044,11.098769531249998,0.007505209764454751,0.005557460523779706,-0.018436674465859785,-0.007355572885986823,0.005179173341168216,-0.018606348848255818,-0.044012036429409075,0.01584867731520914,-0.06100021169178976,-0.14044463939854407,0.027806952390241068,-0.18156374414844967,-0.4169140624999985,0.24066406249999955,8.561230468750004,357.5,358.625,257.0625,360.0,360.0,0.0,-2.5,-1.375,257.0625,0.6231689453125,-0.009521484375,0.0234375,0.78167724609375,-0.001090830782496456,0.001090830782496456,0.001090830782496456,20.75,-5.5,-39.1875,,,False,,,False,,,,,,,,,,,,,,
6.262670040130615,6.252382040023804,0.12423110008239746,odometry_only,1467,-4,0.0,True,,,N/A,False,-110,-0.38308593750000147,0.22933593750000048,11.108769531249997,0.007279803134232838,0.003225519158307021,-0.010071766794903474,-0.004912543620931951,0.005883648450366442,-0.010299980095595006,-0.044774077234205845,0.016535850575798074,-0.06279574421380887,-0.1459596376847799,0.029818535153015524,-0.1892533980424019,-0.4169140624999985,0.24066406249999955,8.561230468750004,357.5,358.625,257.0625,360.0,360.0,0.0,-2.5,-1.375,257.0625,0.6231689453125,-0.009521484375,0.0234375,0.78167724609375,-0.002181661564992912,0.002181661564992912,-0.001090830782496456,20.75,-6.5625,-38.75,,,False,,,False,,,,,,,,,,,,,,
6.384189605712891,6.373901605606079,0.12150740623474121,odometry_only,1465,-5,0.0,True,,,N/A,False,37,-0.44308593750000147,0.20933593750000046,11.098769531249998,-0.0008642343142320087,-0.0017054874413774302,-0.004819811817190933,0.0017861043433983672,-0.0006963861322784894,-0.004817784962510182,-0.04496401999788761,0.016850995970663113,-0.06371420442394715,-0.15141155940233625,0.03184690971612444,-0.19693934590333395,-0.4169140624999985,0.24066406249999955,8.561230468750004,357.5,358.625,257.0625,360.0,360.0,0.0,-2.5,-1.375,257.0625,0.6231689453125,-0.009521484375,0.0234375,0.78167724609375,0.0,0.002181661564992912,-0.001090830782496456,20.75,-6.1875,-37.5625,,,False,,,False,,,,,,,,,,,,,,
6.5068039894104,6.496515989303589,0.12260270118713379,odometry_only,1465,-5,0.0,True,,,N/A,False,37,-0.4130859375000015,0.24933593750000044,11.088769531249996,0.003986779539175425,-0.001642467025669271,0.0013086626154478241,0.0007300246870405845,0.004310753356031218,0.001090493615408312,-0.04480977789005402,0.017072561563020276,-0.06394269241758022,-0.15691481446078098,0.0339264696098778,-0.20476488609230323,-0.4169140624999985,0.24066406249999955,8.561230468750004,357.5,358.625,257.0625,360.0,360.0,0.0,-2.5,-1.375,257.0625,0.6231689453125,-0.009521484375,0.0234375,0.78167724609375,0.002181661564992912,0.001090830782496456,-0.001090830782496456,21.0625,-6.1875,-38.375,,,False,,,False,,,,,,,,,,,,,,
6.628704071044922,6.61841607093811,0.12188839912414551,odometry_only,1461,-5,0.0,True,,,N/A,False,37,-0.43308593750000146,0.23933593750000043,11.108769531249997,-0.00015834762092903267,-0.003634411741970868,-0.0023348172290739134,0.003544279457675548,0.0005401891763463318,-0.002414885701656991,-0.04454928384526945,0.01736819837277764,-0.06402340643318298,-0.1623607309518581,0.03602543415647451,-0.21256367755784408,-0.4169140624999985,0.24066406249999955,8.561230468750004,357.5,358.625,257.0625,360.0,360.0,0.0,-2.5,-1.375,257.0625,0.6231689453125,-0.009521484375,0.0234375,0.78167724609375,0.0,0.001090830782496456,-0.002181661564992912,21.5,-5.5,-37.875,,,False,,,False,,,,,,,,,,,,,,
6.7525153160095215,6.74222731590271,0.12380027770996094,odometry_only,1461,-5,0.0,True,,,N/A,False,37,-0.43308593750000146,0.21933593750000047,11.058769531249997,0.002252449301461268,0.0016611650326366868,-0.003782796405984272,-0.0021759061790507447,0.0016407669808972385,-0.00383612588229347,-0.04446458134931713,0.017503199861747643,-0.06441034491821361,-0.1678707015674215,0.038183978549258944,-0.22051374460016157,-0.4169140624999985,0.24066406249999955,8.561230468750004,357.5,358.625,257.0625,360.0,360.0,0.0,-2.5,-1.375,257.0625,0.6231689453125,-0.009521484375,0.0234375,0.78167724609375,-0.003272492347489368,-0.004363323129985824,0.001090830782496456,20.75,-5.875,-37.5625,,,False,,,False,,,,,,,,,,,,,,
6.8767149448394775,6.866426944732666,0.12418770790100098,odometry_only,1471,-4,0.0,True,,,N/A,False,37,-0.4230859375000015,0.23933593750000043,11.078769531249996,0.001165347332251856,0.0017041967840714944,-0.008413151679628321,-0.0020416065497443577,0.00034798665511038125,-0.008411551001567128,-0.0447264629687333,0.017626689239565427,-0.06517085037787297,-0.17340891724699914,0.04036532875241316,-0.22855994041560806,-0.4169140624999985,0.24066406249999955,8.561230468750004,357.5,358.625,257.0625,360.0,360.0,0.0,-2.5,-1.375,257.0625,0.6231689453125,-0.009521484375,0.0234375,0.78167724609375,0.001090830782496456,0.0,0.003272492347489368,20.0625,-5.5,-37.0625,,,False,,,False,,,,,,,,,,,,,,
6.9983603954315186,6.988072395324707,0.12163376808166504,odometry_only,1471,-4,0.0,True,,,N/A,False,37,-0.4530859375000015,0.24933593750000044,11.078769531249996,-0.007315855486924236,0.0077659437251815094,-0.010206760632934471,-0.006083088691286283,-0.009344968086085698,-0.009678697717681392,-0.045220581617074165,0.017079520863160277,-0.06627104293650132,-0.17887921622738978,0.0424760523077274,-0.23655382679941583,-0.4169140624999985,0.24066406249999955,8.561230468750004,357.5,358.625,257.0625,360.0,360.0,0.0,-2.5,-1.375,257.0625,0.6231689453125,-0.009521484375,0.0234375,0.78167724609375,0.001090830782496456,-0.001090830782496456,0.13962634015954636,19.25,-6.5625,-37.875,,,False,,,False,,,,,,,,,,,,,,
7.119906187057495,7.109618186950684,0.12153458595275879,odometry_only,1471,-4,0.0,True,,,N/A,False,37,-0.3630859375000015,0.18933593750000044,11.128769531249997,-0.0005971430040747072,0.008148167794669514,-0.010915890071412363,-0.007964998888158884,-0.0029216980956037137,-0.010673722273805752,-0.04607424587077215,0.01633410876545411,-0.06750780440490234,-0.18442695575657175,0.04450650812877364,-0.24468320520985323,-0.4169140624999985,0.24066406249999955,8.561230468750004,357.5,358.625,257.0625,360.0,360.0,0.0,-2.5,-1.375,257.0625,0.6231689453125,-0.009521484375,0.0234375,0.78167724609375,-0.002181661564992912,0.001090830782496456,0.001090830782496456,20.5,-5.875,-39.1875,,,False,,,False,,,,,,,,,,,,,,
7.242392539978027,7.232104539871216,0.12247443199157715,odometry_only,1467,-4,0.0,True,,,N/A,False,37,-0.43308593750000146,0.19933593750000045,11.098769531249998,4.895157831859959e-05,0.004258847478881517,-0.009176827062875812,-0.004293406163489597,-0.0013438895273432993,-0.009061730381165162,-0.046824916468683815,0.01607289605483874,-0.06871634858190945,-0.19011584182658084,0.04649102288273047,-0.25302519309015,-0.4169140624999985,0.24066406249999955,8.561230468750004,357.5,358.625,257.0625,360.0,360.0,0.0,-2.5,-1.375,257.0625,0.6231689453125,-0.009521484375,0.0234375,0.78167724609375,0.0,0.002181661564992912,-0.001090830782496456,21.0625,-5.875,-37.5625,,,False,,,False,,,,,,,,,,,,,,
7.366767168045044,7.356479167938232,0.12436270713806152,odometry_only,1471,-4,0.0,True,,,N/A,False,37,-0.4530859375000015,0.25933593750000045,11.128769531249997,0.002337611068132306,0.004750502752443306,-0.00035711660861603885,-0.005156954243878796,0.0012033530853650188,-0.0003420503726915966,-0.04741255267052916,0.016064157308650757,-0.06930108839785067,-0.19597565521457685,0.04848934836059242,-0.26160730413767985,-0.4169140624999985,0.24066406249999955,8.561230468750004,357.5,358.625,257.0625,360.0,360.0,0.0,-2.5,-1.375,257.0625,0.6231689453125,-0.009521484375,0.0234375,0.78167724609375,-0.001090830782496456,0.001090830782496456,0.001090830782496456,20.375,-5.875,-38.375,,,False,,,False,,,,,,,,,,,,,,
7.487723350524902,7.477435350418091,0.12094473838806152,odometry_only,1471,-4,0.0,True,,,N/A,False,37,-0.3930859375000015,0.26933593750000046,11.088769531249996,-0.0028105825869697114,0.012982238768736942,0.0010363029385714588,-0.012011551673271056,-0.0055715757604814075,0.0014805376228657376,-0.04845077289886095,0.015800000534319382,-0.06923224137653544,-0.20177273763057657,0.05041624947772938,-0.26998474280147494,-0.4169140624999985,0.24066406249999955,8.561230468750004,357.5,358.625,257.0625,360.0,360.0,0.0,-2.5,-1.375,257.0625,0.6231689453125,-0.009521484375,0.0234375,0.78167724609375,-0.001090830782496456,0.003272492347489368,0.001090830782496456,20.75,-5.875,-38.375,,,False,,,False,,,,,,,,,,,,,,
7.610203981399536,7.599915981292725,0.12246918678283691,odometry_only,1467,-4,0.0,True,,,N/A,False,37,-0.44308593750000147,0.19933593750000045,11.078769531249996,-0.00890474571496125,0.014244753247187093,0.0036125052831316963,-0.011845351784010113,-0.011661594387813095,0.004353451870550173,-0.049911640681645886,0.014744734367443437,-0.06887499940205631,-0.20779592003117744,0.05228664389968749,-0.27844168353496274,-0.4169140624999985,0.24066406249999955,8.561230468750004,357.5,358.625,257.0625,360.0,360.0,0.0,-2.5,-1.375,257.0625,0.6231689453125,-0.009521484375,0.0234375,0.78167724609375,-0.003272492347489368,-0.00545415391248228,0.003272492347489368,19.6875,-5.875,-39.5625,,,False,,,False,,,,,,,,,,,,,,
7.732081890106201,7.72179388999939,0.12186646461486816,odometry_only,1461,-5,0.0,True,,,N/A,False,37,-0.3930859375000015,0.21933593750000047,11.068769531249997,0.006848632559541342,0.0046582920506636535,0.0026086388356679245,-0.006031175423040277,0.005760489802602686,0.00241870411387302,-0.051000915266803254,0.014385160990882348,-0.06846235004823527,-0.21394484824552124,0.0540616225806476,-0.2868100921535046,-0.4169140624999985,0.24066406249999955,8.561230468750004,357.5,358.625,257.0625,360.0,360.0,0.0,-2.5,-1.375,257.0625,0.6231689453125,-0.009521484375,0.0234375,0.78167724609375,0.0,0.002181661564992912,0.001090830782496456,21.0625,-5.875,-38.75,,,False,,,False,,,,,,,,,,,,,,
7.855320692062378,7.845032691955566,0.12322664260864258,odometry_only,1465,-5,0.0,True,,,N/A,False,37,-0.4630859375000015,0.25933593750000045,11.088769531249996,0.0009467454681410361,-0.0011706643281884982,0.0022103393756712853,0.0009614336807640375,0.0012892962822719147,0.0021367598087744613,-0.05131327889370005,0.01481952172605646,-0.06818167278587894,-0.22024876556432504,0.055861020080477115,-0.2952291842366979,-0.4169140624999985,0.24066406249999955,8.561230468750004,357.5,358.625,257.0625,360.0,360.0,0.0,-2.5,-1.375,257.0625,0.6231689453125,-0.009521484375,0.0234375,0.78167724609375,0.001090830782496456,0.0,-0.002181661564992912,20.0625,-5.875,-38.75,,,False,,,False,,,,,,,,,,,,,,
7.979335784912109,7.969047784805298,0.12400364875793457,odometry_only,1461,-5,0.0,True,,,N/A,False,37,-0.4030859375000015,0.23933593750000043,11.118769531249997,0.00877708257857832,0.002627615419057132,0.004084039521314288,-0.004461088439055919,0.008161221573582955,0.0037568700482067,-0.05153026387341068,0.015405471074445468,-0.06781625698253176,-0.22662525284148224,0.057735024775949384,-0.303661303994102,-0.4169140624999985,0.24066406249999955,8.561230468750004,357.5,358.625,257.0625,360.0,360.0,0.0,-2.5,-1.375,257.0625,0.6231689453125,-0.009521484375,0.0234375,0.78167724609375,0.003272492347489368,0.004363323129985824,0.001090830782496456,20.375,-6.1875,-39.5625,,,False,,,False,,,,,,,,,,,,,,
8.101180791854858,8.090892791748047,0.12183403968811035,odometry_only,1461,-5,0.0,True,,,N/A,False,37,-0.4230859375000015,0.18933593750000044,11.078769531249996,-0.004313984399041421,0.008134728817261395,0.0027950470363709875,-0.006926111521568738,-0.0058730377700096726,0.0031832324457875417,-0.05222393815938027,0.015544860412614587,-0.06739348662118533,-0.23294564962561787,0.05962042673332671,-0.31189787862831925,-0.4169140624999985,0.24066406249999955,8.561230468750004,357.5,358.625,257.0625,360.0,360.0,0.0,-2.5,-1.375,257.0625,0.6231689453125,-0.009521484375,0.0234375,0.78167724609375,0.001090830782496456,0.003272492347489368,0.0,19.6875,-5.0625,-38.375,,,False,,,False,,,,,,,,,,,,,,
8.224045276641846,8.213757276535034,0.12285256385803223,odometry_only,1465,-5,0.0,True,,,N/A,False,37,-0.3630859375000015,0.20933593750000046,11.128769531249997,0.010726384754967202,-0.00586597285683565,0.004307057172840456,0.003385684461275011,0.01195770532052698,0.0036832232018930637,-0.05244141343013499,0.015918618917017,-0.06697170578071782,-0.23937485302055503,0.06155311128509643,-0.32015143281824504,-0.4169140624999985,0.24066406249999955,8.561230468750004,357.5,358.625,257.0625,360.0,360.0,0.0,-2.5,-1.375,257.0625,0.6231689453125,-0.009521484375,0.0234375,0.78167724609375,-0.003272492347489368,0.0,-0.001090830782496456,20.375,-6.1875,-37.875,,,False,,,False,,,,,,,,,,,,,,
8.343971967697144,8.333683967590332,0.11991548538208008,odometry_only,1467,-4,0.0,True,,,N/A,False,37,-0.4230859375000015,0.23933593750000043,11.088769531249996,0.012575191317330281,-0.009313643524530565,-0.005122579273768846,0.006198439498342762,0.014066784228141805,-0.005901282915588804,-0.051866770991845196,0.017478988565041743,-0.06710469563430495,-0.24562893630269766,0.06355555644100207,-0.32819035119522755,-0.4169140624999985,0.24066406249999955,8.561230468750004,357.5,358.625,257.0625,360.0,360.0,0.0,-2.5,-1.375,257.0625,0.6231689453125,-0.009521484375,0.0234375,0.78167724609375,0.0,0.001090830782496456,0.002181661564992912,19.6875,-5.5,-38.75,,,False,,,False,,,,,,,,,,,,,,
8.467544555664062,8.457256555557251,0.12356042861938477,odometry_only,1466,-5,0.0,True,,,N/A,False,37,-0.4130859375000015,0.25933593750000045,11.098769531249998,0.01940404791391742,-0.004622701872761723,-0.008928837623941838,4.7956609981995645e-05,0.019489586091559735,-0.009887584311043682,-0.05148086730160966,0.019552108314848306,-0.06808013523527358,-0.25201377554486787,0.06584334554236465,-0.3365420990177696,-0.4169140624999985,0.24066406249999955,8.561230468750004,357.5,358.625,257.0625,360.0,360.0,0.0,-2.5,-1.375,257.0625,0.6231689453125,-0.009521484375,0.0234375,0.78167724609375,-0.002181661564992912,0.001090830782496456,0.001090830782496456,20.75,-5.875,-39.1875,,,False,,,False,,,,,,,,,,,,,,
8.59000539779663,8.57971739768982,0.12244868278503418,odometry_only,1471,-4,0.0,True,,,N/A,False,37,-0.4030859375000015,0.20933593750000046,11.088769531249996,0.013988335955858047,0.00528979508653927,-0.01243496480177472,-0.008455342592311375,0.01184298187563265,-0.012904835777063719,-0.051995603971210454,0.021470424152775936,-0.06947558614390953,-0.258349054348168,0.06835492307494809,-0.34496385746398267,-0.4169140624999985,0.24066406249999955,8.561230468750004,357.5,358.625,257.0625,360.0,360.0,0.0,-2.5,-1.375,257.0625,0.6231689453125,-0.009521484375,0.0234375,0.78167724609375,-0.002181661564992912,-0.002181661564992912,0.0,21.0625,-6.1875,-39.1875,,,False,,,False,,,,,,,,,,,,,,
8.712846755981445,8.702558755874634,0.12282967567443848,odometry_only,1471,-4,0.0,True,,,N/A,False,37,-0.44308593750000147,0.23933593750000043,11.108769531249997,0.007806863991331551,0.01122188819895337,-0.005726446005251721,-0.012761814382479591,0.004830713733694791,-0.005785359320755369,-0.053298652226184066,0.022494436464769934,-0.07062344144498808,-0.2648156840177216,0.07105501786031061,-0.3535680165245069,-0.4169140624999985,0.24066406249999955,8.561230468750004,357.5,358.625,257.0625,360.0,360.0,0.0,-2.5,-1.375,257.0625,0.6231689453125,-0.009521484375,0.0234375,0.78167724609375,-0.001090830782496456,-0.003272492347489368,0.002181661564992912,21.5,-5.5,-38.75,,,False,,,False,,,,,,,,,,,,,,
8.835044860839844,8.824756860733032,0.12218689918518066,odometry_only,1471,-4,0.0,True,,,N/A,False,37,-0.3930859375000015,0.19933593750000045,11.098769531249998,0.005381600656955883,0.005474748554789969,-0.0010757588457503634,-0.006552390052497913,0.003971753111809321,-0.0011760596422343344,-0.05447862360125335,0.023032209529286186,-0.0710487385434964,-0.27140016958571184,0.07383639771246818,-0.3622232587113058,-0.4169140624999985,0.24066406249999955,8.561230468750004,357.5,358.625,257.0625,360.0,360.0,0.0,-2.5,-1.375,257.0625,0.6231689453125,-0.009521484375,0.0234375,0.78167724609375,0.003272492347489368,0.002181661564992912,0.001090830782496456,21.0625,-5.0625,-38.375,,,False,,,False,,,,,,,,,,,,,,
8.958615779876709,8.948327779769897,0.12355875968933105,odometry_only,1461,-5,0.0,True,,,N/A,False,37,-0.4130859375000015,0.23933593750000043,11.088769531249996,0.006448369148058651,0.0031980612204053596,0.0027940956786807964,-0.0045159445045235115,0.005704208467769642,0.0025853978202603455,-0.05516241844609941,0.023629984435073383,-0.07096167050486654,-0.2781737251689202,0.07671915911777781,-0.3709965737138009,-0.4169140624999985,0.24066406249999955,8.561230468750004,357.5,358.625,257.0625,360.0,360.0,0.0,-2.5,-1.375,257.0625,0.6231689453125,-0.009521484375,0.0234375,0.78167724609375,-0.001090830782496456,0.002181661564992912,0.0,19.6875,-6.1875,-39.1875,,,False,,,False,,,,,,,,,,,,,,
9.082352876663208,9.072064876556396,0.12372493743896484,odometry_only,1471,-4,0.0,True,,,N/A,False,37,-0.43308593750000146,0.23933593750000043,11.078769531249996,0.006866489679348992,-0.0017514600749487237,0.00025371504415523704,0.00017857064202201066,0.007088029834147408,-9.27891718919188e-05,-0.05543073910099311,0.02442134387687789,-0.07080747158032694,-0.285015290918266,0.07969173291240547,-0.37976676283143407,-0.4169140624999985,0.24066406249999955,8.561230468750004,357.5,358.625,257.0625,360.0,360.0,0.0,-2.5,-1.375,257.0625,0.6231689453125,-0.009521484375,0.0234375,0.78167724609375,-0.001090830782496456,0.001090830782496456,0.001090830782496456,20.375,-5.875,-38.375,,,False,,,False,,,,,,,,,,,,,,
9.204612731933594,9.194324731826782,0.12224769592285156,odometry_only,1465,-5,0.0,True,,,N/A,False,37,-0.38308593750000147,0.20933593750000046,11.088769531249996,0.0050103454735988,-0.003679701688527956,-0.002755006294075153,0.002429067795395484,0.00556308638151537,-0.003063580506357213,-0.055271350205606036,0.02519462878098639,-0.0710004010406503,-0.2917818285940547,0.08272445208160303,-0.3884346056772519,-0.4169140624999985,0.24066406249999955,8.561230468750004,357.5,358.625,257.0625,360.0,360.0,0.0,-2.5,-1.375,257.0625,0.6231689453125,-0.009521484375,0.0234375,0.78167724609375,0.0,0.0,0.003272492347489368,21.0625,-5.875,-38.75,,,False,,,False,,,,,,,,,,,,,,
9.327086448669434,9.316798448562622,0.12246203422546387,odometry_only,1463,-5,0.0,True,,,N/A,False,37,-0.4230859375000015,0.25933593750000045,11.108769531249997,-0.005824169959283386,-0.00039965043987704027,-0.00596256218324288,0.0016037122748565242,-0.005871933509086114,-0.0057080055870765535,-0.05502441898011255,0.025175717757232888,-0.07153749417884314,-0.29853535072452736,0.08580867963245897,-0.3971623459786495,-0.4169140624999985,0.24066406249999955,8.561230468750004,357.5,358.625,257.0625,360.0,360.0,0.0,-2.5,-1.375,257.0625,0.6231689453125,-0.009521484375,0.0234375,0.78167724609375,0.001090830782496456,0.002181661564992912,0.001090830782496456,19.6875,-6.1875,-38.75,,,False,,,False,,,,,,,,,,,,,,
9.448546409606934,9.438258409500122,0.12144780158996582,odometry_only,1461,-5,0.0,True,,,N/A,False,37,-0.4230859375000015,0.21933593750000047,11.068769531249997,-0.002022352990131098,-0.003139582459936502,-0.007221783003949313,0.0034079015378311378,-0.0016219777514600553,-0.0072011412066269745,-0.05472009424012814,0.024720658233281078,-0.07232138792809187,-0.30519946565810696,0.0888385822181361,-0.40589801846418816,-0.4169140624999985,0.24066406249999955,8.561230468750004,357.5,358.625,257.0625,360.0,360.0,0.0,-2.5,-1.375,257.0625,0.6231689453125,-0.009521484375,0.0234375,0.78167724609375,-0.004363323129985824,0.0,-0.001090830782496456,20.5,-6.5625,-40.0625,,,False,,,False,,,,,,,,,,,,,,
9.572901010513306,9.562613010406494,0.12434267997741699,odometry_only,1465,-5,0.0,True,,,N/A,False,37,-0.43308593750000146,0.23933593750000043,11.098769531249998,-0.0045684514216894675,-0.00016921823120757398,-0.007724892428155003,0.0010736684262542668,-0.004785823240086269,-0.007517744226414652,-0.05444146903020781,0.024322276659255668,-0.07323648075860435,-0.3119861863218859,0.0918876471973841,-0.41494754620634056,-0.4169140624999985,0.24066406249999955,8.561230468750004,357.5,358.625,257.0625,360.0,360.0,0.0,-2.5,-1.375,257.0625,0.6231689453125,-0.009521484375,0.0234375,0.78167724609375,0.003272492347489368,0.002181661564992912,-0.001090830782496456,20.375,-6.1875,-39.1875,,,False,,,False,,,,,,,,,,,,,,
9.694546222686768,9.684258222579956,0.12163376808166504,odometry_only,1471,-4,0.0,True,,,N/A,False,37,-0.4230859375000015,0.18933593750000044,11.088769531249996,-0.003538449835871377,-0.007080159757106422,-0.007919533411146871,0.007577013251580597,-0.0022565019134182874,-0.007928768389700294,-0.05391536152573277,0.023893984387017144,-0.07417588952521387,-0.31857611112083867,0.09482000995431779,-0.42391270723607577,-0.4169140624999985,0.24066406249999955,8.561230468750004,357.5,358.625,257.0625,360.0,360.0,0.0,-2.5,-1.375,257.0625,0.6231689453125,-0.009521484375,0.0234375,0.78167724609375,0.002181661564992912,0.004363323129985824,0.0,21.0625,-5.5,-38.375,,,False,,,False,,,,,,,,,,,,,,
9.816679000854492,9.80639100074768,0.12212133407592773,odometry_only,1468,-4,0.0,True,,,N/A,False,37,-0.4230859375000015,0.25933593750000045,11.088769531249996,-0.0031304480332563136,-0.0017448543933930236,-0.005978421327388093,0.0023135567858284705,-0.0029506534969856364,-0.005875954582049073,-0.05331143672186287,0.02357603200428754,-0.07501881511814319,-0.32512345094618206,0.09771856081947393,-0.43302263542013114,-0.4169140624999985,0.24066406249999955,8.561230468750004,357.5,358.625,257.0625,360.0,360.0,0.0,-2.5,-1.375,257.0625,0.6231689453125,-0.009521484375,0.0234375,0.78167724609375,-0.001090830782496456,-0.002181661564992912,0.001090830782496456,20.0625,-5.5,-38.75,,,False,,,False,,,,,,,,,,,,,,
9.938446521759033,9.928158521652222,0.12175607681274414,odometry_only,1471,-4,0.0,True,,,N/A,False,37,-0.43308593750000146,0.20933593750000046,11.098769531249998,-0.004985493799820758,-0.003674025829368679,-0.009245141647889294,0.004561019123829197,-0.0044868357325219665,-0.009104486145515569,-0.05289292602560721,0.023123252249326598,-0.07593079496410025,-0.3315889642204468,0.10056152163981553,-0.4422121515801448,-0.4169140624999985,0.24066406249999955,8.561230468750004,357.5,358.625,257.0625,360.0,360.0,0.0,-2.5,-1.375,257.0625,0.6231689453125,-0.009521484375,0.0234375,0.78167724609375,0.001090830782496456,0.002181661564992912,0.0,20.5,-5.5,-40.0625,,,False,,,False,,,,,,,,,,,,,,
10.062575340270996,10.052287340164185,0.12411808967590332,odometry_only,1467,-4,0.0,True,,,N/A,False,37,-0.4130859375000015,0.23933593750000043,11.088769531249996,-0.0016620521057570921,0.0036821044521923854,-0.010546104696560516,-0.0033690900334855606,-0.002948302250217642,-0.01036809436962994,-0.052818956044745916,0.0226618346878794,-0.0771392447114003,-0.3381493426497551,0.10340290040296111,-0.45171153203571374,-0.4169140624999985,0.24066406249999955,8.561230468750004,357.5,358.625,257.0625,360.0,360.0,0.0,-2.5,-1.375,257.0625,0.6231689453125,-0.009521484375,0.0234375,0.78167724609375,0.0,-0.002181661564992912,0.001090830782496456,20.0625,-5.5,-38.375,,,False,,,False,,,,,,,,,,,,,,
10.186261177062988,10.175973176956177,0.12367415428161621,odometry_only,1467,-4,0.0,True,,,N/A,False,37,-0.4230859375000015,0.23933593750000043,11.088769531249996,-0.006450286347341097,0.0024953692420935708,-0.011053638456455819,-0.0011512316116940625,-0.007371932682092398,-0.010693234265181638,-0.05309847952302015,0.022023661524258883,-0.07844161571487905,-0.3446989672835156,0.1061661208793064,-0.46133219770352685,-0.4169140624999985,0.24066406249999955,8.561230468750004,357.5,358.625,257.0625,360.0,360.0,0.0,-2.5,-1.375,257.0625,0.6231689453125,-0.009521484375,0.0234375,0.78167724609375,-0.004363323129985824,-0.001090830782496456,0.001090830782496456,21.5,-5.875,-38.75,,,False,,,False,,,,,,,,,,,,,,
10.307771682739258,10.297483682632446,0.12149834632873535,odometry_only,1471,-4,0.0,True,,,N/A,False,37,-0.4130859375000015,0.22933593750000048,11.088769531249996,0.0017587587151735645,0.004048109631956916,-0.011250965516570642,-0.004499241332153374,0.0002673193078922266,-0.011213831490096221,-0.05344174108234651,0.021592062136123715,-0.07977245184596961,-0.351171197594041,0.10881574002864018,-0.47094357149081983,-0.4169140624999985,0.24066406249999955,8.561230468750004,357.5,358.625,257.0625,360.0,360.0,0.0,-2.5,-1.375,257.0625,0.6231689453125,-0.009521484375,0.0234375,0.78167724609375,-0.003272492347489368,-0.004363323129985824,-0.001090830782496456,20.375,-5.875,-38.375,,,False,,,False,,,,,,,,,,,,,,
10.430936336517334,10.420648336410522,0.1231529712677002,odometry_only,1471,-4,0.0,True,,,N/A,False,37,-0.4230859375000015,0.23933593750000043,11.098769531249998,0.005024925320576504,0.0006160946859905506,-0.011329476847569712,-0.0018840529852544366,0.004206734421298116,-0.011521294312555086,-0.05383480191317901,0.02186755864130428,-0.08117240099334035,-0.35777691010265406,0.11149183074309404,-0.4808539899095217,-0.4169140624999985,0.24066406249999955,8.561230468750004,357.5,358.625,257.0625,360.0,360.0,0.0,-2.5,-1.375,257.0625,0.6231689453125,-0.009521484375,0.0234375,0.78167724609375,0.0,0.002181661564992912,0.001090830782496456,20.5,-5.0625,-37.5625,,,False,,,False,,,,,,,,,,,,,,
10.553492069244385,10.543204069137573,0.1225433349609375,odometry_only,1461,-5,0.0,True,,,N/A,False,37,-0.4230859375000015,0.21933593750000047,11.068769531249997,0.008325448619925659,-0.0027494019312581316,-0.015402151927812897,0.0006014160583817771,0.007971074350530762,-0.015817675623589246,-0.05391339121646053,0.022613713291012513,-0.08284750526852631,-0.36437882156371465,0.11421727244603927,-0.49090376306617645,-0.4169140624999985,0.24066406249999955,8.561230468750004,357.5,358.625,257.0625,360.0,360.0,0.0,-2.5,-1.375,257.0625,0.6231689453125,-0.009521484375,0.0234375,0.78167724609375,-0.003272492347489368,0.0,-0.001090830782496456,21.5,-5.5,-38.375,,,False,,,False,,,,,,,,,,,,,,
10.677773237228394,10.667485237121582,0.12426996231079102,odometry_only,1465,-5,0.0,True,,,N/A,False,37,-0.4030859375000015,0.20933593750000046,11.098769531249998,0.0075999784818808576,-0.00814587732186683,-0.012950285012218746,0.006058265371222657,0.00858276746332669,-0.013470649410030639,-0.05349959203633112,0.023642285940165944,-0.08466733479256339,-0.37105292525397165,0.11709138808659253,-0.5013122944966213,-0.4169140624999985,0.24066406249999955,8.561230468750004,357.5,358.625,257.0625,360.0,360.0,0.0,-2.5,-1.375,257.0625,0.6231689453125,-0.009521484375,0.0234375,0.78167724609375,-0.001090830782496456,-0.003272492347489368,-0.002181661564992912,20.0625,-5.0625,-38.375,,,False,,,False,,,,,,,,,,,,,,
10.799266576766968,10.788978576660156,0.12148165702819824,odometry_only,1465,-5,0.0,True,,,N/A,False,37,-0.4030859375000015,0.23933593750000043,11.068769531249997,0.011347343646349017,-0.008219803360202671,-0.02005774598931794,0.005192318824733259,0.011903567724237465,-0.020736090517200892,-0.052816222231001124,0.024886642912676133,-0.08674508051650974,-0.3775106358967205,0.12003907543201593,-0.5117240266200972,-0.4169140624999985,0.24066406249999955,8.561230468750004,357.5,358.625,257.0625,360.0,360.0,0.0,-2.5,-1.375,257.0625,0.6231689453125,-0.009521484375,0.0234375,0.78167724609375,-0.002181661564992912,-0.002181661564992912,0.001090830782496456,21.0625,-5.875,-39.1875,,,False,,,False,,,,,,,,,,,,,,
10.922529697418213,10.912241697311401,0.12325096130371094,odometry_only,1461,-5,0.0,True,,,N/A,False,37,-0.4830859375000015,0.24933593750000044,11.088769531249996,0.000685770367291531,-0.006223692633554512,-0.018835817786210005,0.005643261247580729,0.001137142150210886,-0.018996135735740785,-0.05214847440090311,0.02569028292673041,-0.08919359805671555,-0.3839791357781378,0.12315590279676261,-0.5225663322524245,-0.4169140624999985,0.24066406249999955,8.561230468750004,357.5,358.625,257.0625,360.0,360.0,0.0,-2.5,-1.375,257.0625,0.6231689453125,-0.009521484375,0.0234375,0.78167724609375,0.0,-0.002181661564992912,-0.002181661564992912,20.75,-5.0625,-38.375,,,False,,,False,,,,,,,,,,,,,,
11.04714584350586,11.036857843399048,0.12459492683410645,odometry_only,1469,-4,0.0,True,,,N/A,False,37,-0.4230859375000015,0.22933593750000048,11.078769531249996,-0.0055491022953475634,0.0006652248818801105,-0.022422661956367527,-0.0015608632892920595,0.005012505466632404,-0.022504428994674714,-0.05189415136344277,0.026073390374168472,-0.09177897796979566,-0.3904607274505063,0.12638064834055765,-0.533840464686926,-0.4169140624999985,0.24066406249999955,8.561230468750004,357.5,358.625,257.0625,360.0,360.0,0.0,-2.5,-1.375,257.0625,-1.3768310546875,-0.009521484375,0.0234375,0.78167724609375,0.002181661564992912,-0.003272492347489368,-0.001090830782496456,20.75,-5.5,-38.75,,,False,,,False,,,,,,,,,,,,,,
11.184769630432129,11.174481630325317,0.13760781288146973,odometry_only,1471,-4,0.0,True,,,N/A,False,37,-0.3630859375000015,0.21933593750000047,11.108769531249997,-0.005960188740907919,-0.0028829914050768238,-0.013314215190597757,0.003949212778196399,-0.005809150797926189,-0.013105773569309828,-0.05172982358866042,0.026018578063327687,-0.09422909901534367,-0.39759046172812784,0.12996477926324485,-0.5466385470130326,-0.4169140624999985,0.24066406249999955,8.561230468750004,357.5,358.625,257.0625,360.0,360.0,0.0,-2.5,-1.375,257.0625,0.6231689453125,-0.009521484375,0.0234375,0.78167724609375,-0.002181661564992912,-0.002181661564992912,-0.001090830782496456,20.0625,-5.5,-38.75,,,False,,,False,,,,,,,,,,,,,,
11.318585395812988,11.308297395706177,0.13379573822021484,odometry_only,1467,-4,0.0,True,,,N/A,False,37,-0.43308593750000146,0.20933593750000046,11.098769531249998,0.002251414744212191,-0.010440141863211672,-0.007921160155307635,0.009559959254221137,0.00412818429779214,-0.00826894685806894,-0.050826088766249826,0.025906124986423244,-0.09565902226475959,-0.4044512337293143,0.13343843125144828,-0.5593416576959932,-0.4169140624999985,0.24066406249999955,8.561230468750004,357.5,358.625,257.0625,360.0,360.0,0.0,-2.5,-1.375,257.0625,0.6231689453125,-0.009521484375,0.0234375,0.78167724609375,0.001090830782496456,-0.001090830782496456,-0.001090830782496456,21.5,-5.0625,-37.5625,,,False,,,False,,,,,,,,,,,,,,
11.454723596572876,11.444435596466064,0.1361219882965088,odometry_only,1471,-4,0.0,True,,,N/A,False,37,-0.4030859375000015,0.25933593750000045,11.078769531249996,0.0032299989821805517,-0.015380232158677558,-0.010104070191105478,0.014125342018978582,0.006073023413487749,-0.01061460166810797,-0.04921404361489494,0.026600429324765792,-0.09694425535049798,-0.41126006459389797,0.13701207953716713,-0.5724504282466999,-0.4169140624999985,0.24066406249999955,8.561230468750004,357.5,358.625,257.0625,360.0,360.0,0.0,-2.5,-1.375,257.0625,0.6231689453125,-0.009521484375,0.0234375,0.78167724609375,0.002181661564992912,0.0,0.001090830782496456,21.0625,-5.875,-39.1875,,,False,,,False,,,,,,,,,,,,,,
11.585410594940186,11.575122594833374,0.13066887855529785,odometry_only,1465,-5,0.0,True,,,N/A,False,37,-0.4130859375000015,0.18933593750000044,11.088769531249996,-0.0005578063045587715,-0.015103453997322356,-0.010897194732132007,0.014689415450496991,0.0022845220322175236,-0.011232824950103002,-0.04733144759270531,0.027146464870198415,-0.09837164471825838,-0.4175678101267317,0.14052360273231024,-0.5852112830597014,-0.4169140624999985,0.24066406249999955,8.561230468750004,357.5,358.625,257.0625,360.0,360.0,0.0,-2.5,-1.375,257.0625,0.6231689453125,-0.009521484375,0.0234375,0.78167724609375,-0.003272492347489368,-0.00545415391248228,0.001090830782496456,20.0625,-5.875,-37.875,,,False,,,False,,,,,,,,,,,,,,
11.720330476760864,11.710042476654053,0.1349027156829834,odometry_only,1467,-4,0.0,True,,,N/A,False,37,-0.4030859375000015,0.23933593750000043,11.098769531249998,0.004281040045688328,-0.008707683233478807,-0.01120099830184973,0.007371490369682278,0.005560522384744619,-0.011591166233984864,-0.04584340953992095,0.027675623768449325,-0.09991115391498734,-0.4238525807570144,0.14422142705069363,-0.5985857270641248,-0.4169140624999985,0.24066406249999955,8.561230468750004,357.5,358.625,257.0625,360.0,360.0,0.0,-2.5,-1.375,257.0625,0.6231689453125,-0.009521484375,0.0234375,0.78167724609375,-0.001090830782496456,0.002181661564992912,0.001090830782496456,20.5,-5.875,-38.375,,,False,,,False,,,,,,,,,,,,,,
11.855698108673096,11.845410108566284,0.13534998893737793,odometry_only,1467,-4,0.0,True,,,N/A,False,37,-0.4230859375000015,0.21933593750000047,11.078769531249996,0.010276891393659894,-0.004232622854962658,0.001281090757109393,0.0018506391036540583,0.0110102443450295,0.0007214158635326062,-0.04521930197882338,0.028797050315228723,-0.10064676421118372,-0.43001524925534923,0.14804321495693862,-0.6121584830639653,-0.4169140624999985,0.24066406249999955,8.561230468750004,357.5,358.625,257.0625,360.0,360.0,0.0,-2.5,-1.375,257.0625,0.6231689453125,-0.009521484375,0.0234375,0.78167724609375,0.003272492347489368,0.001090830782496456,0.001090830782496456,20.375,-5.0625,-38.75,,,False,,,False,,,,,,,,,,,,,,
11.990403413772583,11.980115413665771,0.1346879005432129,odometry_only,1467,-4,0.0,True,,,N/A,False,37,-0.44308593750000147,0.24933593750000044,11.088769531249996,0.004111462236057542,0.005802646252483938,0.0037988776700641127,-0.006518736690665939,0.0028985003414139514,0.0037564696898409527,-0.045533670110586115,0.02973372012573304,-0.1003452057091554,-0.4361269128947389,0.15198490825087355,-0.6256940762912728,-0.4169140624999985,0.24066406249999955,8.561230468750004,357.5,358.625,257.0625,360.0,360.0,0.0,-2.5,-1.375,257.0625,0.6231689453125,-0.009521484375,0.0234375,0.78167724609375,0.0,-0.00545415391248228,0.0,21.0625,-5.5,-38.375,,,False,,,False,,,,,,,,,,,,,,
12.12615704536438,12.115869045257568,0.13573837280273438,odometry_only,1471,-4,0.0,True,,,N/A,False,37,-0.38308593750000147,0.19933593750000045,11.048769531249997,0.010220576700768886,0.0032363046674061696,0.002635287202355293,-0.005397220207800534,0.00936133988863381,0.0022613987161611603,-0.04634239641047879,0.030565785507557133,-0.09993677787656954,-0.4423624667792815,0.1560773866386096,-0.639287051568088,-0.4169140624999985,0.24066406249999955,8.561230468750004,357.5,358.625,257.0625,360.0,360.0,0.0,-2.5,-1.375,257.0625,0.6231689453125,-0.009521484375,0.0234375,0.78167724609375,0.002181661564992912,0.003272492347489368,-0.002181661564992912,21.5,-5.5,-38.75,,,False,,,False,,,,,,,,,,,,,,
12.26138973236084,12.251101732254028,0.13521647453308105,odometry_only,1461,-5,0.0,True,,,N/A,False,37,-0.44308593750000147,0.23933593750000043,11.078769531249996,0.0061800249962097945,0.0022891748037729533,-0.006187707717960944,-0.0036988615977838293,0.005209181141487566,-0.0063955931511104226,-0.0469573664673866,0.031550872750458696,-0.1002162834748336,-0.4486702992848402,0.16027698440832214,-0.6528190472295581,-0.4169140624999985,0.24066406249999955,8.561230468750004,357.5,358.625,257.0625,360.0,360.0,0.0,-2.5,-1.375,257.0625,0.6231689453125,-0.009521484375,0.0234375,0.78167724609375,-0.002181661564992912,-0.003272492347489368,0.001090830782496456,20.75,-5.0625,-37.5625,,,False,,,False,,,,,,,,,,,,,,
12.394179344177246,12.383891344070435,0.13277173042297363,odometry_only,1461,-5,0.0,True,,,N/A,False,37,-0.43308593750000146,0.25933593750000045,11.118769531249997,0.004693212582988701,0.0040248297609188745,-0.007350155492161798,-0.005075459635422629,0.0033192520183371365,-0.007447990349108838,-0.04753985737409653,0.03211704016467199,-0.10113530174312313,-0.4549435792496406,0.1645036338934027,-0.6661859464259565,-0.4169140624999985,0.24066406249999955,8.561230468750004,357.5,358.625,257.0625,360.0,360.0,0.0,-2.5,-1.375,257.0625,0.6231689453125,-0.009521484375,0.0234375,0.78167724609375,-0.001090830782496456,-0.002181661564992912,-0.001090830782496456,20.375,-5.5,-38.375,,,False,,,False,,,,,,,,,,,,,,
12.528218746185303,12.517930746078491,0.13402152061462402,odometry_only,1467,-4,0.0,True,,,N/A,False,37,-0.43308593750000146,0.20933593750000046,11.098769531249998,-0.008414812324220028,0.008860507829267679,-0.0056958265527220385,-0.006840098335479603,-0.010439538357565016,-0.005097960298487066,-0.04833832797321254,0.031639904363474566,-0.10197601543479655,-0.4613684493466491,0.1687760352211049,-0.6797965902170685,-0.4169140624999985,0.24066406249999955,8.561230468750004,357.5,358.625,257.0625,360.0,360.0,0.0,-2.5,-1.375,257.0625,0.6231689453125,-0.009521484375,0.0234375,0.78167724609375,0.001090830782496456,0.003272492347489368,0.003272492347489368,20.375,-5.0625,-37.5625,,,False,,,False,,,,,,,,,,,,,,
12.663187503814697,12.652899503707886,0.13495135307312012,odometry_only,1471,-4,0.0,True,,,N/A,False,37,-0.3930859375000015,0.20933593750000046,11.078769531249996,-0.0070202534851456595,0.010666702535808802,-0.0050779111061062575,-0.008902890817498758,-0.009452933734975435,-0.004497584026842254,-0.04940059681701748,0.03029764635104576,-0.1026234812798847,-0.46796344942082585,0.17295531335858466,-0.6936020796769313,-0.4169140624999985,0.24066406249999955,8.561230468750004,357.5,358.625,257.0625,360.0,360.0,0.0,-2.5,-1.375,257.0625,0.6231689453125,-0.009521484375,0.0234375,0.78167724609375,-0.003272492347489368,-0.004363323129985824,-0.001090830782496456,20.375,-5.0625,-37.875,,,False,,,False,,,,,,,,,,,,,,
12.797351598739624,12.787063598632812,0.13414835929870605,odometry_only,1471,-4,0.0,True,,,N/A,False,37,-0.43308593750000146,0.22933593750000048,11.058769531249997,-0.0002274445755282798,0.007150771739325367,-0.009033646496180861,-0.007048385219466346,-0.002248742994397861,-0.008834899957780343,-0.050470515571557295,0.02951276598390112,-0.10351774670584139,-0.47466222235495786,0.17696704770044078,-0.7074288334359842,-0.4169140624999985,0.24066406249999955,8.561230468750004,357.5,358.625,257.0625,360.0,360.0,0.0,-2.5,-1.375,257.0625,0.6231689453125,-0.009521484375,0.0234375,0.78167724609375,-0.001090830782496456,0.001090830782496456,-0.001090830782496456,21.0625,-5.5,-37.0625,,,False,,,False,,,,,,,,,,,,,,
12.9295814037323,12.919293403625488,0.13221192359924316,odometry_only,1467,-4,0.0,True,,,N/A,False,37,-0.3930859375000015,0.21933593750000047,11.108769531249997,0.008530646785695315,-0.00039384283718256474,-0.00841764323703024,-0.001640233990384204,0.007986244115902218,-0.008792798292160474,-0.05104488510113513,0.029892049013864573,-0.10468304265296724,-0.4813729955539002,0.18089406013139667,-0.7211921468639886,-0.4169140624999985,0.24066406249999955,8.561230468750004,357.5,358.625,257.0625,360.0,360.0,0.0,-2.5,-1.375,257.0625,0.6231689453125,-0.009521484375,0.0234375,0.78167724609375,0.003272492347489368,0.001090830782496456,0.001090830782496456,20.0625,-5.875,-39.1875,,,False,,,False,,,,,,,,,,,,,,
13.062116146087646,13.051828145980835,0.13251471519470215,odometry_only,1461,-5,0.0,True,,,N/A,False,37,-0.4130859375000015,0.22933593750000048,11.068769531249997,0.009741569259589087,-0.005313741480410855,-0.010268647161387088,0.0028583794494806414,0.010168944741308887,-0.010816716898212047,-0.05096417400184619,0.031094963854224254,-0.10598231731324644,-0.4881318462610557,0.18493489845179187,-0.7351502769526447,-0.4169140624999985,0.24066406249999955,8.561230468750004,357.5,358.625,257.0625,360.0,360.0,0.0,-2.5,-1.375,257.0625,0.6231689453125,-0.009521484375,0.0234375,0.78167724609375,0.003272492347489368,0.004363323129985824,0.001090830782496456,18.5625,-5.5,-38.375,,,False,,,False,,,,,,,,,,,,,,
13.199004411697388,13.188716411590576,0.1368715763092041,odometry_only,1465,-5,0.0,True,,,N/A,False,37,-0.4230859375000015,0.23933593750000043,11.078769531249996,0.010201402070996728,-0.007182012054068375,-0.008863709320623461,0.004596868178984129,0.011100045411518553,-0.009480139191314435,-0.050453968254504475,0.03255052395858547,-0.10737134865679371,-0.49507247675954463,0.18929052757274561,-0.7497513032389781,-0.4169140624999985,0.24066406249999955,8.561230468750004,357.5,358.625,257.0625,360.0,360.0,0.0,-2.5,-1.375,257.0625,0.6231689453125,-0.009521484375,0.0234375,0.78167724609375,0.003272492347489368,0.007635815477475192,-0.002181661564992912,20.375,-5.5,-38.75,,,False,,,False,,,,,,,,,,,,,,
13.330864191055298,13.320576190948486,0.13184142112731934,odometry_only,1467,-4,0.0,True,,,N/A,False,37,-0.43308593750000146,0.22933593750000048,11.108769531249997,0.006210768755533803,0.00045532435819124056,-0.006275653000321461,-0.001919561608876474,0.0056423737927053,-0.006530213671805912,-0.050277478303006225,0.03365419612908257,-0.10842676249390552,-0.501712765292721,0.19365478976359288,-0.7639768680643279,-0.4169140624999985,0.24066406249999955,8.561230468750004,357.5,358.625,257.0625,360.0,360.0,0.0,-2.5,-1.375,257.0625,0.6231689453125,-0.009521484375,0.0234375,0.78167724609375,0.0,0.001090830782496456,0.0,20.375,-5.5,-38.75,,,False,,,False,,,,,,,,,,,,,,
13.464664936065674,13.454376935958862,0.13378024101257324,odometry_only,1471,-4,0.0,True,,,N/A,False,37,-0.4130859375000015,0.23933593750000043,11.088769531249996,0.0005203122205276484,0.0075259181938657355,-0.001116018080538463,-0.007467462161398766,-0.001219881749033857,-0.0009510852801564119,-0.050905377454195315,0.03395001715482184,-0.10892718748234584,-0.5084808987074905,0.19817684373688593,-0.7785156999707566,-0.4169140624999985,0.24066406249999955,8.561230468750004,357.5,358.625,257.0625,360.0,360.0,0.0,-2.5,-1.375,257.0625,0.6231689453125,-0.009521484375,0.0234375,0.78167724609375,-0.001090830782496456,0.002181661564992912,0.0,20.0625,-13.0625,-38.375,,,False,,,False,,,,,,,,,,,,,,
13.600315809249878,13.590027809143066,0.1356344223022461,odometry_only,1471,-4,0.0,True,,,N/A,False,37,-0.4130859375000015,0.21933593750000047,11.118769531249997,-0.0037137618248948403,0.010176600657749224,-0.0012825204595426204,-0.009108632604466232,-0.005940090658880923,-0.0008649980402427964,-0.05202952197299301,0.03346444779419807,-0.10905034918835338,-0.5154616565167637,0.2027487047409736,-0.7932983286013551,-0.4169140624999985,0.24066406249999955,8.561230468750004,357.5,358.625,257.0625,360.0,360.0,0.0,-2.5,-1.375,257.0625,0.6231689453125,-0.009521484375,0.0234375,0.78167724609375,-0.001090830782496456,-0.001090830782496456,0.002181661564992912,20.0625,-5.875,-37.0625,,,False,,,False,,,,,,,,,,,,,,
13.732486486434937,13.722198486328125,0.13215208053588867,odometry_only,1461,-5,0.0,True,,,N/A,False,37,-0.43308593750000146,0.21933593750000047,11.128769531249997,-0.009425293772429916,0.011147268059961293,-0.005504526869202017,-0.008840743072089199,-0.011922421298207014,-0.004805694150939363,-0.053215545642981546,0.03228416373483489,-0.10942504607392504,-0.5224158338425593,0.2070931126439274,-0.8077343176162605,-0.4169140624999985,0.24066406249999955,8.561230468750004,357.5,358.625,257.0625,360.0,360.0,0.0,-2.5,-1.375,257.0625,0.6231689453125,-0.009521484375,0.0234375,0.78167724609375,-0.001090830782496456,0.003272492347489368,0.0,19.6875,-6.1875,-39.5625,,,False,,,False,,,,,,,,,,,,,,
13.866092920303345,13.855804920196533,0.13358736038208008,odometry_only,1465,-5,0.0,True,,,N/A,False,37,-0.4030859375000015,0.25933593750000045,11.078769531249996,-0.007402742563504221,0.011513567612868487,-0.007097780188212378,-0.009671902216261555,-0.010111568985781184,-0.00647702095122859,-0.05445207335186181,0.0308124324344737,-0.11017866013814587,-0.5296073503526316,0.21130756650960342,-0.8224024573377566,-0.4169140624999985,0.24066406249999955,8.561230468750004,357.5,358.625,257.0625,360.0,360.0,0.0,-2.5,-1.375,257.0625,0.6231689453125,-0.009521484375,0.0234375,0.78167724609375,0.002181661564992912,0.002181661564992912,0.0,20.75,-5.875,-38.375,,,False,,,False,,,,,,,,,,,,,,
14.001946687698364,13.991658687591553,0.13583827018737793,odometry_only,1471,-4,0.0,True,,,N/A,False,37,-0.4030859375000015,0.19933593750000045,11.098769531249998,-0.004541040374513575,0.009549208450739503,-0.014002132151459507,-0.008494743349306626,-0.007223270291130148,-0.013547392230103194,-0.055685936206228796,0.029635065143797774,-0.11153870096218059,-0.5370878287027576,0.21541310826369747,-0.837461308738946,-0.4169140624999985,0.24066406249999955,-319.11876953125,357.5,358.625,257.0625,360.0,360.0,0.0,-2.5,-1.375,257.0625,0.6231689453125,-0.009521484375,0.0234375,0.78167724609375,-0.002181661564992912,0.001090830782496456,-0.002181661564992912,20.75,-6.5625,-37.5625,,,False,,,False,,,,,,,,,,,,,,
14.133750677108765,14.123462677001953,0.13178491592407227,odometry_only,1467,-4,0.0,True,,,N/A,False,37,-0.4130859375000015,0.23933593750000043,11.078769531249996,0.0027392564080975157,0.008831700218521112,-0.018602378964282604,-0.009485818695306444,-0.00019750272916204032,-0.018480562597000694,-0.05687071963488725,0.02914609216951236,-0.11364910162923553,-0.5445044634161157,0.2192863432009246,-0.8522994865547642,-0.4169140624999985,0.24066406249999955,8.561230468750004,357.5,358.625,257.0625,360.0,360.0,0.0,-2.5,-1.375,257.0625,0.6231689453125,-0.009521484375,0.0234375,0.78167724609375,-0.003272492347489368,0.0,0.001090830782496456,20.375,-7.0,-38.375,,,False,,,False,,,,,,,,,,,,,,
14.267038106918335,14.256750106811523,0.1332707405090332,odometry_only,1467,-4,0.0,True,,,N/A,False,37,-0.4230859375000015,0.21933593750000047,11.088769531249996,-0.000769478125418414,0.0022991170457602695,-0.018254561033556813,-0.002330713991908184,-0.0021457174019308286,-0.018140306045445538,-0.05765811866562439,0.02898995082848915,-0.11608934677026694,-0.5521361349610899,0.22316025995122893,-0.8676081931255631,-0.4169140624999985,0.24066406249999955,8.561230468750004,357.5,358.625,257.0625,360.0,360.0,0.0,-2.5,-1.375,257.0625,0.6231689453125,-0.009521484375,0.0234375,0.78167724609375,0.001090830782496456,0.004363323129985824,-0.001090830782496456,20.0625,-6.1875,-38.75,,,False,,,False,,,,,,,,,,,,,,
14.402402400970459,14.392114400863647,0.13534832000732422,odometry_only,1465,-5,0.0,True,,,N/A,False,37,-0.4030859375000015,0.22933593750000048,11.078769531249996,1.0289139133763019e-05,0.001941833928831637,-0.007628031417541837,-0.0020042415530501447,-0.0007915193815193062,-0.007570614311022424,-0.05795148314078266,0.028791175796437304,-0.11782931170831197,-0.5599599176516964,0.22707054915963606,-0.8834384418472845,-0.4169140624999985,0.24066406249999955,8.561230468750004,357.5,358.625,257.0625,360.0,360.0,0.0,-2.5,-1.375,257.0625,0.6231689453125,-0.009521484375,0.0234375,0.78167724609375,-0.001090830782496456,0.001090830782496456,0.0,20.75,-5.875,-39.1875,,,False,,,False,,,,,,,,,,,,,,
14.535412073135376,14.525124073028564,0.13299298286437988,odometry_only,1461,-5,0.0,True,,,N/A,False,37,-0.4130859375000015,0.21933593750000047,11.108769531249997,0.006553540457457146,-0.0023605363415785587,-0.0037191315157055673,0.0007851436203311517,0.006725917666199477,-0.004061840053659686,-0.05803254887602071,0.02918579246112974,-0.1186028291103084,-0.5676724488429726,0.2309258141326397,-0.8991603496735242,-0.4169140624999985,0.24066406249999955,8.561230468750004,357.5,358.625,257.0625,360.0,360.0,0.0,-2.5,-1.375,257.0625,0.6231689453125,-0.009521484375,0.0234375,0.78167724609375,0.001090830782496456,0.001090830782496456,0.0,19.25,-6.1875,-38.375,,,False,,,False,,,,,,,,,,,,,,
14.66576623916626,14.655478239059448,0.13033771514892578,odometry_only,1467,-4,0.0,True,,,N/A,False,37,-0.4130859375000015,0.21933593750000047,11.078769531249996,0.015193585259122098,-0.00809835004664825,-0.0022668787830703906,0.00447056012257604,0.016485007493511603,-0.003134591847544706,-0.05769004066734562,0.030698421937034467,-0.1190718123559223,-0.5752139577990723,0.2348283999717123,-0.9146493345322986,-0.4169140624999985,0.24066406249999955,8.561230468750004,357.5,358.625,257.0625,360.0,360.0,0.0,-2.5,-1.375,257.0625,0.6231689453125,-0.009521484375,0.0234375,0.78167724609375,-0.003272492347489368,-0.006544984694978736,-0.001090830782496456,20.75,-5.875,-38.75,,,False,,,False,,,,,,,,,,,,,,
14.800766944885254,14.790478944778442,0.13498306274414062,odometry_only,1467,-4,0.0,True,,,N/A,False,37,-0.4230859375000015,0.24933593750000044,11.088769531249996,0.0143181717429375,-0.010302270483188108,-0.00800020312699657,0.006731885744452395,0.015844184834514725,-0.008876575381057749,-0.05693397044066715,0.03288036863527515,-0.11988246442574671,-0.5829501078407612,0.23911942991022161,-0.930776724600199,-0.4169140624999985,0.24066406249999955,8.561230468750004,357.5,358.625,257.0625,360.0,360.0,0.0,-2.5,-1.375,257.0625,0.6231689453125,-0.009521484375,0.0234375,0.78167724609375,-0.001090830782496456,0.001090830782496456,-0.002181661564992912,22.5625,-6.5625,-39.5625,,,False,,,False,,,,,,,,,,,,,,
14.935584783554077,14.925296783447266,0.13480210304260254,odometry_only,1467,-4,0.0,True,,,N/A,False,37,-0.4030859375000015,0.24933593750000044,11.128769531249997,0.005609640715879355,-0.006927259631493767,-0.0059335469276274415,0.005415141743628388,0.006714165026242185,-0.006344935145652094,-0.056115248015112355,0.03440082513647557,-0.12090841024098951,-0.5905697440383421,0.24365425311804603,-0.9470062827494709,-0.4169140624999985,0.24066406249999955,8.561230468750004,357.5,358.625,257.0625,360.0,360.0,0.0,-2.5,-1.375,257.0625,0.6231689453125,-0.009521484375,0.0234375,0.78167724609375,0.001090830782496456,0.001090830782496456,0.001090830782496456,20.375,-5.875,-37.875,,,False,,,False,,,,,,,,,,,,,,
15.065340518951416,15.055052518844604,0.12973666191101074,odometry_only,1471,-4,0.0,True,,,N/A,False,37,-0.4130859375000015,0.24933593750000044,11.088769531249996,0.0024232242531580885,0.004637942808599967,-0.00724342564964324,-0.005164998319883486,0.0009776932598401069,-0.007226109095779779,-0.05609902162871453,0.034899783145440004,-0.12178874123025452,-0.5978488964195281,0.24814966791149518,-0.9627496418930659,-0.4169140624999985,0.24066406249999955,8.561230468750004,357.5,358.625,257.0625,360.0,360.0,0.0,-2.5,-1.375,257.0625,0.6231689453125,-0.009521484375,0.0234375,0.78167724609375,0.002181661564992912,-0.001090830782496456,0.001090830782496456,20.75,-6.1875,-39.1875,,,False,,,False,,,,,,,,,,,,,,
15.202069997787476,15.191781997680664,0.13671183586120605,odometry_only,1465,-5,0.0,True,,,N/A,False,37,-0.44308593750000147,0.23933593750000043,11.088769531249996,-0.0030260141604114064,0.009121799473411189,-0.007751268765077485,-0.008326669333443422,-0.005349757417330795,-0.00738192577772276,-0.057021256955572315,0.03460092668670324,-0.12278728686319504,-0.6055813368987225,0.2529004527288998,-0.9794678607972146,-0.4169140624999985,0.24066406249999955,8.561230468750004,357.5,358.625,257.0625,360.0,360.0,0.0,-2.5,-1.375,257.0625,0.6231689453125,-0.009521484375,0.0234375,0.78167724609375,-0.002181661564992912,0.001090830782496456,-0.001090830782496456,20.75,-5.875,-37.0625,,,False,,,False,,,,,,,,,,,,,,
15.336556911468506,15.326268911361694,0.13447141647338867,odometry_only,1465,-5,0.0,True,,,N/A,False,37,-0.4030859375000015,0.23933593750000043,11.088769531249996,-0.005018690818900284,0.014949639398623074,-0.007936976756818153,-0.01356497380117356,-0.008594282633355961,-0.007335146045875282,-0.05849315708619326,0.03366338927821449,-0.12377679961042495,-0.6133480303383674,0.25749025236009454,-0.9960457717770019,-0.4169140624999985,0.24066406249999955,8.561230468750004,357.5,358.625,257.0625,360.0,360.0,0.0,-2.5,-1.375,257.0625,0.6231689453125,-0.009521484375,0.0234375,0.78167724609375,0.0,0.003272492347489368,-0.001090830782496456,22.25,-6.1875,-40.0625,,,False,,,False,,,,,,,,,,,,,,
15.465681314468384,15.455393314361572,0.129105806350708,odometry_only,1461,-5,0.0,True,,,N/A,False,37,-0.4130859375000015,0.23933593750000043,11.058769531249997,-0.003686012002019004,0.01502107383330138,-0.005942738451153482,-0.013903403168325593,-0.007215672355683254,-0.005400457080447907,-0.06026632056508946,0.03264281078460034,-0.12459891976591823,-0.6210142994003462,0.2617705100726751,-1.0120791455410119,-0.4169140624999985,0.24066406249999955,8.561230468750004,357.5,358.625,257.0625,360.0,360.0,0.0,-2.5,-1.375,257.0625,0.6231689453125,-0.009521484375,0.0234375,0.78167724609375,0.003272492347489368,0.004363323129985824,0.001090830782496456,21.5,-5.5,-38.75,,,False,,,False,,,,,,,,,,,,,,
15.60063648223877,15.590348482131958,0.1349353790283203,odometry_only,1467,-4,0.0,True,,,N/A,False,37,-0.4130859375000015,0.21933593750000047,11.078769531249996,0.007314554007159005,0.015048770307920411,-0.007266307001876024,-0.016404011352411547,0.00342619691256361,-0.00720673239519811,-0.0623110917979515,0.032387143631982404,-0.1254494977111073,-0.629284314199105,0.26615793084637307,-1.0289493345348588,-0.4169140624999985,0.24066406249999955,8.561230468750004,357.5,358.625,257.0625,360.0,360.0,0.0,-2.5,-1.375,257.0625,0.6231689453125,-0.009521484375,0.0234375,0.78167724609375,0.001090830782496456,-0.002181661564992912,0.0,20.75,-6.5625,-39.1875,,,False,,,False,,,,,,,,,,,,,,
15.738229990005493,15.727941989898682,0.13757801055908203,odometry_only,1467,-4,0.0,True,,,N/A,False,37,-0.43308593750000146,0.25933593750000045,11.088769531249996,0.00931288260288202,0.015059118560560764,-0.009872653179885518,-0.016897339539438932,0.005243418231749396,-0.009897605606522393,-0.06460185860026685,0.03298351783391614,-0.12662608810821072,-0.6380145298140902,0.27065471362307786,-1.0462893633386272,-0.4169140624999985,0.24066406249999955,8.561230468750004,357.5,358.625,257.0625,360.0,360.0,0.0,-2.5,-1.375,257.0625,0.6231689453125,-0.009521484375,0.0234375,0.78167724609375,-0.004363323129985824,0.0,0.001090830782496456,21.0625,-6.1875,-39.1875,,,False,,,False,,,,,,,,,,,,,,
15.867713451385498,15.857425451278687,0.12946510314941406,odometry_only,1471,-4,0.0,True,,,N/A,False,37,-0.4230859375000015,0.23933593750000043,11.068769531249997,0.00796432548504479,0.010933998298300699,-0.010806318409224473,-0.012589121444146884,0.004801607977635242,-0.010872805473940511,-0.0665105924566424,0.03363375801108442,-0.12797060981470465,-0.6465017733142179,0.27496701986748084,-1.0627700572176724,-0.4169140624999985,0.24066406249999955,8.561230468750004,357.5,358.625,257.0625,360.0,360.0,0.0,-2.5,-1.375,257.0625,0.6231689453125,-0.009521484375,0.0234375,0.78167724609375,0.001090830782496456,-0.001090830782496456,0.0,21.0625,-5.875,-38.75,,,False,,,False,,,,,,,,,,,,,,
16.004441738128662,15.99415373802185,0.1367192268371582,odometry_only,1471,-4,0.0,True,,,N/A,False,37,-0.38308593750000147,0.21933593750000047,11.098769531249998,0.007440379564398202,0.007224322311268556,-0.002741187268425241,-0.00874091863388027,0.005506989358943478,-0.0028867972212040806,-0.06796870575057913,0.03433844973990073,-0.12891121093573799,-0.6556947261524654,0.2796135737125455,-1.0803303991784334,-0.4169140624999985,0.24066406249999955,8.561230468750004,357.5,358.625,257.0625,360.0,360.0,0.0,-2.5,-1.375,257.0625,0.6231689453125,-0.009521484375,0.0234375,0.78167724609375,0.003272492347489368,-0.001090830782496456,-0.001090830782496456,20.0625,-5.875,-39.5625,,,False,,,False,,,,,,,,,,,,,,
16.127448558807373,16.11716055870056,0.12299466133117676,odometry_only,1461,-5,0.0,True,,,N/A,False,37,-0.4230859375000015,0.22933593750000048,11.108769531249997,0.009279099386428857,-0.0001583265087167574,0.00010903373402614165,-0.0019146463123549274,0.009076355555729627,-0.0003042045139443184,-0.0686239945515064,0.03523528652432871,-0.12910744902459886,-0.6640948126094484,0.2838921727772273,-1.0961978580279064,-0.4169140624999985,0.24066406249999955,8.561230468750004,357.5,358.625,257.0625,360.0,360.0,0.0,-2.5,-1.375,257.0625,0.6231689453125,-0.009521484375,0.0234375,0.78167724609375,-0.002181661564992912,0.0,-0.001090830782496456,21.5,-5.875,-39.1875,,,False,,,False,,,,,,,,,,,,,,
16.252575159072876,16.242287158966064,0.12511467933654785,odometry_only,1467,-4,0.0,True,,,N/A,False,37,-0.4130859375000015,0.23933593750000043,11.108769531249997,0.012043698242425856,0.000996964115989259,0.0032736485750873012,-0.0036122406108040233,0.011665270313387481,0.0027630718560348456,-0.0689697418940666,0.03653282745909533,-0.1289536288250805,-0.672702310716501,0.2883817950610397,-1.1123414725301097,-0.4169140624999985,0.24066406249999955,8.561230468750004,357.5,358.625,257.0625,360.0,360.0,0.0,-2.5,-1.375,257.0625,0.6231689453125,-0.009521484375,0.0234375,0.78167724609375,0.00545415391248228,0.0,-0.001090830782496456,20.375,-5.875,-38.75,,,False,,,False,,,,,,,,,,,,,,
16.374629974365234,16.364341974258423,0.12204265594482422,odometry_only,1471,-4,0.0,True,,,N/A,False,37,-0.4130859375000015,0.19933593750000045,11.078769531249996,0.005037267666717695,0.0034594494973800858,0.004492022215979131,-0.00443151962554096,0.004354370894020758,0.004349851478577523,-0.06946058282558006,0.03751036723921295,-0.1285195887974365,-0.6811495129625461,0.29290000912885034,-1.1280528301867656,-0.4169140624999985,0.24066406249999955,8.561230468750004,357.5,358.625,257.0625,360.0,360.0,0.0,-2.5,-1.375,257.0625,0.6231689453125,-0.009521484375,0.0234375,0.78167724609375,-0.003272492347489368,-0.006544984694978736,-0.003272492347489368,20.75,-5.875,-40.0625,,,False,,,False,,,,,,,,,,,,,,
16.49856400489807,16.48827600479126,0.12392258644104004,odometry_only,1471,-4,0.0,True,,,N/A,False,37,-0.4230859375000015,0.23933593750000043,11.108769531249997,0.00022538788995295819,0.0024073691652881594,0.004975798876283606,-0.0023254294569651393,-7.412183958397674e-05,0.005019131822309345,-0.06987925212895733,0.03777557700593176,-0.1279390744759521,-0.689783189333463,0.2975648235956075,-1.1439433406207906,-0.4169140624999985,0.24066406249999955,8.561230468750004,357.5,358.625,257.0625,360.0,360.0,0.0,-2.5,-1.375,257.0625,0.6231689453125,-0.009521484375,0.0234375,0.78167724609375,0.001090830782496456,-0.003272492347489368,-0.002181661564992912,21.0625,-6.1875,-39.5625,,,False,,,False,,,,,,,,,,,,,,
16.622140645980835,16.611852645874023,0.123565673828125,odometry_only,1471,-4,0.0,True,,,N/A,False,37,-0.4030859375000015,0.25933593750000045,11.078769531249996,0.00037341751239888436,0.004023986923653539,-0.00294548967915234,-0.004047625165660722,-0.0006734664595494294,-0.0028584951104498606,-0.07027299752335144,0.03772938887996754,-0.12780558421035274,-0.6984421929168706,0.3022297345891379,-1.1597439711600492,-0.4169140624999985,0.24066406249999955,8.561230468750004,357.5,358.625,257.0625,360.0,360.0,0.0,-2.5,-1.375,257.0625,0.6231689453125,-0.009521484375,0.0234375,0.78167724609375,0.002181661564992912,0.0,-0.001090830782496456,20.75,-6.1875,-39.5625,,,False,,,False,,,,,,,,,,,,,,
16.745012521743774,16.734724521636963,0.12285947799682617,odometry_only,1471,-4,0.0,True,,,N/A,False,37,-0.4130859375000015,0.23933593750000043,11.098769531249998,0.0024542831544518634,0.00465584351554048,-0.006041532861958666,-0.00517215840727793,0.001062261763105618,-0.006026680788147065,-0.07083936642185891,0.037753272473988804,-0.12835139824675854,-0.7071106886034739,0.30686661477501703,-1.1754796277350106,-0.4169140624999985,0.24066406249999955,8.561230468750004,357.5,358.625,257.0625,360.0,360.0,0.0,-2.5,-1.375,257.0625,0.6231689453125,-0.009521484375,0.0234375,0.78167724609375,0.004363323129985824,-0.001090830782496456,-0.002181661564992912,21.0625,-6.1875,-39.1875,,,False,,,False,,,,,,,,,,,,,,
16.864691972732544,16.854403972625732,0.11966776847839355,odometry_only,1465,-5,0.0,True,,,N/A,False,37,-0.4230859375000015,0.18933593750000044,11.058769531249997,0.0032637792294488155,0.0008976116287886192,-0.017256042309689246,-0.0018503641096169812,0.002141704196632458,-0.017355639241597283,-0.07125955122120195,0.0379449782023301,-0.1297504532766621,-0.715613018792244,0.3113959351430936,-1.1909228640409852,-0.4169140624999985,0.24066406249999955,8.561230468750004,357.5,358.625,257.0625,360.0,360.0,0.0,-2.5,-1.375,257.0625,0.6231689453125,-0.009521484375,0.0234375,0.78167724609375,0.0,-0.003272492347489368,-0.001090830782496456,21.5,-6.1875,-40.0625,,,False,,,False,,,,,,,,,,,,,,
16.986568212509155,16.976280212402344,0.12186312675476074,odometry_only,1467,-4,0.0,True,,,N/A,False,37,-0.4230859375000015,0.23933593750000043,11.098769531249998,0.0015729035859843488,-0.008680392408024646,-0.021767517141869034,0.00779780878085902,0.002404742409867684,-0.022024064854812744,-0.07089716411928271,0.03822200030187594,-0.132149920212595,-0.724274849702533,0.3160369082210862,-1.2068808632468055,-0.4169140624999985,0.24066406249999955,8.561230468750004,357.5,358.625,257.0625,360.0,360.0,0.0,-2.5,-1.375,257.0625,0.6231689453125,-0.009521484375,0.0234375,0.78167724609375,0.00545415391248228,0.00545415391248228,0.001090830782496456,21.5,-5.875,-40.0625,,,False,,,False,,,,,,,,,,,,,,
17.11029314994812,17.10000514984131,0.12371301651000977,odometry_only,1465,-5,0.0,True,,,N/A,False,37,-0.43308593750000146,0.23933593750000043,11.088769531249996,0.0009009677166835499,-0.012486588619743826,-0.02356032891658847,0.011631889343426797,0.0025092709783361526,-0.02387924718877482,-0.06969531083686557,0.03852596401158857,-0.13498933881295125,-0.7329714092902495,0.32078426930919685,-1.2234051650279552,-0.4169140624999985,0.24066406249999955,8.561230468750004,357.5,358.625,257.0625,360.0,360.0,0.0,-2.5,-1.375,257.0625,0.6231689453125,-0.009521484375,0.0234375,0.78167724609375,0.001090830782496456,-0.001090830782496456,0.001090830782496456,20.375,-6.1875,-40.375,,,False,,,False,,,,,,,,,,,,,,
17.23451256752014,17.22422456741333,0.12420797348022461,odometry_only,1461,-5,0.0,True,,,N/A,False,37,-0.4130859375000015,0.21933593750000047,11.078769531249996,0.0026692082871994064,-0.007883804268659231,-0.018168179757052795,0.006828323791415705,0.003469889971923324,-0.018457942899843913,-0.06854885800511967,0.03889729374396048,-0.13761864710482843,-0.74155692331891,0.3255925622822238,-1.2403352077706418,-0.4169140624999985,0.24066406249999955,8.561230468750004,357.5,358.625,257.0625,360.0,360.0,0.0,-2.5,-1.375,257.0625,0.6231689453125,-0.009521484375,0.0234375,0.78167724609375,0.001090830782496456,0.0,0.001090830782496456,21.0625,-6.1875,-39.5625,,,False,,,False,,,,,,,,,,,,,,
17.357004404067993,17.34671640396118,0.12248015403747559,odometry_only,1465,-5,0.0,True,,,N/A,False,37,-0.4130859375000015,0.22933593750000048,11.098769531249998,-0.002705727833539381,0.0019859122250517943,-0.010012456155576523,-0.0014753136761731258,-0.0035618054792776275,-0.009831128115675556,-0.06822103925338013,0.03889166483121089,-0.13935107199260738,-0.7499327223608654,0.33035636409657465,-1.257296854700027,-0.4169140624999985,0.24066406249999955,8.561230468750004,357.5,358.625,257.0625,360.0,360.0,0.0,-2.5,-1.375,257.0625,0.6231689453125,-0.009521484375,0.0234375,0.78167724609375,0.002181661564992912,-0.001090830782496456,0.0,20.375,-5.5,-40.0625,,,False,,,False,,,,,,,,,,,,,,
17.48026180267334,17.46997380256653,0.1232459545135498,odometry_only,1461,-5,0.0,True,,,N/A,False,37,-0.3930859375000015,0.21933593750000047,11.088769531249996,0.0012487532372018723,0.0018314828328840596,-0.00881806786227448,-0.0021900816532360126,0.00038127896765868704,-0.008816473418506362,-0.0684469118264014,0.03869567131832083,-0.14050019271784167,-0.7583546084019848,0.335137526747531,-1.2745421228205587,-0.4169140624999985,0.24066406249999955,8.561230468750004,357.5,358.625,257.0625,360.0,360.0,0.0,-2.5,-1.375,257.0625,0.6231689453125,-0.009521484375,0.0234375,0.78167724609375,0.003272492347489368,0.004363323129985824,0.001090830782496456,20.0625,-5.875,-39.1875,,,False,,,False,,,,,,,,,,,,,,
17.604875087738037,17.594587087631226,0.12460112571716309,odometry_only,1472,-4,0.0,True,,,N/A,False,37,-0.4230859375000015,0.24933593750000044,11.108769531249997,0.0028069371436939047,0.003804818254584207,-0.0022448874508790607,-0.004366981394246113,0.0017789565789129577,-0.0022715291631036933,-0.06885542054495875,0.038830255208779356,-0.14119098151965337,-0.7669086209905165,0.3399674356063024,-1.2920916415278494,-0.4169140624999985,0.24066406249999955,8.561230468750004,357.5,358.625,257.0625,360.0,360.0,0.0,-2.5,-1.375,257.0625,0.6231689453125,-0.009521484375,0.0234375,0.78167724609375,0.002181661564992912,0.001090830782496456,0.0,20.375,-6.1875,-40.0625,,,False,,,False,,,,,,,,,,,,,,
17.727113008499146,17.716825008392334,0.12222671508789062,odometry_only,1465,-5,0.0,True,,,N/A,False,37,-0.4130859375000015,0.21933593750000047,11.078769531249996,0.007447466325299297,-0.0014885632237285128,-0.005758976484109164,-0.0002934438609130654,0.007303692448247777,-0.006116890762791759,-0.06914023477988412,0.0393853263862224,-0.14170362602581338,-0.7753419988138947,0.34474745240982535,-1.3093802808260295,-0.4169140624999985,0.24066406249999955,8.561230468750004,357.5,358.625,257.0625,360.0,360.0,0.0,-2.5,-1.375,257.0625,0.6231689453125,-0.009521484375,0.0234375,0.78167724609375,-0.00545415391248228,-0.003272492347489368,-0.001090830782496456,20.75,-6.1875,-40.375,,,False,,,False,,,,,,,,,,,,,,
17.849175691604614,17.838887691497803,0.12205100059509277,odometry_only,1471,-4,0.0,True,,,N/A,False,37,-0.4230859375000015,0.22933593750000048,11.088769531249996,0.0012053122998400547,0.00046078941353153353,-0.007143901441181557,-0.0008204154240347053,0.0007247848009876855,-0.007176492036458169,-0.06920820860000913,0.039875268226984464,-0.1425148613617844,-0.7837847817865394,0.3495843698499773,-1.3267248562126697,-0.4169140624999985,0.24066406249999955,8.561230468750004,357.5,358.625,257.0625,360.0,360.0,0.0,-2.5,-1.375,257.0625,0.6231689453125,-0.009521484375,0.0234375,0.78167724609375,-0.001090830782496456,-0.001090830782496456,0.0,20.375,-5.875,-40.0625,,,False,,,False,,,,,,,,,,,,,,
17.968828439712524,17.958540439605713,0.11964130401611328,odometry_only,1471,-4,0.0,True,,,N/A,False,37,-0.4230859375000015,0.21933593750000047,11.088769531249996,-0.005242555430392725,0.0012240802932004832,-0.017695390183848584,-0.0002767685029651234,-0.006235529444091134,-0.017411236759955494,-0.06927384285789502,0.03954561188938411,-0.14398571532978313,-0.7920688683961645,0.3543353786815922,-1.3438635075110434,-0.4169140624999985,0.24066406249999955,8.561230468750004,357.5,358.625,257.0625,360.0,360.0,0.0,-2.5,-1.375,257.0625,0.6231689453125,-0.009521484375,0.0234375,0.78167724609375,-0.002181661564992912,-0.001090830782496456,-0.002181661564992912,21.5,-6.5625,-39.5625,,,False,,,False,,,,,,,,,,,,,,
18.091923475265503,18.08163547515869,0.12308311462402344,odometry_only,1471,-4,0.0,True,,,N/A,False,37,-0.3930859375000015,0.24933593750000044,11.108769531249997,-0.005822780913669615,0.0035568732186829913,-0.011835497430310139,-0.0023370811806721205,-0.007034690351502499,-0.011475465450197786,-0.06943470323800556,0.03872894189729059,-0.1457634479694043,-0.8006052083353912,0.35915251661952696,-1.3616951222503277,-0.4169140624999985,0.24066406249999955,8.561230468750004,357.5,358.625,257.0625,360.0,360.0,0.0,-2.5,-1.375,257.0625,0.6231689453125,-0.009521484375,0.0234375,0.78167724609375,0.0,0.0,0.0,20.0625,-6.1875,-39.5625,,,False,,,False,,,,,,,,,,,,,,
18.213913202285767,18.203625202178955,0.1219782829284668,odometry_only,1467,-4,0.0,True,,,N/A,False,37,-0.4130859375000015,0.22933593750000048,11.098769531249998,-0.0040325275797794425,0.004469630196395448,-0.007525404982654393,-0.003564458580493857,-0.005285121164572419,-0.0072272209203056575,-0.06979463308135611,0.03797756716992401,-0.1469041087542161,-0.8090966860241441,0.36383078075225483,-1.3795446652693362,-0.4169140624999985,0.24066406249999955,8.561230468750004,357.5,358.625,257.0625,360.0,360.0,0.0,-2.5,-1.375,257.0625,0.6231689453125,-0.009521484375,0.0234375,0.78167724609375,0.001090830782496456,-0.003272492347489368,0.001090830782496456,20.75,-6.1875,-38.375,,,False,,,False,,,,,,,,,,,,,,
18.337942123413086,18.327654123306274,0.12401700019836426,odometry_only,1467,-4,0.0,True,,,N/A,False,37,-0.4130859375000015,0.22933593750000048,11.098769531249998,0.0007398266734630161,0.004832355642015548,0.002309237573731332,-0.004842010060505876,-0.0002414009670971803,0.0023933756238133284,-0.07031590559291531,0.037634875821774244,-0.14720384825076308,-0.8177847303754241,0.36851939493100494,-1.3977818585504496,-0.4169140624999985,0.24066406249999955,8.561230468750004,357.5,358.625,257.0625,360.0,360.0,0.0,-2.5,-1.375,257.0625,0.6231689453125,-0.009521484375,0.0234375,0.78167724609375,-0.002181661564992912,-0.002181661564992912,0.001090830782496456,20.75,-6.5625,-39.5625,,,False,,,False,,,,,,,,,,,,,,
18.46052598953247,18.45023798942566,0.12257218360900879,odometry_only,1465,-5,0.0,True,,,N/A,False,37,-0.4230859375000015,0.23933593750000043,11.078769531249996,-0.003466830764892244,0.009015773046199287,7.21650405648244e-05,-0.00801288867001174,-0.005375957932381812,0.00044830618701414895,-0.07110373209665143,0.037290609848561924,-0.1470296926784255,-0.8264517872738266,0.37311128512429426,-1.4158142823518003,-0.4169140624999985,0.24066406249999955,8.561230468750004,357.5,358.625,257.0625,360.0,360.0,0.0,-2.5,-1.375,257.0625,0.6231689453125,-0.009521484375,0.0234375,0.78167724609375,-0.002181661564992912,0.001090830782496456,0.0,21.0625,-6.1875,-39.1875,,,False,,,False,,,,,,,,,,,,,,
18.583189249038696,18.572901248931885,0.12265133857727051,odometry_only,1465,-5,0.0,True,,,N/A,False,37,-0.4230859375000015,0.24933593750000044,11.068769531249997,-0.0051232284928818496,0.008641360364610839,-0.0008086962883133698,-0.007290968013537487,-0.006948465938334167,-0.0003676620152510909,-0.07204225135046743,0.03653480630609343,-0.14702474712061792,-0.8352303105147011,0.3776386781804905,-1.4338473676797714,-0.4169140624999985,0.24066406249999955,8.561230468750004,357.5,358.625,257.0625,360.0,360.0,0.0,-2.5,-1.375,257.0625,0.6231689453125,-0.009521484375,0.0234375,0.78167724609375,-0.001090830782496456,0.0,0.003272492347489368,20.75,-5.0625,-38.75,,,False,,,False,,,,,,,,,,,,,,
18.707764863967896,18.697476863861084,0.12456369400024414,odometry_only,1461,-5,0.0,True,,,N/A,False,37,-0.4130859375000015,0.24933593750000044,11.118769531249997,-0.0037450391220296593,0.010527079704613298,0.002910470167622146,-0.009383191718094264,-0.005845037800314383,0.0033326878077335016,-0.07308074881572851,0.035738003263647435,-0.1468400798378591,-0.8442688390072508,0.3821399622483821,-1.4521498118711167,-0.4169140624999985,0.24066406249999955,8.561230468750004,357.5,358.625,257.0625,360.0,360.0,0.0,-2.5,-1.375,257.0625,0.6231689453125,-0.009521484375,0.0234375,0.78167724609375,0.0,-0.001090830782496456,0.001090830782496456,21.5,-6.1875,-39.5625,,,False,,,False,,,,,,,,,,,,,,
18.830296754837036,18.820008754730225,0.12252020835876465,odometry_only,1461,-5,0.0,True,,,N/A,False,37,-0.43308593750000146,0.23933593750000043,11.078769531249996,-0.003211269378939977,0.009236606273382174,0.0003092783865715318,-0.008281759560112885,-0.005164667051310223,0.0006793176220223716,-0.0741629055713552,0.03506354759745266,-0.146594303967264,-0.8532890006147565,0.38647727263019493,-1.4701256327928314,-0.4169140624999985,0.24066406249999955,8.561230468750004,357.5,358.625,257.0625,360.0,360.0,0.0,-2.5,-1.375,257.0625,0.6231689453125,-0.009521484375,0.0234375,0.78167724609375,-0.001090830782496456,0.002181661564992912,0.0,20.75,-6.1875,-39.1875,,,False,,,False,,,,,,,,,,,,,,
18.951814651489258,18.941526651382446,0.1215064525604248,odometry_only,1461,-5,0.0,True,,,N/A,False,37,-0.3930859375000015,0.22933593750000048,11.088769531249996,0.0030407924044429176,0.008730136575452874,-0.002725797884346511,-0.009226669207762328,0.0008888430663869225,-0.002640115624958885,-0.0752265991061009,0.03480377749536225,-0.1467134287720262,-0.8623648949963149,0.3907219380411519,-1.4879450238496776,-0.4169140624999985,0.24066406249999955,8.561230468750004,357.5,358.625,257.0625,360.0,360.0,0.0,-2.5,-1.375,257.0625,0.6231689453125,-0.009521484375,0.0234375,0.78167724609375,0.003272492347489368,0.002181661564992912,0.001090830782496456,19.6875,-6.1875,-39.5625,,,False,,,False,,,,,,,,,,,,,,
19.071526288986206,19.061238288879395,0.11970019340515137,odometry_only,1467,-4,0.0,True,,,N/A,False,37,-0.4030859375000015,0.22933593750000048,11.098769531249998,0.007502546615641823,0.004526425471866518,-0.007924246013520911,-0.006199451006644578,0.005915636644180329,-0.008132801390989885,-0.07614985389267871,0.03521102626405042,-0.14735818889719957,-0.8714247903467848,0.39491233081676463,-1.5055452386046637,-0.4169140624999985,0.24066406249999955,8.561230468750004,357.5,358.625,257.0625,360.0,360.0,0.0,-2.5,-1.375,257.0625,0.6231689453125,-0.009521484375,0.0234375,0.78167724609375,-0.001090830782496456,0.1407171709420428,0.001090830782496456,20.375,-6.1875,-40.0625,,,False,,,False,,,,,,,,,,,,,,
19.192885637283325,19.182597637176514,0.12134790420532227,odometry_only,1467,-4,0.0,True,,,N/A,False,37,-0.4230859375000015,0.23933593750000043,11.098769531249998,0.021372873535896116,0.0008254569177403859,-0.00799830719393886,-0.005688253391394401,0.020241247345341076,-0.008910089760102359,-0.07687112789993593,0.036798067790385504,-0.1483922484585918,-0.8807091780667721,0.3992814071403795,-1.52348958647513,-0.4169140624999985,0.24066406249999955,8.561230468750004,357.5,358.625,257.0625,360.0,360.0,0.0,-2.5,-1.375,257.0625,0.6231689453125,-0.009521484375,0.0234375,0.78167724609375,0.004363323129985824,0.0,-0.002181661564992912,20.75,-5.5,-38.75,,,False,,,False,,,,,,,,,,,,,,
19.315810441970825,19.305522441864014,0.12291288375854492,odometry_only,1471,-4,0.0,True,,,N/A,False,37,-0.43308593750000146,0.21933593750000047,11.108769531249997,0.01880071130715076,-0.0006477587083760989,-0.0060044344348113236,-0.003649825096494234,0.01816060371857415,-0.006841843262086836,-0.07744501297779094,0.03915810891835149,-0.14936030621485616,-0.8901928990096577,0.40394940349965175,-1.5417883990458237,-0.4169140624999985,0.24066406249999955,8.561230468750004,357.5,358.625,257.0625,360.0,360.0,0.0,-2.5,-1.375,257.0625,0.6231689453125,-0.009521484375,0.0234375,0.78167724609375,0.0,0.003272492347489368,0.0,20.0625,-6.1875,-37.875,,,False,,,False,,,,,,,,,,,,,,
19.439883947372437,19.429595947265625,0.12406206130981445,odometry_only,1467,-4,0.0,True,,,N/A,False,37,-0.4230859375000015,0.24933593750000044,11.088769531249996,0.013724681716909607,0.0008019074529638257,-0.007248737950276387,-0.003947954534823719,0.012835117286897782,-0.007824804463238126,-0.07791631107901045,0.041080805438212874,-0.1502700934895105,-0.8998301220648122,0.40892670605582027,-1.5603747815550273,-0.4169140624999985,0.24066406249999955,8.561230468750004,357.5,358.625,257.0625,360.0,360.0,0.0,-2.5,-1.375,257.0625,0.6231689453125,-0.009521484375,0.0234375,0.78167724609375,-0.001090830782496456,0.0,-0.001090830782496456,20.375,-6.1875,-38.375,,,False,,,False,,,,,,,,,,,,,,
19.56300187110901,19.552713871002197,0.12310671806335449,odometry_only,1471,-4,0.0,True,,,N/A,False,37,-0.43308593750000146,1.5193359375000004,11.088769531249996,0.0016240550867612485,-0.0006579168108014628,-0.0016596924995141357,0.0002550936553440754,0.0016471811914220943,-0.0017454827404882057,-0.0781436190705791,0.04197223955605281,-0.15085917681379774,-0.9094361349757684,0.41403889995302634,-1.5789102996449538,-0.4169140624999985,0.24066406249999955,8.561230468750004,357.5,358.625,257.0625,360.0,360.0,0.0,-2.5,-1.375,257.0625,0.6231689453125,-0.009521484375,0.0234375,0.78167724609375,-0.001090830782496456,-0.002181661564992912,0.001090830782496456,20.75,-6.1875,-39.1875,,,False,,,False,,,,,,,,,,,,,,
19.684481143951416,19.674193143844604,0.12146711349487305,odometry_only,1465,-5,0.0,True,,,N/A,False,37,-0.4130859375000015,0.21933593750000047,11.098769531249998,0.0009260428818250431,0.0007858846237334587,0.0005230995073466568,-0.000965129441096765,0.0007525044072409931,0.0005010643016589315,-0.07818674206926582,0.04211798099753522,-0.15093475477166993,-0.9189306338354024,0.41914599813492215,-1.5972393185149318,-0.4169140624999985,0.24066406249999955,8.561230468750004,357.5,358.625,257.0625,360.0,360.0,0.0,-2.5,-1.375,257.0625,0.6231689453125,-0.009521484375,0.0234375,0.78167724609375,-0.002181661564992912,-0.002181661564992912,0.0,19.25,-7.0,-38.75,,,False,,,False,,,,,,,,,,,,,,
19.807453632354736,19.797165632247925,0.12296080589294434,odometry_only,1471,-4,0.0,True,,,N/A,False,37,-0.4230859375000015,0.22933593750000048,11.098769531249998,-0.0013752428807904569,-0.0026871960414745007,0.0013912666965198895,0.0029459607393663356,-0.0006745558833623612,0.0013835563774779118,-0.07806495976287922,0.04212277330419236,-0.15081888753291534,-0.9285370514251147,0.4243251536539071,-1.6157912540343833,-0.4169140624999985,0.24066406249999955,8.561230468750004,357.5,358.625,257.0625,360.0,360.0,0.0,-2.5,-1.375,257.0625,0.6231689453125,-0.009521484375,0.0234375,0.78167724609375,-0.001090830782496456,0.003272492347489368,0.002181661564992912,21.5,-6.1875,-38.75,,,False,,,False,,,,,,,,,,,,,,
19.92957878112793,19.919290781021118,0.12211394309997559,odometry_only,1461,-5,0.0,True,,,N/A,False,37,-0.4230859375000015,0.23933593750000043,11.058769531249997,-0.0022769631428927674,-1.173526165758592e-05,-0.010377544252945427,0.00037085213477729834,-0.0027180689895222833,-0.010264146007078586,-0.077862445213586,0.04191562990384886,-0.15136110944127698,-0.9380575065546262,0.4294562840476869,-1.6342414495126119,-0.4169140624999985,0.24066406249999955,8.561230468750004,357.5,358.625,257.0625,360.0,360.0,0.0,-2.5,-1.375,257.0625,0.6231689453125,-0.009521484375,0.0234375,0.78167724609375,0.001090830782496456,0.0,0.002181661564992912,19.6875,-6.1875,-38.75,,,False,,,False,,,,,,,,,,,,,,
20.053142309188843,20.04285430908203,0.12355184555053711,odometry_only,1461,-5,0.0,True,,,N/A,False,37,-0.4230859375000015,0.23933593750000043,11.088769531249996,-0.004661852981074206,0.001048738917273545,-0.017069830095952636,-0.00022648218308405596,-0.005600738531547729,-0.01681642827001105,-0.07785352662659913,0.041401727892844915,-0.1530340369065284,-0.9476770044059013,0.43460329070877485,-1.6530457405665604,-0.4169140624999985,0.24066406249999955,8.561230468750004,357.5,358.625,257.0625,360.0,360.0,0.0,-2.5,-1.375,257.0625,0.6231689453125,-0.009521484375,0.0234375,0.78167724609375,-0.002181661564992912,-0.001090830782496456,0.0,20.0625,-6.1875,-38.75,,,False,,,False,,,,,,,,,,,,,,
20.173421144485474,20.163133144378662,0.12026715278625488,odometry_only,1461,-5,0.0,True,,,N/A,False,37,-0.44308593750000147,0.23933593750000043,11.068769531249997,-0.007592272136500598,0.0054718117186330914,-0.023675851854246747,-0.0039783144569871,-0.009757695222019303,-0.023175195333342963,-0.07810637608657241,0.04047817034344601,-0.15543887625956587,-0.9570554311299685,0.4395270218244284,-1.6715953200556444,-0.4169140624999985,0.24066406249999955,8.561230468750004,357.5,358.625,257.0625,360.0,360.0,0.0,-2.5,-1.375,257.0625,0.6231689453125,-0.009521484375,0.0234375,0.78167724609375,0.002181661564992912,0.002181661564992912,0.002181661564992912,19.25,-6.5625,-38.75,,,False,,,False,,,,,,,,,,,,,,
20.295451641082764,20.285163640975952,0.12201905250549316,odometry_only,1467,-4,0.0,True,,,N/A,False,37,-0.44308593750000147,0.23933593750000043,11.078769531249996,-0.006748319424093813,0.007243191987022121,-0.016233745501339915,-0.005786551747471184,-0.008968499186702566,-0.015735945456968596,-0.07870212594762786,0.039335694094053054,-0.1578128265251367,-0.9666222435514779,0.44439642788216116,-1.6907066580404053,-0.4169140624999985,0.24066406249999955,8.561230468750004,357.5,358.625,257.0625,360.0,360.0,0.0,-2.5,-1.375,257.0625,0.6231689453125,-0.009521484375,0.0234375,0.78167724609375,0.001090830782496456,-0.001090830782496456,0.0,21.0625,-5.875,-39.5625,,,False,,,False,,,,,,,,,,,,,,
20.417001962661743,20.40671396255493,0.12153863906860352,odometry_only,1465,-5,0.0,True,,,N/A,False,37,-0.4030859375000015,0.22933593750000048,11.078769531249996,-0.0003724921030250532,0.0018981233102076346,-0.00927184726464146,-0.0018997729727709546,-0.0012342925207894898,-0.00919652971459675,-0.07916921867059666,0.03871567738463855,-0.1593279560756186,-0.9762159777378926,0.44913955661564026,-1.709979087595629,-0.4169140624999985,0.24066406249999955,8.561230468750004,357.5,358.625,257.0625,360.0,360.0,0.0,-2.5,-1.375,257.0625,0.6231689453125,-0.009521484375,0.0234375,0.78167724609375,-0.001090830782496456,-0.004363323129985824,0.003272492347489368,21.5,-5.875,-38.75,,,False,,,False,,,,,,,,,,,,,,
20.540530920028687,20.530242919921875,0.12351679801940918,odometry_only,1467,-4,0.0,True,,,N/A,False,37,-0.4130859375000015,0.21933593750000047,11.058769531249997,0.01027537519464062,-0.006312044160855905,-0.008526850115707092,0.0037372460711840505,0.01099509456134057,-0.00912542038295021,-0.07905573927381526,0.03931848889171364,-0.1604594903803788,-0.9859876978239173,0.45395882179292485,-1.7297286483121532,-0.4169140624999985,0.24066406249999955,8.561230468750004,357.5,358.625,257.0625,360.0,360.0,0.0,-2.5,-1.375,257.0625,0.6231689453125,-0.009521484375,0.0234375,0.78167724609375,0.001090830782496456,0.004363323129985824,0.0,21.5,-5.5,-39.5625,,,False,,,False,,,,,,,,,,,,,,
20.664623498916626,20.654335498809814,0.12408041954040527,odometry_only,1467,-4,0.0,True,,,N/A,False,37,-0.4130859375000015,0.23933593750000043,11.098769531249998,0.014454917756792855,-0.009534731242543205,-0.008234420917858629,0.005949910857402574,0.015795421461545542,-0.009097508269672082,-0.07845474602588888,0.040980578125625465,-0.16159004469661492,-0.9957596813729174,0.45894059275503213,-1.749708669024726,-0.4169140624999985,0.24066406249999955,8.561230468750004,357.5,358.625,257.0625,360.0,360.0,0.0,-2.5,-1.375,257.0625,0.6231689453125,-0.009521484375,0.0234375,0.78167724609375,-0.002181661564992912,0.001090830782496456,0.001090830782496456,20.0625,-6.5625,-39.1875,,,False,,,False,,,,,,,,,,,,,,
20.7867591381073,20.77647113800049,0.12212395668029785,odometry_only,1471,-4,0.0,True,,,N/A,False,37,-0.43308593750000146,0.21933593750000047,11.078769531249996,0.01405964676862442,-0.008767903530860568,-0.018212017240079224,0.005147763268291448,0.014756110601767115,-0.01902590614872144,-0.07777710008879972,0.04284611511473383,-0.1633073160186819,-1.005299506976414,0.46405921648200127,-1.769547544627495,-0.4169140624999985,0.24066406249999955,8.561230468750004,357.5,358.625,257.0625,360.0,360.0,0.0,-2.5,-1.375,257.0625,0.6231689453125,-0.009521484375,0.0234375,0.78167724609375,0.002181661564992912,0.002181661564992912,-0.001090830782496456,20.375,-5.875,-39.5625,,,False,,,False,,,,,,,,,,,,,,
20.910596132278442,20.90030813217163,0.1238241195678711,odometry_only,1471,-4,0.0,True,,,N/A,False,37,-0.4030859375000015,0.23933593750000043,11.098769531249998,0.013902850720800271,-0.004405273603482722,-0.014053039336802246,0.0009901560217624888,0.013835699084519282,-0.01475725686512602,-0.07739708886276493,0.0446162929453621,-0.16539890122688566,-1.0149066606397068,0.4694741943186649,-1.7898984236009539,-0.4169140624999985,0.24066406249999955,8.561230468750004,357.5,358.625,257.0625,360.0,360.0,0.0,-2.5,-1.375,257.0625,0.6231689453125,-0.009521484375,0.0234375,0.78167724609375,0.003272492347489368,0.002181661564992912,0.001090830782496456,21.0625,-6.1875,-37.875,,,False,,,False,,,,,,,,,,,,,,
21.03833246231079,21.02804446220398,0.1277146339416504,odometry_only,1467,-4,0.0,True,,,N/A,False,37,-0.4230859375000015,0.25933593750000045,11.078769531249996,0.011787068668010041,-0.0026778805779877997,-0.014459981092147032,-0.00022721871399698952,0.011371770563316952,-0.015027584345825023,-0.07734836973327408,0.04622597432469644,-0.16730088127301906,-1.0247882904390697,0.4752751377740774,-1.8111437390681748,-0.4169140624999985,0.24066406249999955,8.561230468750004,357.5,358.625,257.0625,360.0,360.0,0.0,-2.5,-1.375,257.0625,0.6231689453125,-0.009521484375,0.0234375,0.78167724609375,0.002181661564992912,0.003272492347489368,0.001090830782496456,20.375,-6.5625,-38.375,,,False,,,False,,,,,,,,,,,,,,
21.1756010055542,21.165313005447388,0.1372523307800293,odometry_only,1465,-5,0.0,True,,,N/A,False,37,-0.4230859375000015,0.22933593750000048,11.078769531249996,0.004622621709929784,0.00011340976881320285,-0.010400512563169203,-0.0012910178479556336,0.003971745365056833,-0.010588232453853019,-0.07745256048667581,0.04727894098646134,-0.16905879655331407,-1.0354116846788721,0.48169202155700025,-1.8342268139492168,-0.4169140624999985,0.24066406249999955,8.561230468750004,357.5,358.625,257.0625,360.0,360.0,0.0,-2.5,-1.375,257.0625,0.6231689453125,-0.009521484375,0.0234375,0.78167724609375,-0.001090830782496456,0.001090830782496456,0.001090830782496456,21.875,-6.5625,-38.375,,,False,,,False,,,,,,,,,,,,,,
21.30971074104309,21.29942274093628,0.13409209251403809,odometry_only,1461,-5,0.0,True,,,N/A,False,37,-0.4230859375000015,0.22933593750000048,11.078769531249996,0.0020157864684680112,0.0032209326685735144,-0.011015337872643683,-0.0037469846344023562,0.0007128563291286251,-0.011010332092812408,-0.07779033863415097,0.04759302500834541,-0.17050689491099502,-1.045820107274401,0.4880528117775824,-1.8569933510064296,-0.4169140624999985,0.24066406249999955,8.561230468750004,357.5,358.625,257.0625,360.0,360.0,0.0,-2.5,-1.375,257.0625,0.6231689453125,-0.009521484375,0.0234375,0.78167724609375,-0.001090830782496456,0.001090830782496456,0.001090830782496456,21.0625,-6.1875,-38.375,,,False,,,False,,,,,,,,,,,,,,
21.445468425750732,21.43518042564392,0.1357412338256836,odometry_only,1467,-4,0.0,True,,,N/A,False,37,-0.4230859375000015,0.22933593750000048,11.088769531249996,-0.0010608966152367886,0.004383535397887078,-0.011245359534881868,-0.004196920058190758,-0.002552696296093514,-0.011075585714831287,-0.07832949634633408,0.0474681539347666,-0.1720058797776861,-1.0564160567868575,0.4945046726369135,-1.8802399043250795,-0.4169140624999985,0.24066406249999955,8.561230468750004,357.5,358.625,257.0625,360.0,360.0,0.0,-2.5,-1.375,257.0625,0.6231689453125,-0.009521484375,0.0234375,0.78167724609375,0.002181661564992912,0.00545415391248228,0.0,20.75,-5.5,-39.1875,,,False,,,False,,,,,,,,,,,,,,
21.57670569419861,21.566417694091797,0.13121962547302246,odometry_only,1467,-4,0.0,True,,,N/A,False,37,-0.4230859375000015,0.22933593750000048,11.078769531249996,-0.002183678185601531,0.006882782102895996,-0.01340427712360024,-0.00641328119871466,-0.004306159602176063,-0.013120312452349977,-0.07902562966389634,0.04701814568369442,-0.17359336812542656,-1.0667400971375187,0.5007039010610467,-1.9029146062618818,-0.4169140624999985,0.24066406249999955,8.561230468750004,357.5,358.625,257.0625,360.0,360.0,0.0,-2.5,-1.375,257.0625,0.6231689453125,-0.009521484375,0.0234375,0.78167724609375,0.001090830782496456,-0.001090830782496456,0.002181661564992912,20.375,-5.875,-38.375,,,False,,,False,,,,,,,,,,,,,,
21.710350275039673,21.70006227493286,0.13362455368041992,odometry_only,1467,-4,0.0,True,,,N/A,False,37,-0.4130859375000015,0.21933593750000047,11.098769531249998,-0.008877944723422602,0.009921889982936619,-0.010046520709736297,-0.007833591381099346,-0.01133743749882285,-0.009396368380978733,-0.07997749565880607,0.045972961343405776,-0.17509775883878556,-1.0773634579650377,0.5069168486474189,-1.9262114543683395,-0.4169140624999985,0.24066406249999955,8.561230468750004,357.5,358.625,257.0625,360.0,360.0,0.0,-2.5,-1.375,257.0625,0.6231689453125,-0.009521484375,0.0234375,0.78167724609375,0.001090830782496456,0.0,0.004363323129985824,20.75,-5.875,-38.375,,,False,,,False,,,,,,,,,,,,,,
21.84850025177002,21.838212251663208,0.13813495635986328,odometry_only,1467,-4,0.0,True,,,N/A,False,37,-0.4130859375000015,0.20933593750000046,11.088769531249996,-0.005062565779803269,0.004725394026343892,-0.008777778380662116,-0.00360184645721242,-0.006405747347909161,-0.008426233873592748,-0.08076731251218164,0.04474748431116162,-0.17632872103111277,-1.0884656964959247,0.5131826810481395,-1.950483595098604,-0.4169140624999985,0.24066406249999955,8.561230468750004,357.5,358.625,257.0625,360.0,360.0,0.0,-2.5,-1.375,257.0625,0.6231689453125,-0.009521484375,0.0234375,0.78167724609375,0.001090830782496456,0.001090830782496456,-0.003272492347489368,20.75,-5.875,-38.75,,,False,,,False,,,,,,,,,,,,,,
21.979422569274902,21.96913456916809,0.1309034824371338,odometry_only,1465,-5,0.0,True,,,N/A,False,37,-0.4130859375000015,0.22933593750000048,11.088769531249996,0.0004505859687682929,0.002863583284545587,-0.004177040582572271,-0.002951463265307962,-0.0004001944508297586,-0.004120620580240089,-0.08119623804426516,0.04430202356980193,-0.17714993450193206,-1.0990664928937857,0.519011126393605,-1.9736193885868396,-0.4169140624999985,0.24066406249999955,8.561230468750004,357.5,358.625,257.0625,360.0,360.0,0.0,-2.5,-1.375,257.0625,0.6231689453125,-0.009521484375,0.0234375,0.78167724609375,-0.003272492347489368,-0.001090830782496456,-0.002181661564992912,20.0625,-5.875,-39.1875,,,False,,,False,,,,,,,,,,,,,,
22.113680601119995,22.103392601013184,0.13423871994018555,odometry_only,1465,-5,0.0,True,,,N/A,False,37,-0.44308593750000147,0.22933593750000048,11.078769531249996,0.0004619897651064262,0.0021530054110595566,-0.00660661158449361,-0.0022962259096850623,-0.000349037992103643,-0.0065651886890811615,-0.08154845958301268,0.04425173556776341,-0.1778671591808514,-1.109989812837055,0.5249547980298641,-1.9974479086932706,-0.4169140624999985,0.24066406249999955,8.561230468750004,357.5,358.625,257.0625,360.0,360.0,0.0,-2.5,-1.375,257.0625,0.6231689453125,-0.009521484375,0.0234375,0.78167724609375,-0.002181661564992912,-0.001090830782496456,0.0,21.5,-5.875,-39.5625,,,False,,,False,,,,,,,,,,,,,,
22.249642610549927,22.239354610443115,0.13594651222229004,odometry_only,1467,-4,0.0,True,,,N/A,False,37,-0.4230859375000015,0.25933593750000045,11.108769531249997,-0.0037388932888183265,0.010297596841692007,-0.005412515928771791,-0.009280122223070427,-0.006191789836420517,-0.004985601524879239,-0.08233534165947225,0.043807134202596236,-0.17865230400235102,-1.1211295284313783,0.5309404461376227,-2.02168169747283,-0.4169140624999985,0.24066406249999955,8.561230468750004,357.5,358.625,257.0625,360.0,360.0,0.0,-2.5,-1.375,257.0625,0.6231689453125,-0.009521484375,0.0234375,0.78167724609375,0.001090830782496456,0.001090830782496456,0.002181661564992912,21.875,-5.875,-37.875,,,False,,,False,,,,,,,,,,,,,,
22.379926681518555,22.369638681411743,0.1302657127380371,odometry_only,1471,-4,0.0,True,,,N/A,False,37,-0.38308593750000147,0.23933593750000043,11.078769531249996,0.0009423676145430119,0.013257153244682757,-0.00704786407311295,-0.013232744735747617,-0.002370234892631199,-0.006751963431426118,-0.08380166898955577,0.04324946507569093,-0.1794168051347721,-1.1319505064835595,0.5366106911143906,-2.045003761328441,-0.4169140624999985,0.24066406249999955,8.561230468750004,357.5,358.625,257.0625,360.0,360.0,0.0,-2.5,-1.375,257.0625,0.6231689453125,-0.009521484375,0.0234375,0.78167724609375,-0.001090830782496456,-0.003272492347489368,0.001090830782496456,21.875,-7.0,-39.5625,,,False,,,False,,,,,,,,,,,,,,
22.514659643173218,22.504371643066406,0.13471317291259766,odometry_only,1471,-4,0.0,True,,,N/A,False,37,-0.4030859375000015,0.21933593750000047,11.118769531249997,0.013217569517528737,0.008107246085909164,-0.00977137933864695,-0.010991314472845268,0.010595525932679855,-0.010140871441688896,-0.08543331892796185,0.04380349260275818,-0.18055464882739505,-1.1433495975786565,0.5424742811845357,-2.0692502096890433,-0.4169140624999985,0.24066406249999955,8.561230468750004,357.5,358.625,257.0625,360.0,360.0,0.0,-2.5,-1.375,257.0625,0.6231689453125,-0.009521484375,0.0234375,0.78167724609375,-0.003272492347489368,-0.001090830782496456,0.001090830782496456,21.875,-5.875,-39.5625,,,False,,,False,,,,,,,,,,,,,,
22.651716232299805,22.641428232192993,0.1370410919189453,odometry_only,1465,-5,0.0,True,,,N/A,False,37,-0.44308593750000147,0.23933593750000043,11.098769531249998,0.015696147727546315,0.004073879433762536,-0.010789185378055994,-0.007627714296227184,0.013856066040148345,-0.01136659477389895,-0.08670910494445383,0.04547892903431463,-0.18202835215469204,-1.1551448904451813,0.5485919614596917,-2.09409459487196,-0.4169140624999985,0.24066406249999955,8.561230468750004,357.5,358.625,257.0625,360.0,360.0,0.0,-2.5,-1.375,257.0625,0.6231689453125,-0.009521484375,0.0234375,0.78167724609375,-0.002181661564992912,0.0,-0.002181661564992912,21.0625,-6.1875,-39.5625,,,False,,,False,,,,,,,,,,,,,,
22.782596111297607,22.772308111190796,0.13086199760437012,odometry_only,1465,-5,0.0,True,,,N/A,False,37,-0.4130859375000015,0.23933593750000043,11.088769531249996,0.004154138267860711,0.0005446001035183464,-0.007011040165966927,-0.0015581980288891862,0.0035841388106088137,-0.007171757533485916,-0.08731014836279549,0.046620059057014385,-0.18324133506231102,-1.1665311439998851,0.5546180902391779,-2.11799455533873,-0.4169140624999985,0.24066406249999955,8.561230468750004,357.5,358.625,257.0625,360.0,360.0,0.0,-2.5,-1.375,257.0625,0.6231689453125,-0.009521484375,0.0234375,0.78167724609375,0.001090830782496456,0.001090830782496456,0.0,21.0625,-5.875,-39.1875,,,False,,,False,,,,,,,,,,,,,,
22.917239665985107,22.906951665878296,0.13462376594543457,odometry_only,1465,-5,0.0,True,,,N/A,False,37,-0.4030859375000015,0.24933593750000044,11.098769531249998,-0.002352045528655208,0.00548067414221284,-0.001377133997484111,-0.0048368072206600304,-0.0035751208218252123,-0.001135875120132829,-0.08774060820776307,0.04662066607482004,-0.18380053745927175,-1.1783141400404482,0.5608942990175432,-2.14270083490799,-0.4169140624999985,0.24066406249999955,8.561230468750004,357.5,358.625,257.0625,360.0,360.0,0.0,-2.5,-1.375,257.0625,0.6231689453125,-0.009521484375,0.0234375,0.78167724609375,0.002181661564992912,0.001090830782496456,-0.002181661564992912,21.0625,-5.875,-37.875,,,False,,,False,,,,,,,,,,,,,,
23.05362367630005,23.043335676193237,0.1363687515258789,odometry_only,1471,-4,0.0,True,,,N/A,False,37,-0.4130859375000015,0.18933593750000044,11.068769531249997,0.001534250131906641,-0.2705341506468835,-0.007694015761823175,0.26323204171149756,0.06123928683378376,-0.014454080141159474,-0.07012209044388695,0.05055246123823594,-0.1848635288269351,-1.189077909604264,0.5675199880443166,-2.167837964133942,-0.4169140624999985,0.24066406249999955,8.561230468750004,357.5,358.625,257.0625,360.0,360.0,0.0,-2.5,-1.375,257.0625,0.6231689453125,-0.009521484375,0.0234375,0.78167724609375,0.003272492347489368,0.001090830782496456,-0.002181661564992912,20.5,-6.5625,-38.75,,,False,,,False,,,,,,,,,,,,,,
23.183605909347534,23.173317909240723,0.12996578216552734,odometry_only,1467,-4,0.0,True,,,N/A,False,37,-0.4230859375000015,0.23933593750000043,11.088769531249996,0.0050082822318940415,-0.3683661377229709,-0.012047762105336233,0.35774950203742034,0.08615142784821017,-0.021379152352050634,-0.02976891442204458,0.06013033599702665,-0.18719207587118472,-1.1955691158936148,0.5747124762017912,-2.1920152129707717,-0.4169140624999985,0.24066406249999955,8.561230468750004,357.5,358.625,257.0625,360.0,360.0,0.0,-2.5,-1.375,257.0625,0.6231689453125,-0.009521484375,0.0234375,0.78167724609375,0.0,0.0,-0.001090830782496456,21.875,-5.875,-38.375,,,False,,,False,,,,,,,,,,,,,,
23.316032648086548,23.305744647979736,0.13240885734558105,odometry_only,1471,-4,0.0,True,,,N/A,False,37,-0.3930859375000015,0.22933593750000048,11.098769531249998,0.0021728433672676167,-0.4120277082710514,-0.01787690470971836,0.4008548143526635,0.09281008295771151,-0.028157479735729372,0.020454050933273744,0.07197838057435212,-0.1904716202969304,-1.1961858011090538,0.5834586583050949,-2.217018222206036,-0.4169140624999985,0.24066406249999955,8.561230468750004,357.5,358.625,257.0625,360.0,360.0,0.0,-2.5,-1.375,257.0625,0.6231689453125,-0.009521484375,0.0234375,0.78167724609375,-0.003272492347489368,-0.002181661564992912,0.0,21.0625,-5.875,-38.375,,,False,,,False,,,,,,,,,,,,,,
23.453624963760376,23.443336963653564,0.1375749111175537,odometry_only,1461,-5,0.0,True,,,N/A,False,37,-0.3930859375000015,0.22933593750000048,11.078769531249996,0.0032050334854299084,-0.15200596762881546,-0.01587278491078999,0.14721484013966787,0.036130042786096134,-0.01975962009164927,0.058154367934779176,0.08084784374369738,-0.1937677156718117,-1.190778527989622,0.5939711854185884,-2.24344906845292,-0.4169140624999985,0.24066406249999955,8.561230468750004,357.5,358.625,257.0625,360.0,360.0,0.0,-2.5,-1.375,257.0625,0.6231689453125,-0.009521484375,0.0234375,0.78167724609375,-0.002181661564992912,-0.002181661564992912,0.0,21.0625,-5.5,-38.375,,,False,,,False,,,,,,,,,,,,,,
23.585594177246094,23.575306177139282,0.13195300102233887,odometry_only,1465,-5,0.0,True,,,N/A,False,37,-0.4030859375000015,0.20933593750000046,11.088769531249996,0.00981548782062162,-0.062342167799115944,-0.01514964737358449,0.05835651038082328,0.022677093366087003,-0.01710756076220371,0.07171724624747615,0.0847277327921023,-0.1962000832482613,-1.1822100533701398,0.6048952825285397,-2.2691777791377095,-0.4169140624999985,0.24066406249999955,8.561230468750004,357.5,358.625,257.0625,360.0,360.0,0.0,-2.5,-1.375,257.0625,0.6231689453125,-0.009521484375,0.0234375,0.78167724609375,-0.003272492347489368,-0.001090830782496456,-0.001090830782496456,20.75,-6.5625,-39.1875,,,False,,,False,,,,,,,,,,,,,,
23.717288494110107,23.707000494003296,0.13167667388916016,odometry_only,1465,-5,0.0,True,,,N/A,False,37,-0.4030859375000015,0.22933593750000048,11.108769531249997,0.012300369886126858,-0.024481983520466086,-0.01695551630250151,0.020874548174351908,0.016595901673861574,-0.01808273861074377,0.07693368737710753,0.08731340147236526,-0.19851695403555805,-1.1724231231150382,0.6162221846945715,-2.295165292436168,-0.4169140624999985,0.24066406249999955,8.561230468750004,357.5,358.625,257.0625,360.0,360.0,0.0,-2.5,-1.375,257.0625,0.6231689453125,-0.009521484375,0.0234375,0.78167724609375,0.0,0.001090830782496456,0.001090830782496456,20.75,-5.875,-38.375,,,False,,,False,,,,,,,,,,,,,,
23.851791858673096,23.841503858566284,0.13448572158813477,odometry_only,1471,-4,0.0,True,,,N/A,False,37,-0.4230859375000015,0.22933593750000048,11.108769531249997,0.0069613006954729615,-0.010107303379867077,-0.011358640742552557,0.008135345933624763,0.008473908751197447,-0.011901471569536005,0.07888439564826084,0.08899916724491116,-0.20053317810673066,-1.1619454694489648,0.6280779462090718,-2.321998564921666,-0.4169140624999985,0.24066406249999955,8.561230468750004,357.5,358.625,257.0625,360.0,360.0,0.0,-2.5,-1.375,257.0625,0.6231689453125,-0.009521484375,0.0234375,0.78167724609375,0.003272492347489368,-0.001090830782496456,-0.001090830782496456,20.75,-5.875,-37.5625,,,False,,,False,,,,,,,,,,,,,,
23.985384941101074,23.975096940994263,0.1335771083831787,odometry_only,1471,-4,0.0,True,,,N/A,False,37,-0.4030859375000015,0.22933593750000048,11.078769531249996,0.004981520950046642,-0.002688136970874188,-0.01346104907224559,0.0013156693938737377,0.004795340012820196,-0.01373008381922002,0.07951561529762702,0.08988540118506844,-0.20224507263282732,-1.151366161733957,0.6400253879016965,-2.3488995419483785,-0.4169140624999985,0.24066406249999955,8.561230468750004,357.5,358.625,257.0625,360.0,360.0,0.0,-2.5,-1.375,257.0625,0.6231689453125,-0.009521484375,0.0234375,0.78167724609375,-0.001090830782496456,-0.003272492347489368,0.001090830782496456,20.75,-6.5625,-38.375,,,False,,,False,,,,,,,,,,,,,,
24.116947650909424,24.106659650802612,0.131544828414917,odometry_only,1471,-4,0.0,True,,,N/A,False,37,-0.3930859375000015,0.21933593750000047,11.108769531249997,0.00632355749719932,6.579292578762263e-05,-0.008010704125556404,-0.0015899157458171733,0.005754604274466528,-0.008277667925338026,0.0794975774529721,0.09057929649059747,-0.2036925755963453,-1.1409074801559143,0.6518949867470442,-2.3755990410901093,-0.4169140624999985,0.24066406249999955,8.561230468750004,357.5,358.625,257.0625,360.0,360.0,0.0,-2.5,-1.375,257.0625,0.6231689453125,-0.009521484375,0.0234375,0.78167724609375,-0.001090830782496456,0.001090830782496456,0.0,21.0625,-6.5625,-38.375,,,False,,,False,,,,,,,,,,,,,,
24.250353813171387,24.240065813064575,0.13338661193847656,odometry_only,1461,-5,0.0,True,,,N/A,False,37,-0.4230859375000015,0.24933593750000044,11.088769531249996,0.006832052367388829,0.005284810189433423,-0.010121138630915964,-0.006820493111315777,0.00498762032786242,-0.010278527261183364,0.07893665948173695,0.09129573096279087,-0.20493014959954486,-1.1303409771160249,0.6640248336011566,-2.402851441527583,-0.4169140624999985,0.24066406249999955,8.561230468750004,357.5,358.625,257.0625,360.0,360.0,0.0,-2.5,-1.375,257.0625,0.6231689453125,-0.009521484375,0.0234375,0.78167724609375,0.002181661564992912,0.003272492347489368,0.001090830782496456,21.5,-6.1875,-39.5625,,,False,,,False,,,,,,,,,,,,,,
24.386820316314697,24.376532316207886,0.13645100593566895,odometry_only,1465,-5,0.0,True,,,N/A,False,37,-0.4230859375000015,0.24933593750000044,11.058769531249997,0.0007073242251565302,0.01146237977237696,-0.013021858115658553,-0.011516546161704689,-0.0024900679493611707,-0.012752410458533764,0.07768560575439419,0.09146612773000262,-0.20650144690929342,-1.1196553442943282,0.6764938533338087,-2.430921569136258,-0.4169140624999985,0.24066406249999955,8.561230468750004,357.5,358.625,257.0625,360.0,360.0,0.0,-2.5,-1.375,257.0625,0.6231689453125,-0.009521484375,0.0234375,0.78167724609375,0.0,-0.003272492347489368,0.001090830782496456,20.75,-5.875,-38.375,,,False,,,False,,,,,,,,,,,,,,
24.518837213516235,24.508549213409424,0.13199901580810547,odometry_only,1467,-4,0.0,True,,,N/A,False,37,-0.3930859375000015,0.21933593750000047,11.078769531249996,0.004717703102384875,0.013710058993359078,-0.016156881725546808,-0.014647099217033794,0.0007636374253556114,-0.01600458089629061,0.07595881803442131,0.09135218416498772,-0.20839939418751294,-1.1095148879320647,0.6885597719547277,-2.4583048204776246,-0.4169140624999985,0.24066406249999955,8.561230468750004,359.05970799802554,359.48283939891405,321.2834768187011,361.55970799802554,360.85783939891405,64.2209768187011,-2.5,-1.375,257.0625,0.6231689453125,-0.009521484375,0.0234375,0.78167724609375,0.001090830782496456,0.001090830782496456,-0.001090830782496456,21.5,-5.875,-38.375,,,False,,,False,,,,,,,,,,,,,,
24.654120683670044,24.643832683563232,0.13526415824890137,odometry_only,1471,-4,0.0,True,,,N/A,False,37,-0.4130859375000015,0.20933593750000046,11.078769531249996,0.008338558699126962,0.008267200740752559,-0.01944548495172784,-0.010197110585859167,0.00533958142360597,-0.01958348437319059,0.0742785524712476,0.09176495754509453,-0.2108062890337046,-1.099354022202576,0.7009443649719073,-2.4866565724146614,-0.4169140624999985,0.24066406249999955,8.561230468750004,358.07771679981846,358.94274423990015,280.8499892325253,360.57771679981846,360.31774423990015,23.787489232525274,-2.5,-1.375,257.0625,0.6231689453125,-0.009521484375,0.0234375,0.78167724609375,-0.001090830782496456,0.0,0.001090830782496456,20.75,-6.5625,-38.375,,,False,,,False,,,,,,,,,,,,,,
24.78826069831848,24.77797269821167,0.1341240406036377,odometry_only,1467,-4,0.0,True,,,N/A,False,37,-0.44308593750000147,0.24933593750000044,11.088769531249996,0.0075834387695090195,0.006257490436883276,-0.014383529714425063,-0.00799727121000114,0.0052964008649683345,-0.014544498900119463,0.07305840046987457,0.09247822800526069,-0.21309498054083945,-1.0894733084732302,0.7133000852217569,-2.515084247960836,-0.4169140624999985,0.24066406249999955,8.561230468750004,357.7151282961769,358.7433205628973,265.9204075950843,360.2151282961769,360.1183205628973,8.857907595084328,-2.5,-1.375,257.0625,0.6231689453125,-0.009521484375,0.0234375,0.78167724609375,-0.001090830782496456,-0.001090830782496456,-0.001090830782496456,21.5,-5.5,-38.75,,,False,,,False,,,,,,,,,,,,,,
24.92246723175049,24.912179231643677,0.13418984413146973,odometry_only,1462,-5,0.0,True,,,N/A,False,37,-0.4130859375000015,0.25933593750000045,11.108769531249997,-0.0031600998816695538,0.009693903673414335,-0.010405771441374567,-0.008892396320123884,-0.005736227430811406,-0.010012944698216616,0.07192518954322466,0.09244871787610301,-0.21474266030520348,-1.0797456458004908,0.7257077442435214,-2.5437899811301894,-0.4169140624999985,0.24066406249999955,8.561230468750004,357.5800841130156,358.66904626215853,260.3599633534163,360.0800841130156,360.04404626215853,3.2974633534162763,-2.5,-1.375,257.0625,0.6231689453125,-0.009521484375,0.0234375,0.78167724609375,0.002181661564992912,0.0,-0.001090830782496456,21.5,-5.875,-38.375,,,False,,,False,,,,,,,,,,,,,,
25.056050539016724,25.045762538909912,0.13356375694274902,odometry_only,1461,-5,0.0,True,,,N/A,False,37,-0.3930859375000015,0.22933593750000048,11.068769531249997,-0.0008861014299681043,0.013059736376257982,-0.01101639686150781,-0.012689175605909292,-0.004299413548443279,-0.010639678348223004,0.07048393162963909,0.09177851891984408,-0.21612188126760593,-1.0702352971771094,0.7380107851823454,-2.5725639245831293,-0.4169140624999985,0.24066406249999955,8.561230468750004,357.52989985217766,358.6414449186977,258.2936264134156,360.02989985217766,360.0164449186977,1.231126413415609,-2.5,-1.375,257.0625,0.6231689453125,-0.009521484375,0.0234375,0.78167724609375,-0.003272492347489368,-0.003272492347489368,0.0,21.5,-5.5,-38.75,,,False,,,False,,,,,,,,,,,,,,
25.190474271774292,25.18018627166748,0.13440990447998047,odometry_only,1461,-5,0.0,True,,,N/A,False,37,-0.4230859375000015,0.23933593750000043,11.068769531249997,0.0020586445542225685,0.012225613704668313,-0.015432385844562704,-0.012596520239281896,-0.0014607045347748517,-0.015200532912872256,0.0687846076480081,0.0913914104591647,-0.2178584714312791,-1.060875761646422,0.7503207115380641,-2.601729553459352,-0.4169140624999985,0.24066406249999955,8.561230468750004,357.51111913553075,358.6311155245419,257.52033040547764,360.01111913553075,360.0061155245419,0.45783040547763676,-2.5,-1.375,257.0625,0.6231689453125,-0.009521484375,0.0234375,0.78167724609375,0.001090830782496456,0.003272492347489368,-0.003272492347489368,21.0625,-6.5625,-39.1875,,,False,,,False,,,,,,,,,,,,,,
25.322345972061157,25.312057971954346,0.13185501098632812,odometry_only,1471,-4,0.0,True,,,N/A,False,37,-0.43308593750000146,0.24933593750000044,11.078769531249996,0.0010671433364183775,0.007760126412966149,-0.017062851949794164,-0.008046207804655743,-0.0015129814535460619,-0.016895819026960305,0.06742368408149751,0.09119536275983472,-0.21997450385010292,-1.0518958887452106,0.7623582020324388,-2.6305947893423034,-0.4169140624999985,0.24066406249999955,8.561230468750004,357.50418494207094,358.627301718139,257.2348149897708,360.00418494207094,360.002301718139,0.17231498977082538,-2.5,-1.375,257.0625,0.6231689453125,-0.009521484375,0.0234375,0.78167724609375,0.002181661564992912,0.002181661564992912,-0.002181661564992912,20.75,-6.5625,-39.1875,,,False,,,False,,,,,,,,,,,,,,
25.456326723098755,25.446038722991943,0.13396215438842773,odometry_only,1471,-4,0.0,True,,,N/A,False,37,-0.4130859375000015,0.25933593750000045,11.118769531249997,-0.005581662936375612,0.010251701644912431,-0.009315623755026533,-0.008880110183120665,-0.008165391970217685,-0.00880359079041985,0.06628994106974445,0.09054709488242317,-0.2216958780029266,-1.042939606097037,0.774531507617241,-2.660178347283599,-0.4169140624999985,0.24066406249999955,8.561230468750004,357.5015595564857,358.6258577560671,257.12671473829704,360.0015595564857,360.0008577560671,0.06421473829703928,-2.5,-1.375,257.0625,0.6231689453125,-0.009521484375,0.0234375,0.78167724609375,0.0,0.0,0.001090830782496456,20.5,-6.1875,-39.1875,,,False,,,False,,,,,,,,,,,,,,
25.591044902801514,25.580756902694702,0.1347029209136963,odometry_only,1465,-5,0.0,True,,,N/A,False,37,-0.4130859375000015,0.20933593750000046,11.078769531249996,-0.0038736272421916185,0.004895823987938062,-0.004327189565150854,-0.003969502198067238,-0.00506995561167515,-0.0040295474262319105,0.06542450090956704,0.08965567489312867,-0.22256020860406267,-1.0340684460664717,0.7866684273399935,-2.6900996435334235,-0.4169140624999985,0.24066406249999955,8.561230468750004,357.5005791736726,358.6253185455199,257.0863474759683,360.0005791736726,360.0003185455199,0.02384747596829584,-2.5,-1.375,257.0625,0.6231689453125,-0.009521484375,0.0234375,0.78167724609375,-0.001090830782496456,-0.002181661564992912,0.0,21.0625,-5.875,-39.5625,,,False,,,False,,,,,,,,,,,,,,
25.72423267364502,25.713944673538208,0.13317084312438965,odometry_only,1461,-5,0.0,True,,,N/A,False,37,-0.43308593750000146,0.23933593750000043,11.098769531249998,-0.0032420112959012197,0.0008287532896601802,-0.00039599609354336665,-9.00251349668763e-05,-0.0033604100153947435,-0.00023199605057882769,0.06515419557075372,0.08909433544392678,-0.22284396527297173,-1.0253738085142876,0.798570572132533,-2.719757068216587,-0.4169140624999985,0.24066406249999955,8.561230468750004,357.5002166370931,358.6251191504012,257.0714200323079,360.0002166370931,360.0001191504012,0.008920032307912606,-2.5,-1.375,257.0625,0.6231689453125,-0.009521484375,0.0234375,0.78167724609375,0.0,0.0,0.0,22.5625,-5.5,-39.5625,,,False,,,False,,,,,,,,,,,,,,
25.856539726257324,25.846251726150513,0.13228940963745117,odometry_only,1461,-5,0.0,True,,,N/A,False,37,-0.4230859375000015,0.23933593750000043,11.088769531249996,-0.005087674828863857,-0.002770061851146132,-0.003091866027347936,0.0037908921606487817,-0.004488734494793062,-0.0029321856380667296,0.0653989883277408,0.08857515609722089,-0.22305325913676002,-1.016738406702177,0.8103224682058153,-2.749250808504658,-0.4169140624999985,0.24066406249999955,8.561230468750004,357.50008136916927,358.6250447530431,257.0658503755434,360.00008136916927,360.0000447530431,0.0033503755433912374,-2.5,-1.375,257.0625,0.6231689453125,-0.009521484375,0.0234375,0.78167724609375,0.0,0.002181661564992912,0.0,20.75,-6.5625,-39.1875,,,False,,,False,,,,,,,,,,,,,,
25.995591640472412,25.9853036403656,0.13904237747192383,odometry_only,1461,-5,0.0,True,,,N/A,False,37,-0.4030859375000015,0.22933593750000048,11.088769531249996,-0.005793789417225302,9.310689699286142e-05,-0.002003250532171886,0.001173371310481561,-0.005759791554692779,-0.0017428936899005056,0.0657441098254523,0.08786266638346917,-0.22337827620907522,-1.00762118262405,0.8225886353626575,-2.780287259531121,-0.4169140624999985,0.24066406249999955,8.561230468750004,357.50002961832047,358.62501629007625,257.06371953434547,360.00002961832047,360.00001629007625,0.0012195343454663998,-2.5,-1.375,257.0625,0.6231689453125,-0.009521484375,0.0234375,0.78167724609375,0.0,-0.002181661564992912,0.0,20.75,-5.875,-38.75,,,False,,,False,,,,,,,,,,,,,,
26.119423866271973,26.10913586616516,0.12382102012634277,odometry_only,1471,-4,0.0,True,,,N/A,False,37,-0.38308593750000147,0.21933593750000047,11.068769531249997,0.004106206418191337,0.0010906611982746581,-0.009740777007597344,-0.0021188433225094033,0.0032837023354310765,-0.009882358607989108,0.0656855751709372,0.08770937043694275,-0.2240980015084506,-0.9994843037884815,0.833458389715039,-2.8079907441257825,-0.4169140624999985,0.24066406249999955,8.561230468750004,357.5000115878492,358.6250063733171,257.06297712969194,360.0000115878492,360.0000063733171,0.00047712969194435573,-2.5,-1.375,257.0625,0.6231689453125,-0.009521484375,0.0234375,0.78167724609375,0.002181661564992912,0.0,0.0,21.5,-5.875,-39.5625,,,False,,,False,,,,,,,,,,,,,,
26.239980220794678,26.229692220687866,0.1205446720123291,odometry_only,1461,-5,0.0,True,,,N/A,False,37,-0.4530859375000015,0.25933593750000045,11.108769531249997,0.003923016208133921,0.003484688743342421,-0.008720445832364913,-0.004396763833802766,0.0026228040360003107,-0.008795945321622561,0.06529286430712779,0.08806536937358422,-0.22522378651892141,-0.9915899272746965,0.8440527438942953,-2.835072417908659,-0.4169140624999985,0.24066406249999955,8.561230468750004,357.50000460784463,358.62500253431455,257.06268972800217,360.00000460784463,360.00000253431455,0.00018972800216943142,-2.5,-1.375,257.0625,0.6231689453125,-0.009521484375,0.0234375,0.78167724609375,0.0,0.0,-0.001090830782496456,19.6875,-6.1875,-38.375,,,False,,,False,,,,,,,,,,,,,,
26.3618745803833,26.35158658027649,0.12186121940612793,odometry_only,1465,-5,0.0,True,,,N/A,False,37,-0.43308593750000146,0.22933593750000048,11.098769531249998,-0.002199686515069286,0.006457282600617311,-0.010329480820463673,-0.005950934336460717,-0.004078040519866271,-0.01005928722179664,0.06466237274859035,0.08797670092736012,-0.226372647333885,-0.9836716754467854,0.8547790945711214,-2.86258846396304,-0.4169140624999985,0.24066406249999955,8.561230468750004,357.5000018203088,358.62500100116984,257.0625749512153,360.0000018203088,360.00000100116984,7.495121531064797e-05,-2.5,-1.375,257.0625,0.6231689453125,-0.009521484375,0.0234375,0.78167724609375,0.001090830782496456,-0.001090830782496456,0.002181661564992912,21.5,-5.875,-39.1875,,,False,,,False,,,,,,,,,,,,,,
26.483733415603638,26.473445415496826,0.12184810638427734,odometry_only,1461,-5,0.0,True,,,N/A,False,37,-0.4130859375000015,0.21933593750000047,11.098769531249998,-0.008651188332476644,0.009647971737054733,-0.006932238233444608,-0.007572592496419073,-0.010904686047450436,-0.006302857305852275,0.06383846468047867,0.08706389249700965,-0.22736949549742497,-0.9758428835920224,0.8654432769956912,-2.89023227440841,-0.4169140624999985,0.24066406249999955,7.281230468750003,357.50000071915184,358.6250003955335,257.0625296110765,360.00000071915184,360.0000003955335,2.9611076513447188e-05,-2.5,-1.375,257.0625,0.6231689453125,-0.009521484375,0.0234375,0.78167724609375,0.0,-0.001090830782496456,0.0,21.5,-6.1875,-40.375,,,False,,,False,,,,,,,,,,,,,,
26.608359336853027,26.598071336746216,0.12461423873901367,odometry_only,1461,-5,0.0,True,,,N/A,False,37,-0.4030859375000015,0.22933593750000048,11.078769531249996,-0.0010511982727463027,0.0068511365828330725,-0.011681016733683526,-0.006610450246979633,-0.0031127388446065955,-0.011449980202399346,0.06295476014324292,0.08619050713100715,-0.22847562366319907,-0.9679427629976861,0.8762382595546063,-2.918634670661958,-0.4169140624999985,0.24066406249999955,8.561230468750004,357.50000028026744,358.6250001541471,257.0625115400111,360.00000028026744,360.0000001541471,1.1540011087163293e-05,-2.5,-1.375,257.0625,0.6231689453125,-0.009521484375,0.0234375,0.78167724609375,0.0,0.0,0.0,20.75,-6.1875,-39.1875,,,False,,,False,,,,,,,,,,,,,,
26.73196506500244,26.72167706489563,0.12359404563903809,odometry_only,1467,-4,0.0,True,,,N/A,False,37,-0.4530859375000015,0.24933593750000044,11.078769531249996,-0.00012657774131744645,0.007792396375658916,-0.01352577347006889,-0.007760624574203373,-0.002511007552002724,-0.013309829392432289,0.06206667050457725,0.08584297634660469,-0.23000570618173782,-0.9602168107950139,0.8868694166587937,-2.946967451864709,-0.4169140624999985,0.24066406249999955,8.561230468750004,357.50000010977413,358.6250000603758,257.062504519949,360.00000010977413,360.0000000603758,4.519949015957536e-06,-2.5,-1.375,257.0625,0.6231689453125,-0.009521484375,0.0234375,0.78167724609375,-0.002181661564992912,0.0,0.001090830782496456,21.5,-6.5625,-38.75,,,False,,,False,,,,,,,,,,,,,,
26.853353261947632,26.84306526184082,0.12137699127197266,odometry_only,1467,-4,0.0,True,,,N/A,False,37,-0.4030859375000015,0.24933593750000044,11.058769531249997,0.004259684795552193,0.008158446709789848,-0.018269871503405567,-0.009164114046827387,0.001448814049632171,-0.018232205670494703,0.06103953357863462,0.0857785134208715,-0.23191994483900438,-0.952745680465747,0.8972848666915887,-2.9750010247208314,-0.4169140624999985,0.24066406249999955,8.561230468750004,357.50000004347027,358.6250000239087,257.06250178988864,360.00000004347027,360.0000000239087,1.7898886426337413e-06,-2.5,-1.375,257.0625,0.6231689453125,-0.009521484375,0.0234375,0.78167724609375,0.001090830782496456,0.002181661564992912,-0.001090830782496456,21.0625,-6.1875,-39.1875,,,False,,,False,,,,,,,,,,,,,,
26.97640824317932,26.96612024307251,0.12304377555847168,odometry_only,1471,-4,0.0,True,,,N/A,False,37,-0.3930859375000015,0.21933593750000047,11.118769531249997,0.001957601786950742,0.0103283834648843,-0.016110254698667937,-0.0107344894797086,-0.001170375890266067,-0.01592008078168668,0.05981533392551157,0.08579564346206549,-0.2340210579735198,-0.9453104608695826,0.9078404327171578,-3.003666594807608,-0.4169140624999985,0.24066406249999955,8.561230468750004,357.5000000170725,358.6250000093899,257.0625007029609,360.0000000170725,360.0000000093899,7.029609037090268e-07,-2.5,-1.375,257.0625,0.6231689453125,-0.009521484375,0.0234375,0.78167724609375,-0.001090830782496456,0.001090830782496456,0.0,21.0625,-7.0,-38.75,,,False,,,False,,,,,,,,,,,,,,
27.101115226745605,27.090827226638794,0.1246950626373291,odometry_only,1471,-4,0.0,True,,,N/A,False,37,-0.44308593750000147,0.20933593750000046,11.068769531249997,0.0030835375025825952,0.005080711990860638,-0.017292435116338066,-0.005887856810479157,0.0010348471157673015,-0.017280404617454774,0.0587789716695944,0.08578719357755285,-0.23609102627673764,-0.9379163986872765,0.9185381990232306,-3.032976922703684,-0.4169140624999985,0.24066406249999955,8.561230468750004,357.50000000665085,358.625000003658,257.0625002738491,360.00000000665085,360.000000003658,2.7384908207750414e-07,-2.5,-1.375,257.0625,0.6231689453125,-0.009521484375,0.0234375,0.78167724609375,-0.002181661564992912,-0.002181661564992912,0.0,21.0625,-6.1875,-39.1875,,,False,,,False,,,,,,,,,,,,,,
27.223569631576538,27.213281631469727,0.12244296073913574,odometry_only,1467,-4,0.0,True,,,N/A,False,37,-0.4030859375000015,0.21933593750000047,11.088769531249996,0.0014987358075337603,0.0010306391151726421,-0.013709081968916011,-0.0015353616766901842,0.00056541967653301,-0.013732090865855282,0.05832451124470315,0.08588516427956373,-0.23798965716018042,-0.9307471501068308,0.9290482349097775,-3.0620008439583084,-0.4169140624999985,0.24066406249999955,8.561230468750004,357.5000000026198,358.6250000014409,257.06250010787136,360.0000000026198,360.0000000014409,1.0787135806822334e-07,-2.5,-1.375,257.0625,0.6231689453125,-0.009521484375,0.0234375,0.78167724609375,0.003272492347489368,0.002181661564992912,0.0,20.75,-5.0625,-38.75,,,False,,,False,,,,,,,,,,,,,,
27.34375834465027,27.333470344543457,0.12017631530761719,odometry_only,1467,-4,0.0,True,,,N/A,False,37,-0.4130859375000015,0.18933593750000044,11.088769531249996,0.006895295596900231,-0.0045637665992058355,-0.012307979858413578,0.002733291992381789,0.007131690602832654,-0.0127093484949317,0.058396492670370705,0.08634766945550901,-0.239578474537085,-0.923733600022071,0.9393973885764128,-3.0906970331461685,-0.4169140624999985,0.24066406249999955,8.561230468750004,357.50000000104365,358.625000000574,257.06250004297357,360.00000000104365,360.000000000574,4.2973567815352e-08,-2.5,-1.375,257.0625,0.6231689453125,-0.009521484375,0.0234375,0.78167724609375,0.002181661564992912,-0.004363323129985824,-0.001090830782496456,20.75,-6.5625,-40.0625,,,False,,,False,,,,,,,,,,,,,,
27.465189933776855,27.454901933670044,0.12141990661621094,odometry_only,1461,-5,0.0,True,,,N/A,False,37,-0.4230859375000015,0.22933593750000048,11.078769531249996,0.011067596398252617,0.0012529092196626873,-0.00973390173500118,-0.00383024049009481,0.010026904409648473,-0.010178445867704911,0.058329896978293154,0.08738936695754942,-0.2409679914641662,-0.916647146356677,0.9499449559449381,-3.1198709866594796,-0.4169140624999985,0.24066406249999955,8.561230468750004,357.5000000004132,358.62500000022726,257.0625000170138,360.0000000004132,360.00000000022726,1.7013803699228447e-08,-2.5,-1.375,257.0625,0.6231689453125,-0.009521484375,0.0234375,0.78167724609375,-0.003272492347489368,-0.002181661564992912,-0.001090830782496456,20.375,-5.875,-40.0625,,,False,,,False,,,,,,,,,,,,,,
27.587153911590576,27.576865911483765,0.12195205688476562,odometry_only,1461,-5,0.0,True,,,N/A,False,37,-0.4130859375000015,0.22933593750000048,11.088769531249996,0.006670998691258701,0.0015426839201992807,-0.006695918956978503,-0.003088106460374793,0.005828519667593635,-0.006943297838110245,0.057908043657867045,0.08835616774704938,-0.24201200739535517,-0.9095594183823624,0.9606612206677075,-3.14932118880704,-0.4169140624999985,0.24066406249999955,8.561230468750004,357.50000000016314,358.62500000008976,257.0625000067182,360.00000000016314,360.00000000008976,6.718209988321178e-09,-2.5,-1.375,257.0625,0.6231689453125,-0.009521484375,0.0234375,0.78167724609375,0.0,0.001090830782496456,-0.002181661564992912,21.5,-5.875,-37.875,,,False,,,False,,,,,,,,,,,,,,
27.71350383758545,27.703215837478638,0.12633824348449707,odometry_only,1465,-5,0.0,True,,,N/A,False,37,-0.43308593750000146,0.19933593750000045,11.088769531249996,-0.0053149302023634245,-0.002431592875387004,-0.007524789223023353,0.003448197893290675,-0.005000281243468795,-0.007341028442491964,0.05793079031743125,0.08840848684089453,-0.24291433574118051,-0.9022419809764967,0.9718272886530999,-3.179953560012655,-0.4169140624999985,0.24066406249999955,8.561230468750004,357.50000000006304,358.6250000000347,257.0625000025963,360.00000000006304,360.0000000000347,2.596323156467406e-09,-2.5,-1.375,257.0625,0.6231689453125,-0.009521484375,0.0234375,0.78167724609375,0.002181661564992912,0.0,-0.001090830782496456,20.75,-5.875,-39.5625,,,False,,,False,,,,,,,,,,,,,,
27.836432456970215,27.826144456863403,0.12291717529296875,odometry_only,1461,-5,0.0,True,,,N/A,False,37,-0.4130859375000015,0.22933593750000048,11.098769531249998,-0.003827534262120378,-0.007997896880827688,-0.0037949398758419734,0.008595107811384775,-0.002133991810595043,-0.003819442677708336,0.05867095487663545,0.0879700244951074,-0.24360024253369741,-0.895075802399754,0.9826672628509999,-3.209854058862854,-0.4169140624999985,0.24066406249999955,8.561230468750004,357.5000000000248,358.62500000001364,257.06250000102034,360.0000000000248,360.00000000001364,1.0203393685515039e-09,-2.5,-1.375,257.0625,0.6231689453125,-0.009521484375,0.0234375,0.78167724609375,0.003272492347489368,0.0,0.002181661564992912,22.25,-6.1875,-37.875,,,False,,,False,,,,,,,,,,,,,,
27.959197282791138,27.948909282684326,0.12275314331054688,odometry_only,1465,-5,0.0,True,,,N/A,False,37,-0.4130859375000015,0.24933593750000044,11.078769531249996,-0.0032433159348728494,-0.00816190635536321,-0.002329932282679169,0.00864559020294649,-0.001457575308609991,-0.0023861354344284786,0.05972912981369898,0.08774958641846078,-0.24398111964335936,-0.8878088111177673,0.9934523301414733,-3.23978013127629,-0.4169140624999985,0.24066406249999955,8.561230468750004,357.5000000000097,358.62500000000534,257.0625000004013,360.0000000000097,360.00000000000534,4.013145371573046e-10,-2.5,-1.375,257.0625,0.6231689453125,-0.009521484375,0.0234375,0.78167724609375,0.002181661564992912,0.003272492347489368,0.003272492347489368,20.375,-5.875,-40.875,,,False,,,False,,,,,,,,,,,,,,
28.08421492576599,28.07392692565918,0.12500596046447754,odometry_only,1465,-5,0.0,True,,,N/A,False,37,-0.4030859375000015,0.22933593750000048,11.088769531249996,0.005135123879616541,-7.984839919481825e-05,-0.0017496254939161097,-0.0010930825712301632,0.004933398986026129,-0.001975805489407397,0.06020118404890798,0.08796683575706107,-0.24425375395069607,-0.8803128090811666,1.0044351302031895,-3.270296265929229,-0.4169140624999985,0.24066406249999955,8.561230468750004,357.5000000000038,358.6250000000021,257.0625000001561,360.0000000000038,360.0000000000021,1.560920281917788e-10,-2.5,-1.375,257.0625,0.6231689453125,-0.009521484375,0.0234375,0.78167724609375,0.001090830782496456,-0.002181661564992912,0.001090830782496456,20.75,-5.875,-39.5625,,,False,,,False,,,,,,,,,,,,,,
28.206711530685425,28.196423530578613,0.12248587608337402,odometry_only,1461,-5,0.0,True,,,N/A,False,37,-0.4230859375000015,0.22933593750000048,11.058769531249997,0.002306481775626875,0.003038896439146647,-0.005566864650436692,-0.00355636999563287,0.0013006799404159924,-0.005586161108686392,0.05991643791342782,0.08834862906650015,-0.24471687100253645,-0.8729564530016125,1.01523320729117,-3.3002422636174447,-0.4169140624999985,0.24066406249999955,8.561230468750004,357.5000000000015,358.62500000000085,257.06250000006145,360.0000000000015,360.00000000000085,6.144773578853346e-11,-2.5,-1.375,257.0625,0.6231689453125,-0.009521484375,0.0234375,0.78167724609375,-0.001090830782496456,-0.002181661564992912,0.001090830782496456,21.0625,-6.5625,-38.75,,,False,,,False,,,,,,,,,,,,,,
28.3305504322052,28.32026243209839,0.12382721900939941,odometry_only,1468,-4,0.0,True,,,N/A,False,37,-0.4230859375000015,0.23933593750000043,11.118769531249997,0.0011877208737038378,0.00630163862527913,-0.007076627202433444,-0.006508493633689149,-0.0005870437882152844,-0.006963826032477281,0.059293285876963926,0.08839281285655594,-0.24549388600568345,-0.865575748713691,1.0261759079096917,-3.3305929810018546,-0.4169140624999985,0.24066406249999955,8.561230468750004,357.50000000000057,358.62500000000034,257.06250000002404,360.00000000000057,360.00000000000034,2.404476617812179e-11,-2.5,-1.375,257.0625,0.6231689453125,-0.009521484375,0.0234375,0.78167724609375,0.001090830782496456,0.0,-0.002181661564992912,21.5,-6.1875,-40.375,,,False,,,False,,,,,,,,,,,,,,
28.45255947113037,28.44227147102356,0.12199735641479492,odometry_only,1467,-4,0.0,True,,,N/A,False,37,-0.4030859375000015,0.22933593750000048,11.068769531249997,-0.0012648194838816942,0.007570665726715024,-0.011698649630669421,-0.007264347386404161,-0.0034815108888590364,-0.01144034483894716,0.05845316077957761,0.08814463639903988,-0.24661651610234342,-0.8583933711040241,1.0369444589683885,-3.360611065062555,-0.4169140624999985,0.24066406249999955,8.561230468750004,357.5000000000002,358.6250000000001,257.0625000000095,360.0000000000002,360.0000000000001,9.492850949754938e-12,-2.5,-1.375,257.0625,0.6231689453125,-0.009521484375,0.0234375,0.78167724609375,0.0,-0.001090830782496456,0.001090830782496456,20.75,-6.5625,-38.375,,,False,,,False,,,,,,,,,,,,,,
28.57631802558899,28.566030025482178,0.12374663352966309,odometry_only,1467,-4,0.0,True,,,N/A,False,37,-0.4130859375000015,0.21933593750000047,11.098769531249998,-0.00020973854529674537,0.006045736805758915,-0.009476115235220715,-0.005981617719801479,-0.002007402012834559,-0.009304959448922814,0.05763358898470544,0.08780501915237883,-0.24790009688592962,-0.851210698863659,1.0478310477409845,-3.39120844810345,-0.4169140624999985,0.24066406249999955,8.561230468750004,357.5000000000001,358.62500000000006,257.0625000000037,360.0000000000001,360.00000000000006,3.694822225952521e-12,-2.5,-1.375,257.0625,0.6231689453125,-0.009521484375,0.0234375,0.78167724609375,0.0,-0.001090830782496456,-0.001090830782496456,23.0,-6.5625,-39.1875,,,False,,,False,,,,,,,,,,,,,,
28.697028636932373,28.68674063682556,0.12069869041442871,odometry_only,1471,-4,0.0,True,,,N/A,False,37,-0.4130859375000015,0.23933593750000043,11.078769531249996,0.0022080312091606485,0.005454747473041928,-0.012632509412289609,-0.005990306653794167,0.0003252146587384428,-0.012578570168589159,0.05691109118788865,0.08770350024704328,-0.24922075356916915,-0.8442980024182731,1.0584228719650273,-3.4212093659172687,-0.4169140624999985,0.24066406249999955,8.561230468750004,357.50000000000006,358.625,257.0625000000015,360.00000000000006,360.0,1.4779288903810084e-12,-2.5,-1.375,257.0625,0.6231689453125,-0.009521484375,0.0234375,0.78167724609375,-0.001090830782496456,-0.002181661564992912,-0.002181661564992912,20.75,-5.875,-39.1875,,,False,,,False,,,,,,,,,,,,,,
28.819106340408325,28.808818340301514,0.12206602096557617,odometry_only,1471,-4,0.0,True,,,N/A,False,37,-0.43308593750000146,0.21933593750000047,11.088769531249996,-0.002880556559609685,0.0032010226496085575,-0.007838717801049336,-0.0025895080727715678,-0.0038966311978911763,-0.007622359353217159,0.05638743926574179,0.08748552594397077,-0.2504536771124356,-0.8373830520214122,1.069115185637013,-3.45170600068304,-0.4169140624999985,0.24066406249999955,8.561230468750004,357.5,358.625,257.06250000000057,360.0,360.0,5.684341886080801e-13,-2.5,-1.375,257.0625,0.6231689453125,-0.009521484375,0.0234375,0.78167724609375,0.0,0.001090830782496456,0.0,21.0625,-6.1875,-38.375,,,False,,,False,,,,,,,,,,,,,,
28.941221475601196,28.930933475494385,0.12210321426391602,odometry_only,1467,-4,0.0,True,,,N/A,False,37,-0.4130859375000015,0.26933593750000046,11.098769531249998,-0.002870885914834354,0.004329590533879493,-0.005946647424470207,-0.0036645550767365185,-0.0040462250902369564,-0.005705177852329657,0.05600561865935957,0.08700060180236237,-0.2512673446779452,-0.8305212752046095,1.0797678441581586,-3.482336875395231,-0.4169140624999985,0.24066406249999955,8.561230468750004,357.5,358.625,257.0625000000002,360.0,360.0,2.2737367544323206e-13,-2.5,-1.375,257.0625,0.6231689453125,-0.009521484375,0.0234375,0.78167724609375,0.003272492347489368,0.001090830782496456,-0.003272492347489368,21.0625,-6.1875,-38.375,,,False,,,False,,,,,,,,,,,,,,
29.065775871276855,29.055487871170044,0.1245427131652832,odometry_only,1461,-5,0.0,True,,,N/A,False,37,-0.4230859375000015,0.22933593750000048,11.088769531249996,-0.0049008538829885834,0.004778359789732149,-0.0031604618509133192,-0.0036090839241944006,-0.0059875585256515705,-0.0028219259918769125,0.05555267929147919,0.0863757844849443,-0.251798339002045,-0.8235743886531602,1.0905642269316653,-3.5136634579681583,-0.4169140624999985,0.24066406249999955,8.561230468750004,357.5,358.625,257.0625000000001,360.0,360.0,1.1368683772161603e-13,-2.5,-1.375,257.0625,0.6231689453125,-0.009521484375,0.0234375,0.78167724609375,0.0,0.001090830782496456,0.002181661564992912,21.5,-6.5625,-38.75,,,False,,,False,,,,,,,,,,,,,,
29.189157247543335,29.178869247436523,0.12336969375610352,odometry_only,1466,-5,0.0,True,,,N/A,False,37,-0.3930859375000015,0.23933593750000043,11.108769531249997,0.0024158830099192405,0.004952669028868567,-0.004104564622504664,-0.005425151922302912,0.001052865929979732,-0.004083144856708874,0.05499540383662779,0.08607138872779004,-0.2522242772400221,-0.8167552470727408,1.1012016044058457,-3.5447540158741253,-0.4169140624999985,0.24066406249999955,8.561230468750004,357.5,358.625,257.06250000000006,360.0,360.0,5.684341886080802e-14,-2.5,-1.375,257.0625,0.6231689453125,-0.009521484375,0.0234375,0.78167724609375,0.002181661564992912,0.0,-0.001090830782496456,21.5,-6.1875,-38.375,,,False,,,False,,,,,,,,,,,,,,
29.31283402442932,29.30254602432251,0.12366557121276855,odometry_only,1465,-5,0.0,True,,,N/A,False,37,-0.3930859375000015,0.18933593750000044,11.078769531249996,0.005287537643689142,-0.0010635337399470526,-0.0024468986472543255,-0.0001783010031247592,0.005266590280024359,-0.002703277069411894,0.054648926733234356,0.08646213830877215,-0.2526439006120144,-0.809975632687659,1.1118698329930108,-3.575971421674736,-0.4169140624999985,0.24066406249999955,8.561230468750004,357.5,358.625,257.0625,360.0,360.0,0.0,-2.5,-1.375,257.0625,0.6231689453125,-0.009521484375,0.0234375,0.78167724609375,-0.003272492347489368,0.0,-0.001090830782496456,20.375,-6.1875,-39.5625,,,False,,,False,,,,,,,,,,,,,,
29.43795132637024,29.427663326263428,0.125105619430542,odometry_only,1461,-5,0.0,True,,,N/A,False,37,-0.4230859375000015,0.24933593750000044,11.078769531249996,0.00845437852998349,-0.0013923856298454934,-0.005869694868790298,-0.0006134535665356996,0.008257468805068434,-0.006269486069701043,0.054599400260297186,0.08730810620330004,-0.25320517215727556,-0.803141842877521,1.1227396500321505,-3.6076137024683197,-0.4169140624999985,0.24066406249999955,8.561230468750004,357.5,358.625,257.0625,360.0,360.0,0.0,-2.5,-1.375,257.0625,0.6231689453125,-0.009521484375,0.0234375,0.78167724609375,-0.001090830782496456,-0.001090830782496456,0.003272492347489368,20.75,-5.875,-39.1875,,,False,,,False,,,,,,,,,,,,,,
29.560088872909546,29.549800872802734,0.12212610244750977,odometry_only,1465,-5,0.0,True,,,N/A,False,37,-0.4130859375000015,0.19933593750000045,11.068769531249997,0.007655782508829156,0.0004992072890613397,-0.011224406828939115,-0.002355665876789526,0.006799705300732541,-0.011535266295218352,0.05441809676763997,0.08822754319700755,-0.2542923846629609,-0.7964849018722185,1.1334583923830766,-3.6386030517763643,-0.4169140624999985,0.24066406249999955,8.561230468750004,357.5,358.625,257.0625,360.0,360.0,0.0,-2.5,-1.375,257.0625,0.6231689453125,-0.009521484375,0.0234375,0.78167724609375,0.002181661564992912,0.004363323129985824,0.003272492347489368,20.5,-6.1875,-38.375,,,False,,,False,,,,,,,,,,,,,,
29.68341088294983,29.673122882843018,0.12331032752990723,odometry_only,1465,-5,0.0,True,,,N/A,False,37,-0.4230859375000015,0.24933593750000044,11.098769531249998,0.0012617570245934979,0.0073260894177733776,-0.015370938993849375,-0.007642348171885244,-0.0011449449303614937,-0.015225406333660946,0.05380166757414462,0.08857618837369435,-0.2559423183163548,-0.7898125945791211,1.144359255407323,-3.6700616559471166,-0.4169140624999985,0.24066406249999955,8.561230468750004,357.5,358.625,257.0625,360.0,360.0,0.0,-2.5,-1.375,257.0625,0.6231689453125,-0.009521484375,0.0234375,0.78167724609375,0.002181661564992912,0.003272492347489368,0.0,19.6875,-5.5,-39.1875,,,False,,,False,,,,,,,,,,,,,,
29.80544948577881,29.795161485671997,0.12202787399291992,odometry_only,1467,-4,0.0,True,,,N/A,False,37,-0.4030859375000015,0.25933593750000045,11.058769531249997,0.0027993681324499893,0.009992764426781259,-0.02102583836507994,-0.010665617198156124,-0.0005145374703586154,-0.020874806412481576,0.05268462652852354,0.08847493681905008,-0.2581449344224067,-0.7833154465397544,1.1551618416049854,-3.7014281431964027,-0.4169140624999985,0.24066406249999955,8.561230468750004,357.5,358.625,257.0625,360.0,360.0,0.0,-2.5,-1.375,257.0625,0.6231689453125,-0.009521484375,0.0234375,0.78167724609375,0.0,0.001090830782496456,0.003272492347489368,20.75,-6.1875,-39.1875,,,False,,,False,,,,,,,,,,,,,,
29.929311513900757,29.919023513793945,0.12385010719299316,odometry_only,1461,-5,0.0,True,,,N/A,False,37,-0.3530859375000015,0.13933593750000045,11.128769531249997,0.013556782893495368,-0.009242389434012831,-0.013124028718699967,0.005795332778627202,0.0146186772951626,-0.013934010435099023,0.05238303390481403,0.08934833643363355,-0.2603004722713238,-0.7768091260361615,1.1661735573318623,-3.7335329027927693,-0.4169140624999985,0.24066406249999955,8.561230468750004,357.5,358.625,257.0625,360.0,360.0,0.0,-2.5,-1.375,257.0625,0.6231689453125,-0.009521484375,0.0234375,0.78167724609375,0.001090830782496456,0.0,0.001090830782496456,21.5,-6.5625,-40.375,,,False,,,False,,,,,,,,,,,,,,
30.05030632019043,30.040018320083618,0.12098288536071777,odometry_only,1471,-4,0.0,True,,,N/A,False,37,-0.4130859375000015,0.27933593750000046,11.088769531249996,0.023758492788849495,-0.008654752267002047,-0.012072113848650765,0.002961246753348801,0.024473428976586775,-0.013318743971167838,0.05291273203364856,0.09171307433942558,-0.2619490307023724,-0.7704396332464105,1.1771262232832658,-3.7651245286667487,-0.4169140624999985,0.24066406249999955,8.561230468750004,357.5,358.625,257.0625,360.0,360.0,0.0,-2.5,-1.375,257.0625,0.6231689453125,-0.009521484375,0.0234375,0.78167724609375,0.0,0.0,0.0,20.5,-6.1875,-38.375,,,False,,,False,,,,,,,,,,,,,,
30.172357082366943,30.162069082260132,0.1220390796661377,odometry_only,1467,-4,0.0,True,,,N/A,False,37,-0.38308593750000147,0.25933593750000045,11.108769531249997,0.023784878271087818,-0.01043846499606034,0.00045275621011578275,0.004873337161143716,0.025503060436026324,-0.0008552586395033754,0.05339079473889446,0.09476261672585547,-0.26281392181926827,-0.7639530409601176,1.1885048841421226,-3.797145322551062,-0.4169140624999985,0.24066406249999955,8.561230468750004,357.5,358.625,257.0625,360.0,360.0,0.0,-2.5,-1.375,257.0625,0.6231689453125,-0.009521484375,0.0234375,0.78167724609375,0.002181661564992912,0.002181661564992912,0.001090830782496456,21.0625,-6.1875,-39.5625,,,False,,,False,,,,,,,,,,,,,,
30.294772386550903,30.284484386444092,0.12240338325500488,odometry_only,1471,-4,0.0,True,,,N/A,False,37,-0.38308593750000147,0.18933593750000044,11.108769531249997,0.019755206260800046,-0.001043072943106238,0.0054021004042997724,-0.0033140988957051708,0.019731237553921793,0.004498208248816552,0.05348622275838963,0.09753103228242282,-0.26259096714066454,-0.7574119866931817,1.2002735807506544,-3.8293009905447697,-0.4169140624999985,0.24066406249999955,8.561230468750004,357.5,358.625,257.0625,360.0,360.0,0.0,-2.5,-1.375,257.0625,0.6231689453125,-0.009521484375,0.0234375,0.78167724609375,0.0,0.004363323129985824,-0.001090830782496456,20.375,-5.875,-40.0625,,,False,,,False,,,,,,,,,,,,,,
30.419761896133423,30.40947389602661,0.12497758865356445,odometry_only,1471,-4,0.0,True,,,N/A,False,37,-0.44308593750000147,0.24933593750000044,11.058769531249997,0.012044857412661938,-0.0034208710763468987,0.0012582938873324373,0.0006646114944581971,0.012550375401658194,0.0006407974392342296,0.05332065948510171,0.09954827135494085,-0.2622698368711798,-0.7507377533959833,1.212588828821715,-3.862098909376855,-0.4169140624999985,0.24066406249999955,8.561230468750004,357.5,358.625,257.0625,360.0,360.0,0.0,-2.5,-1.375,257.0625,0.6231689453125,-0.009521484375,0.0234375,0.78167724609375,0.001090830782496456,0.0,-0.002181661564992912,21.0625,-5.875,-38.75,,,False,,,False,,,,,,,,,,,,,,
30.542803049087524,30.532515048980713,0.12302899360656738,odometry_only,1467,-4,0.0,True,,,N/A,False,37,-0.44308593750000147,0.26933593750000046,11.088769531249996,0.0009672734180827484,0.003756183407964932,-0.006416200644381535,-0.003968834324207778,-0.00020402238421392927,-0.006357585338970478,0.05311740188040374,0.10030775104816464,-0.2626215022021631,-0.7441902696103672,1.2248828714729478,-3.8943873359763534,-0.4169140624999985,0.24066406249999955,8.561230468750004,357.5,358.625,257.0625,360.0,360.0,0.0,-2.5,-1.375,257.0625,0.6231689453125,-0.009521484375,0.0234375,0.78167724609375,0.004363323129985824,0.004363323129985824,0.0,21.875,-5.875,-37.875,,,False,,,False,,,,,,,,,,,,,,
30.66484785079956,30.65455985069275,0.12203359603881836,odometry_only,1461,-5,0.0,True,,,N/A,False,37,-0.4030859375000015,0.21933593750000047,11.068769531249997,-0.003369759874873845,0.0045484628647813104,-0.017491437483545823,-0.003931953896798112,-0.005140677650675232,-0.01720777013830375,0.05263532108132849,0.09998163456566148,-0.26405938473757556,-0.7377375770734086,1.2371038884603782,-3.9265237172754386,-0.4169140624999985,0.24066406249999955,8.561230468750004,357.5,358.625,257.0625,360.0,360.0,0.0,-2.5,-1.375,257.0625,0.6231689453125,-0.009521484375,0.0234375,0.78167724609375,0.002181661564992912,0.00545415391248228,0.0,21.0625,-5.875,-39.5625,,,False,,,False,,,,,,,,,,,,,,
30.789350509643555,30.779062509536743,0.12449121475219727,odometry_only,1467,-4,0.0,True,,,N/A,False,37,-0.3930859375000015,0.15933593750000047,11.078769531249996,0.0030388773960691685,-0.01140424640442121,-0.017830279725325623,0.010181986515863342,0.0046285780473142935,-0.018223992504803912,0.05302435815782264,0.09994975861481321,-0.26626485632370156,-0.7311607261640038,1.2495487394624465,-3.959534071766566,-0.4169140624999985,0.24066406249999955,8.561230468750004,357.5,358.625,257.0625,360.0,360.0,0.0,-2.5,-1.375,257.0625,0.6231689453125,-0.009521484375,0.0234375,0.78167724609375,-0.001090830782496456,-0.001090830782496456,0.0,21.875,-5.875,-39.1875,,,False,,,False,,,,,,,,,,,,,,
30.912699460983276,30.902411460876465,0.1233367919921875,odometry_only,1472,-4,0.0,True,,,N/A,False,37,-0.3430859375000015,0.25933593750000045,11.068769531249997,0.027815859378285433,-0.021654632443527846,-0.019988022599969204,0.014613232894354915,0.030929312273219274,-0.02172549777001089,0.05455343956722201,0.10214255667588555,-0.2687284773098109,-0.7245265759335081,1.2620114483895608,-3.992526252520348,-0.4169140624999985,0.24066406249999955,8.561230468750004,357.5,358.625,257.0625,360.0,360.0,0.0,-2.5,-1.375,257.0625,0.6231689453125,-0.009521484375,0.0234375,0.78167724609375,-0.001090830782496456,0.0,-0.001090830782496456,20.75,-6.1875,-38.75,,,False,,,False,,,,,,,,,,,,,,
31.04370379447937,31.03341579437256,0.1309828758239746,odometry_only,1467,-4,0.0,True,,,N/A,False,37,-0.4230859375000015,0.22933593750000048,11.088769531249996,0.02739257767157024,-0.015400938295932923,-0.02707473796644489,0.008510802358946818,0.028783657156362122,-0.028629547180347475,0.056067865886288225,0.10605324490582338,-0.2720263016097326,-0.7172818275756566,1.2756464908023857,-4.027941060549567,-0.4169140624999985,0.24066406249999955,8.561230468750004,357.5,358.625,257.0625,360.0,360.0,0.0,-2.5,-1.375,257.0625,0.6231689453125,-0.009521484375,0.0234375,0.78167724609375,0.003272492347489368,0.002181661564992912,0.0,19.6875,-6.1875,-38.75,,,False,,,False,,,,,,,,,,,,,,
31.17995834350586,31.169670343399048,0.13623523712158203,odometry_only,1471,-4,0.0,True,,,N/A,False,37,-0.4130859375000015,0.22933593750000048,11.098769531249998,0.025126020476799286,-0.0003772002365607756,-0.025584194894273677,-0.00560544662410246,0.02331021677992473,-0.026668764036310917,0.05626577180001776,0.1096017555399693,-0.2757930908802449,-0.7096299276921947,1.2903363958634795,-4.065257212967404,-0.4169140624999985,0.24066406249999955,8.561230468750004,357.5,358.625,257.0625,360.0,360.0,0.0,-2.5,-1.375,257.0625,0.6231689453125,-0.009521484375,0.0234375,0.78167724609375,0.0,0.004363323129985824,0.001090830782496456,21.0625,-6.1875,-39.1875,,,False,,,False,,,,,,,,,,,,,,
31.318790912628174,31.308502912521362,0.13881731033325195,odometry_only,1465,-5,0.0,True,,,N/A,False,37,-0.49308593750000146,0.3593359375000004,11.088769531249996,-0.007496786939495445,0.017913331246571882,-0.020793281549910305,-0.01608484442114013,-0.012289656322056874,-0.0199922969118829,0.05476027786839476,0.1103666778205324,-0.279031772369307,-0.7019237588962471,1.3056041090021415,-4.103766860578562,-0.4169140624999985,0.24066406249999955,8.561230468750004,357.5,358.625,257.0625,360.0,360.0,0.0,-2.5,-1.375,257.0625,0.6231689453125,-0.009521484375,0.0234375,0.78167724609375,0.004363323129985824,0.006544984694978736,-0.001090830782496456,20.0625,-6.1875,-37.875,,,False,,,False,,,,,,,,,,,,,,
31.449538707733154,31.439250707626343,0.13072991371154785,odometry_only,1461,-5,0.0,True,,,N/A,False,37,-0.4230859375000015,0.19933593750000045,11.078769531249996,-0.019121661988691637,0.024431015036367434,-0.01494198798807504,-0.019759726942750806,-0.024774362579120676,-0.013474405660323475,0.05241729900768032,0.10794398982415535,-0.28121932193904425,-0.6949181012078361,1.3198739763738918,-4.140387649186428,-0.4169140624999985,0.24066406249999955,8.561230468750004,357.5,358.625,257.0625,360.0,360.0,0.0,-2.5,-1.375,257.0625,0.6231689453125,-0.009521484375,0.0234375,0.78167724609375,-0.002181661564992912,-0.002181661564992912,-0.001090830782496456,21.0625,-6.1875,-39.1875,,,False,,,False,,,,,,,,,,,,,,
31.5854651927948,31.57517719268799,0.13590764999389648,odometry_only,1467,-4,0.0,True,,,N/A,False,37,-0.37308593750000146,0.16933593750000048,11.108769531249997,-0.015175288105428042,0.016421531950019642,-0.012695553992016,-0.012801439706613483,-0.01904257909783069,-0.011603296711420259,0.05020464318749295,0.1049664610375383,-0.2829234477373393,-0.6879445477070584,1.3343420558917687,-4.17872330823031,-0.4169140624999985,0.24066406249999955,8.561230468750004,357.5,358.625,257.0625,360.0,360.0,0.0,-2.5,-1.375,257.0625,0.6231689453125,-0.009521484375,0.0234375,0.78167724609375,-0.001090830782496456,-0.001090830782496456,-0.002181661564992912,21.0625,-5.875,-38.375,,,False,,,False,,,,,,,,,,,,,,
31.720051765441895,31.709763765335083,0.13457036018371582,odometry_only,1471,-4,0.0,True,,,N/A,False,37,-0.38308593750000147,0.16933593750000048,11.098769531249998,0.011412731650921234,-0.017945478877923332,-0.007679662563476581,0.01483448712759784,0.01472893302865052,-0.008617679297900159,0.050341437149349175,0.10467621658492098,-0.28428401974975953,-0.6811792865840636,1.3484479012105353,-4.216887964829627,-0.4169140624999985,0.24066406249999955,8.561230468750004,357.5,358.625,257.0625,360.0,360.0,0.0,-2.5,-1.375,257.0625,0.6231689453125,-0.009521484375,0.0234375,0.78167724609375,0.0,0.002181661564992912,-0.006544984694978736,20.375,-6.1875,-38.75,,,False,,,False,,,,,,,,,,,,,,
31.853713989257812,31.843425989151,0.13364624977111816,odometry_only,1467,-4,0.0,True,,,N/A,False,37,-0.4230859375000015,0.16933593750000048,11.058769531249997,0.023356831360807316,-0.04113003276702712,-0.009999123368272808,0.034733622754743856,0.03139955437599083,-0.012035242834616582,0.05365373314635801,0.10775866625954326,-0.28566411254467244,-0.6742300043318985,1.3626434639169,-4.254973680052228,-0.4169140624999985,0.24066406249999955,8.561230468750004,357.5,358.625,257.0625,360.0,360.0,0.0,-2.5,-1.375,257.0625,0.6231689453125,-0.009521484375,0.0234375,0.78167724609375,-0.003272492347489368,0.001090830782496456,0.003272492347489368,21.5,-5.875,-38.75,,,False,,,False,,,,,,,,,,,,,,
31.987197160720825,31.976909160614014,0.13346529006958008,odometry_only,1471,-4,0.0,True,,,N/A,False,37,-0.4230859375000015,0.26933593750000046,11.098769531249998,0.015282811364930957,-0.0288959961396406,-0.008776094748180016,0.024628481368338277,0.020877826489857074,-0.010154655173665728,0.0576151233693219,0.11124727416021242,-0.28714490313181734,-0.6668047392266107,1.377258309599442,-4.293198740768095,-0.4169140624999985,0.24066406249999955,8.561230468750004,357.5,358.625,257.0625,360.0,360.0,0.0,-2.5,-1.375,257.0625,0.6231689453125,-0.009521484375,0.0234375,0.78167724609375,0.0,0.001090830782496456,0.0,20.375,-6.1875,-38.75,,,False,,,False,,,,,,,,,,,,,,
32.12179183959961,32.1115038394928,0.13457870483398438,odometry_only,1465,-5,0.0,True,,,N/A,False,37,-0.44308593750000147,0.21933593750000047,11.088769531249996,0.003878737404109281,-0.011743796326905368,-0.014601981351968506,0.010371781578499627,0.005678478394087344,-0.01504527319249761,0.05997026839743907,0.11303423071844125,-0.28884058999253104,-0.658892494360927,1.392350066821835,-4.3319564316020145,-0.4169140624999985,0.24066406249999955,8.561230468750004,357.5,358.625,257.0625,360.0,360.0,0.0,-2.5,-1.375,257.0625,0.6231689453125,-0.009521484375,0.0234375,0.78167724609375,0.002181661564992912,0.003272492347489368,0.002181661564992912,21.5,-6.5625,-40.0625,,,False,,,False,,,,,,,,,,,,,,
32.25222706794739,32.241939067840576,0.1304187774658203,odometry_only,1461,-5,0.0,True,,,N/A,False,37,-0.4130859375000015,0.26933593750000046,11.068769531249997,-0.004449574036243966,0.01318665402679934,-0.006390560999768129,-0.011951463329776724,-0.007573296246066185,-0.0058594822010651325,0.05986725831604576,0.1129106708045535,-0.29020377631335625,-0.6510779624966768,1.407083795737467,-4.369715560778057,-0.4169140624999985,0.24066406249999955,8.561230468750004,357.5,358.625,257.0625,360.0,360.0,0.0,-2.5,-1.375,257.0625,0.6231689453125,-0.009521484375,0.0234375,0.78167724609375,-0.001090830782496456,0.002181661564992912,0.002181661564992912,20.75,-5.875,-37.875,,,False,,,False,,,,,,,,,,,,,,
32.38590335845947,32.37561535835266,0.13365769386291504,odometry_only,1471,-4,0.0,True,,,N/A,False,37,-0.4030859375000015,0.19933593750000045,11.078769531249996,-0.007634813623588327,0.010185357418610062,-0.0053393904004156115,-0.008300346366254357,-0.00995710421222915,-0.004743553580052811,0.05851385322578469,0.11173913435567892,-0.29091236496858136,-0.643166689313872,1.4220968831797018,-4.408550882433187,-0.4169140624999985,0.24066406249999955,8.561230468750004,357.5,358.625,257.0625,360.0,360.0,0.0,-2.5,-1.375,257.0625,0.6231689453125,-0.009521484375,0.0234375,0.78167724609375,0.0,-0.001090830782496456,-0.001090830782496456,20.75,-5.5,-37.875,,,False,,,False,,,,,,,,,,,,,,
32.522602558135986,32.512314558029175,0.13668107986450195,odometry_only,1467,-4,0.0,True,,,N/A,False,37,-0.4030859375000015,0.24933593750000044,11.088769531249996,-0.008833411182536648,0.013269485424830666,0.003483179003245929,-0.010912546517273938,-0.011381677633141926,0.004196984070946596,0.05720083375246386,0.11028083048286974,-0.2909497178239442,-0.6352586851276871,1.4372698474525076,-4.4483156513373325,-0.4169140624999985,0.24066406249999955,8.561230468750004,357.5,358.625,257.0625,360.0,360.0,0.0,-2.5,-1.375,257.0625,0.6231689453125,-0.009521484375,0.0234375,0.78167724609375,-0.001090830782496456,0.001090830782496456,-0.001090830782496456,21.0625,-5.875,-39.1875,,,False,,,False,,,,,,,,,,,,,,
32.657066106796265,32.64677810668945,0.13444781303405762,odometry_only,1467,-4,0.0,True,,,N/A,False,37,-0.43308593750000146,0.21933593750000047,11.078769531249996,-0.009271784167496484,0.00602164787478602,0.002522019601149586,-0.003764165036771719,-0.010244559907993105,0.003076826532747949,0.0562142078669773,0.10882703031208942,-0.29046074385989884,-0.6276344829722369,1.4519991338037341,-4.48740033386159,-0.4169140624999985,0.24066406249999955,8.561230468750004,357.5,358.625,257.0625,360.0,360.0,0.0,-2.5,-1.375,257.0625,0.6231689453125,-0.009521484375,0.0234375,0.78167724609375,0.002181661564992912,0.002181661564992912,-0.003272492347489368,21.5,-5.0625,-38.375,,,False,,,False,,,,,,,,,,,,,,
32.789167165756226,32.778879165649414,0.13208317756652832,odometry_only,1461,-5,0.0,True,,,N/A,False,37,-0.43308593750000146,0.25933593750000045,11.078769531249996,-0.009433699345261965,0.003344624094594977,0.0021670107370297957,-0.0011238758358825774,-0.009824559988005747,0.0026630909396675602,0.055891393881709675,0.10750163374867583,-0.2900816705905357,-0.6202308509212497,1.466285822477668,-4.5257402772679685,-0.4169140624999985,0.24066406249999955,7.281230468750003,357.5,358.625,257.0625,360.0,360.0,0.0,-2.5,-1.375,257.0625,0.6231689453125,-0.009521484375,0.0234375,0.78167724609375,0.002181661564992912,0.004363323129985824,-0.004363323129985824,20.0625,-5.875,-38.375,,,False,,,False,,,,,,,,,,,,,,
32.9263641834259,32.91607618331909,0.13717961311340332,odometry_only,1461,-5,0.0,True,,,N/A,False,37,-0.5230859375000014,0.27933593750000046,11.078769531249996,-0.02848161356207601,0.00865261920143834,-0.006406652604842241,-0.0021699761770576785,-0.02996864808603086,-0.004928150061666551,0.0556654692093157,0.10477222530460709,-0.29023703055755307,-0.6125791872617639,1.4808456454071772,-4.565544224720952,-0.4169140624999985,0.24066406249999955,8.561230468750004,357.5,358.625,257.0625,360.0,360.0,0.0,-2.5,-1.375,257.0625,0.6231689453125,-0.009521484375,0.0234375,0.78167724609375,0.001090830782496456,0.004363323129985824,0.004363323129985824,21.875,-6.1875,-39.5625,,,False,,,False,,,,,,,,,,,,,,
33.05897355079651,33.0486855506897,0.13259196281433105,odometry_only,1471,-4,0.0,True,,,N/A,False,37,-0.3530859375000015,0.17933593750000043,11.088769531249996,-0.020805109701425878,0.008493772330743625,-0.007431683884591477,-0.003742760384691015,-0.02250777787007445,-0.006294311996520514,0.05527347853615254,0.10129324914510662,-0.2909810346935053,-0.6052243808446998,1.4945069582699542,-4.604076646768345,-0.4169140624999985,0.24066406249999955,8.561230468750004,357.5,358.625,257.0625,360.0,360.0,0.0,-2.5,-1.375,257.0625,0.6231689453125,-0.009521484375,0.0234375,0.78167724609375,-0.004363323129985824,0.0,0.004363323129985824,20.75,-6.1875,-37.875,,,False,,,False,,,,,,,,,,,,,,
33.193923473358154,33.18363547325134,0.1349318027496338,odometry_only,1472,-4,0.0,True,,,N/A,False,37,-0.3930859375000015,0.17933593750000043,11.088769531249996,-0.00952006119677045,4.6797672628134945e-05,0.25637205371340654,0.005751366245493057,0.00315520942909164,0.25646487112314414,0.05540899094105829,0.09998761067131788,-0.2741030524245857,-0.597757088275029,1.5080865529069674,-4.642200554058332,-0.4169140624999985,0.24066406249999955,8.561230468750004,357.5,358.625,257.0625,360.0,360.0,0.0,-2.5,-1.375,257.0625,0.6231689453125,-0.009521484375,0.0234375,0.78167724609375,-0.001090830782496456,-0.001090830782496456,0.002181661564992912,21.5,-6.1875,-39.1875,,,False,,,False,,,,,,,,,,,,,,
33.3292453289032,33.31895732879639,0.13530397415161133,odometry_only,1461,-5,0.0,True,,,N/A,False,37,-0.5030859375000014,0.31933593750000044,11.088769531249996,-0.0011315328466669564,0.003206664779581259,0.3564353720013732,0.002233164762643536,0.01547556219298017,0.3561084910940807,0.055949160329627115,0.10124801939230657,-0.2326612472408832,-0.590223488064479,1.5217005431512234,-4.67648416590978,-0.4169140624999985,0.24066406249999955,8.561230468750004,357.5,358.625,257.0625,360.0,360.0,0.0,-2.5,-1.375,257.0625,0.6231689453125,-0.009521484375,0.0234375,0.78167724609375,0.0,0.0,-0.002181661564992912,20.375,-6.5625,-38.375,,,False,,,False,,,,,,,,,,,,,,
33.461721658706665,33.45143365859985,0.1324601173400879,odometry_only,1465,-5,0.0,True,,,N/A,False,37,-0.3630859375000015,0.25933593750000045,11.098769531249998,0.0019505026619760055,0.012696982075313994,0.3952820480500109,-0.007148090540231187,0.01825224332674283,0.39500465280833874,0.05562364450701857,0.10348181393068966,-0.1829149796523848,-0.5828340146541666,1.5352598120237138,-4.704007803798797,-0.4169140624999985,0.24066406249999955,8.561230468750004,357.5,358.625,257.0625,360.0,360.0,0.0,-2.5,-1.375,257.0625,0.6231689453125,-0.009521484375,0.0234375,0.78167724609375,-0.001090830782496456,0.0,0.002181661564992912,21.875,-5.875,-38.75,,,False,,,False,,,,,,,,,,,,,,
33.593393325805664,33.58310532569885,0.1316547393798828,odometry_only,1465,-5,0.0,True,,,N/A,False,37,-0.4730859375000015,0.23933593750000043,11.098769531249998,-0.013516000600393237,0.028715932976740802,0.14805428975929164,-0.02285197649613119,-0.012361182475432171,0.14917220965418493,0.05364881900349292,0.10386960697121482,-0.14709324815035185,-0.5756408958017295,1.5489092106631581,-4.7257313774110905,-0.4169140624999985,0.24066406249999955,8.561230468750004,357.5,358.625,257.0625,360.0,360.0,0.0,-2.5,-1.375,257.0625,0.6231689453125,-0.009521484375,0.0234375,0.78167724609375,0.003272492347489368,-0.001090830782496456,-0.001090830782496456,21.5,-5.875,-38.375,,,False,,,False,,,,,,,,,,,,,,
33.72606062889099,33.71577262878418,0.13264799118041992,odometry_only,1465,-5,0.0,True,,,N/A,False,37,-0.3930859375000015,0.20933593750000046,11.078769531249996,0.0014752683323438123,0.020183709763078497,0.052569300845542954,-0.01924878954540759,-0.0004986118853571309,0.05293699495689375,0.050856527982209444,0.10301669402673883,-0.13368855815498581,-0.5687096836290965,1.5626307367782213,-4.744353948694297,-0.4169140624999985,0.24066406249999955,8.561230468750004,357.5,358.625,257.0625,360.0,360.0,0.0,-2.5,-1.375,257.0625,0.6231689453125,-0.009521484375,0.0234375,0.78167724609375,0.001090830782496456,-0.003272492347489368,0.0,21.0625,-6.1875,-37.5625,,,False,,,False,,,,,,,,,,,,,,
33.86169457435608,33.85140657424927,0.1356182098388672,odometry_only,1467,-4,0.0,True,,,N/A,False,37,-0.4230859375000015,0.21933593750000047,11.108769531249997,-0.005461136260840863,0.010655831633504025,0.016469150015398025,-0.00893151984219411,-0.006887058720525433,0.016952876887987713,0.04894564642628346,0.10251587831372416,-0.1289493885022505,-0.5619421875134434,1.5765677165404168,-4.762163192775001,-0.4169140624999985,0.24066406249999955,8.561230468750004,357.5,358.625,257.0625,360.0,360.0,0.0,-2.5,-1.375,257.0625,0.6231689453125,-0.009521484375,0.0234375,0.78167724609375,-0.001090830782496456,0.001090830782496456,0.0,21.875,-5.875,-39.1875,,,False,,,False,,,,,,,,,,,,,,
33.99487924575806,33.984591245651245,0.13316845893859863,odometry_only,1471,-4,0.0,True,,,N/A,False,37,-0.3630859375000015,0.17933593750000043,11.088769531249996,0.012856195817203554,-0.005362701515941797,0.0011233275916039363,0.00237430309809319,0.013765416931241446,0.00042211944388006746,0.048509039201914315,0.10297386849519852,-0.12779248775946117,-0.555453242362717,1.5902500929955303,-4.7792581527783895,-0.4169140624999985,0.24066406249999955,8.561230468750004,357.5,358.625,257.0625,360.0,360.0,0.0,-2.5,-1.375,257.0625,0.6231689453125,-0.009521484375,0.0234375,0.78167724609375,-0.003272492347489368,0.0,0.0,22.25,-5.875,-37.875,,,False,,,False,,,,,,,,,,,,,,
34.12706756591797,34.11677956581116,0.13216805458068848,odometry_only,1467,-4,0.0,True,,,N/A,False,37,-0.4030859375000015,0.22933593750000048,11.098769531249998,0.017607826206449968,-0.011337506859603871,-0.0004393381176773729,0.007115176163149227,0.019644428830856025,-0.0014960974455364743,0.049136142208385414,0.10518172565430715,-0.12786346055103187,-0.5490004555296282,1.6040058529599441,-4.796152927443479,-0.4169140624999985,0.24066406249999955,8.561230468750004,357.5,358.625,257.0625,360.0,360.0,0.0,-2.5,-1.375,257.0625,0.6231689453125,-0.009521484375,0.0234375,0.78167724609375,-0.001090830782496456,0.003272492347489368,-0.002181661564992912,21.5,-6.1875,-39.1875,,,False,,,False,,,,,,,,,,,,,,
34.262807846069336,34.252519845962524,0.135725736618042,odometry_only,1461,-5,0.0,True,,,N/A,False,37,-0.4130859375000015,0.24933593750000044,11.078769531249996,0.02361395702277763,-0.009402654242628799,-0.0052350796953677045,0.0038204091020456023,0.024830533458734705,-0.006502616007771684,0.0498782623911194,0.10819992416321432,-0.12840627618875533,-0.5422810540295958,1.6184865437610723,-4.813544126839438,-0.4169140624999985,0.24066406249999955,8.561230468750004,357.5,358.625,257.0625,360.0,360.0,0.0,-2.5,-1.375,257.0625,0.6231689453125,-0.009521484375,0.0234375,0.78167724609375,0.0,0.001090830782496456,0.002181661564992912,21.5,-5.875,-39.5625,,,False,,,False,,,,,,,,,,,,,,
34.39581298828125,34.38552498817444,0.13298869132995605,odometry_only,1465,-5,0.0,True,,,N/A,False,37,-0.4130859375000015,0.22933593750000048,11.108769531249997,0.01956075969338666,-0.00035112773766277083,-0.004908787594229073,-0.004092846202081755,0.018887960391281402,-0.005773765525142449,0.04986014686441763,0.1111069568052295,-0.12922258614592008,-0.5356490137684831,1.6330692113108962,-4.830674989464795,-0.4169140624999985,0.24066406249999955,8.561230468750004,357.5,358.625,257.0625,360.0,360.0,0.0,-2.5,-1.375,257.0625,0.6231689453125,-0.009521484375,0.0234375,0.78167724609375,-0.00545415391248228,0.002181661564992912,-0.001090830782496456,20.75,-6.5625,-39.1875,,,False,,,False,,,,,,,,,,,,,,
34.52786660194397,34.51757860183716,0.1320362091064453,odometry_only,1467,-4,0.0,True,,,N/A,False,37,-0.4030859375000015,0.25933593750000045,11.108769531249997,0.015967637577140627,0.007187988435797953,-0.004786964033297973,-0.010637572958128175,0.013719574936398995,-0.005306878303598021,0.04888767251218609,0.1132596444817152,-0.1299541092487229,-0.5291298699044757,1.6478814690529089,-4.847785343639117,-0.4169140624999985,0.24066406249999955,8.561230468750004,357.5,358.625,257.0625,360.0,360.0,0.0,-2.5,-1.375,257.0625,0.6231689453125,-0.009521484375,0.0234375,0.78167724609375,0.001090830782496456,0.002181661564992912,0.001090830782496456,21.875,-6.1875,-37.875,,,False,,,False,,,,,,,,,,,,,,
34.663992166519165,34.65370416641235,0.1361093521118164,odometry_only,1471,-4,0.0,True,,,N/A,False,37,-0.4530859375000015,0.24933593750000044,11.058769531249997,0.006187051490316186,0.007951843339397958,-0.008947636413622288,-0.00925926501602884,0.0038237783386213904,-0.009012011241036325,0.04753359964931794,0.11445355170578107,-0.13092857663816332,-0.522567951462626,1.6633784168531045,-4.8655396303157445,-0.4169140624999985,0.24066406249999955,8.561230468750004,357.5,358.625,257.0625,360.0,360.0,0.0,-2.5,-1.375,257.0625,0.6231689453125,-0.009521484375,0.0234375,0.78167724609375,-0.001090830782496456,0.002181661564992912,-0.001090830782496456,20.75,-6.1875,-38.75,,,False,,,False,,,,,,,,,,,,,,
34.79551577568054,34.78522777557373,0.13150763511657715,odometry_only,1467,-4,0.0,True,,,N/A,False,37,-0.3930859375000015,0.20933593750000046,11.078769531249996,-0.0036055704986222015,0.010306767064236097,-0.014616531613173963,-0.009450662843140067,-0.006510469324674607,-0.01418348840495994,0.046303350466337406,0.11427689151684862,-0.1324537692900595,-0.516397813764495,1.6784183166867919,-4.882858025037983,-0.4169140624999985,0.24066406249999955,8.561230468750004,357.5,358.625,257.0625,360.0,360.0,0.0,-2.5,-1.375,257.0625,0.6231689453125,-0.009521484375,0.0234375,0.78167724609375,0.0,0.002181661564992912,-0.001090830782496456,20.75,-6.1875,-37.5625,,,False,,,False,,,,,,,,,,,,,,
34.928141355514526,34.917853355407715,0.13260793685913086,odometry_only,1461,-5,0.0,True,,,N/A,False,37,-0.4130859375000015,0.20933593750000046,11.098769531249998,-0.007308898352656386,0.000781298341662658,-0.016760367811264186,0.0006292786841840137,-0.008103959186679156,-0.01639726212619895,0.045718457689556916,0.11330789691021569,-0.13448139440782989,-0.5102964027016951,1.6935080913137093,-4.900556885704549,-0.4169140624999985,0.24066406249999955,8.561230468750004,357.5,358.625,257.0625,360.0,360.0,0.0,-2.5,-1.375,257.0625,0.6231689453125,-0.009521484375,0.0234375,0.78167724609375,-0.001090830782496456,0.004363323129985824,-0.003272492347489368,20.75,-5.875,-39.1875,,,False,,,False,,,,,,,,,,,,,,
35.06436896324158,35.054080963134766,0.13621163368225098,odometry_only,1465,-5,0.0,True,,,N/A,False,37,-0.4530859375000015,0.25933593750000045,11.078769531249996,-0.008711703875117728,0.001381261026171635,-0.013364272761956564,0.0004061775174301407,-0.00943858168496927,-0.012928791454990401,0.045788978279971054,0.11211314783468324,-0.1364786692417034,-0.5040642140279534,1.7088605756992405,-4.9190108421707235,-0.4169140624999985,0.24066406249999955,8.561230468750004,357.5,358.625,257.0625,360.0,360.0,0.0,-2.5,-1.375,257.0625,0.6231689453125,-0.009521484375,0.0234375,0.78167724609375,0.002181661564992912,-0.003272492347489368,0.0,21.875,-5.875,-37.875,,,False,,,False,,,,,,,,,,,,,,
35.19607877731323,35.18579077720642,0.13169336318969727,odometry_only,1465,-5,0.0,True,,,N/A,False,37,-0.43308593750000146,0.24933593750000044,11.078769531249996,-0.0113003558462151,0.0057553412019345895,-0.014205324770535455,-0.003291577356105029,-0.012972194010871784,-0.013546252156638764,0.045598984275520005,0.11063747262314562,-0.1382219630086081,-0.49804661995596006,1.7235279648795823,-4.937098967236413,-0.4169140624999985,0.24066406249999955,8.561230468750004,357.5,358.625,257.0625,360.0,360.0,0.0,-2.5,-1.375,257.0625,0.6231689453125,-0.009521484375,0.0234375,0.78167724609375,0.002181661564992912,0.003272492347489368,0.001090830782496456,21.5,-5.875,-39.1875,,,False,,,False,,,,,,,,,,,,,,
35.32895350456238,35.318665504455566,0.1328580379486084,odometry_only,1465,-5,0.0,True,,,N/A,False,37,-0.3930859375000015,0.22933593750000048,11.098769531249998,-0.012278630125022193,0.019916426391505773,-0.012438485376706833,-0.016850522269324746,-0.016986016377766616,-0.011387706673740528,0.04426096435732001,0.10864737809680255,-0.13987830143285587,-0.49207731172319913,1.7380948423888352,-4.955572894979754,-0.4169140624999985,0.24066406249999955,8.561230468750004,357.5,358.625,257.0625,360.0,360.0,0.0,-2.5,-1.375,257.0625,0.6231689453125,-0.009521484375,0.0234375,0.78167724609375,-0.001090830782496456,-0.002181661564992912,0.002181661564992912,23.0,-5.875,-39.1875,,,False,,,False,,,,,,,,,,,,,,
35.45994281768799,35.44965481758118,0.13096928596496582,odometry_only,1471,-4,0.0,True,,,N/A,False,37,-0.4230859375000015,0.22933593750000048,11.028769531249997,-0.008496160571877413,0.021045649981255424,-0.022147585949864455,-0.018934259630784496,-0.014024598195829002,-0.021223198361294843,0.04191761069038534,0.10661665907278327,-0.14201381490641082,-0.48643393850346106,1.7521913310098534,-4.974032499577808,-0.4169140624999985,0.24066406249999955,8.561230468750004,357.5,358.625,257.0625,360.0,360.0,0.0,-2.5,-1.375,257.0625,0.6231689453125,-0.009521484375,0.0234375,0.78167724609375,0.001090830782496456,0.003272492347489368,0.003272492347489368,20.75,-5.875,-39.1875,,,False,,,False,,,,,,,,,,,,,,
35.597370624542236,35.587082624435425,0.13741278648376465,odometry_only,1471,-4,0.0,True,,,N/A,False,37,-0.3930859375000015,0.18933593750000044,11.098769531249998,0.0014028026580313602,0.010925696441159543,-0.01955074071219392,-0.011242169236193611,-0.0020102604435433572,-0.019316900481989585,0.03984429710201505,0.10551496176952856,-0.1447991788796023,-0.48081637271446986,1.766766129570483,-4.993738385915751,-0.4169140624999985,0.24066406249999955,8.561230468750004,357.5,358.625,257.0625,360.0,360.0,0.0,-2.5,-1.375,257.0625,0.6231689453125,-0.009521484375,0.0234375,0.78167724609375,0.001090830782496456,0.0,0.0,20.375,-6.1875,-37.0625,,,False,,,False,,,,,,,,,,,,,,
35.72991681098938,35.71962881088257,0.13252735137939453,odometry_only,1461,-5,0.0,True,,,N/A,False,37,-0.43308593750000146,0.27933593750000046,11.088769531249996,0.002901921389647674,0.0010156799858199589,-0.020693828808541967,-0.0019339470303573068,0.0015963330603124405,-0.02077014381237782,0.038971199206878575,0.10548753341964706,-0.1474554937820828,-0.4755937682277348,1.7807479304814156,-5.013104254763804,-0.4169140624999985,0.24066406249999955,8.561230468750004,357.5,358.625,257.0625,360.0,360.0,0.0,-2.5,-1.375,257.0625,0.6231689453125,-0.009521484375,0.0234375,0.78167724609375,0.001090830782496456,-0.002181661564992912,0.002181661564992912,20.0625,-6.1875,-38.375,,,False,,,False,,,,,,,,,,,,,,
35.864229679107666,35.853941679000854,0.1342930793762207,odometry_only,1461,-5,0.0,True,,,N/A,False,37,-0.4230859375000015,0.26933593750000046,11.058769531249997,0.003467148901493521,-0.00272079119906323,-0.014845642752237466,0.0016655767342564525,0.003260753852966984,-0.015046935682515321,0.03895317907014033,0.10581366999883818,-0.14986048673189886,-0.47036141586908564,1.7949360751229004,-5.033067994049295,-0.4169140624999985,0.24066406249999955,8.561230468750004,357.5,358.625,257.0625,360.0,360.0,0.0,-2.5,-1.375,257.0625,0.6231689453125,-0.009521484375,0.0234375,0.78167724609375,0.001090830782496456,0.00545415391248228,-0.001090830782496456,20.75,-6.5625,-38.375,,,False,,,False,,,,,,,,,,,,,,
36.00295639038086,35.99266839027405,0.13871383666992188,odometry_only,1468,-4,0.0,True,,,N/A,False,37,-0.3930859375000015,0.20933593750000046,11.058769531249997,0.003679983944964069,0.004344954506817477,-0.008407170114027175,-0.0051765311329958555,0.002210168921833094,-0.008451041331917993,0.03870967009262919,0.10619311634294687,-0.1514902340047257,-0.464974959982043,1.8096402124896651,-5.053968751377607,-0.4169140624999985,0.24066406249999955,8.561230468750004,357.5,358.625,257.0625,360.0,360.0,0.0,-2.5,-1.375,257.0625,0.6231689453125,-0.009521484375,0.0234375,0.78167724609375,0.002181661564992912,-0.003272492347489368,0.002181661564992912,21.0625,-5.875,-38.75,,,False,,,False,,,,,,,,,,,,,,
36.13248252868652,36.12219452857971,0.12950944900512695,odometry_only,1467,-4,0.0,True,,,N/A,False,37,-0.3930859375000015,0.20933593750000046,11.088769531249996,0.0016909301211154347,-0.005532395188996411,-0.004054636029163458,0.004956925802810092,0.002679342375213467,-0.004261070939627439,0.03869544960997372,0.10650973529993929,-0.15231340333271529,-0.459962612780613,1.8234137270487099,-5.073641472216269,-0.4169140624999985,0.24066406249999955,8.561230468750004,357.5,358.625,257.0625,360.0,360.0,0.0,-2.5,-1.375,257.0625,0.6231689453125,-0.009521484375,0.0234375,0.78167724609375,-0.002181661564992912,0.001090830782496456,0.002181661564992912,20.0625,-5.875,-39.1875,,,False,,,False,,,,,,,,,,,,,,
36.26671314239502,36.25642514228821,0.13421273231506348,odometry_only,1471,-4,0.0,True,,,N/A,False,37,-0.4030859375000015,0.26933593750000046,11.098769531249998,0.007201450100227688,-0.003064705903258345,0.005994680109602948,0.0014660671368878812,0.00798452552414112,0.005593522569944758,0.03912647332601233,0.10722534872384892,-0.152223987345724,-0.45474026632498754,1.837756711857921,-5.094077869863796,-0.4169140624999985,0.24066406249999955,8.561230468750004,357.5,358.625,257.0625,360.0,360.0,0.0,-2.5,-1.375,257.0625,0.6231689453125,-0.009521484375,0.0234375,0.78167724609375,-0.001090830782496456,0.001090830782496456,-0.001090830782496456,22.25,-5.5,-37.5625,,,False,,,False,,,,,,,,,,,,,,
36.400455713272095,36.39016771316528,0.1337265968322754,odometry_only,1461,-5,0.0,True,,,N/A,False,37,-0.4530859375000015,0.23933593750000043,11.098769531249998,0.005070287049387723,-0.002147418251489836,-0.004898148702711983,0.0008915024799864902,0.005176990762933545,-0.005168661973139494,0.03928410820684222,0.10810537111496045,-0.15219557976485457,-0.44949747621297337,1.8521544340366651,-5.114432366223221,-0.4169140624999985,0.24066406249999955,8.561230468750004,357.5,358.625,257.0625,360.0,360.0,0.0,-2.5,-1.375,257.0625,0.6231689453125,-0.009521484375,0.0234375,0.78167724609375,-0.002181661564992912,-0.002181661564992912,-0.002181661564992912,21.5,-5.875,-38.75,,,False,,,False,,,,,,,,,,,,,,
36.53314805030823,36.522860050201416,0.1326742172241211,odometry_only,1461,-5,0.0,True,,,N/A,False,37,-0.4130859375000015,0.24933593750000044,11.108769531249997,0.0021939597532753268,0.010695378641314054,-0.011033551373880148,-0.011072206623834915,-0.0007755057677006698,-0.0108512059644765,0.038608749730304495,0.10839735290314356,-0.15325829148418307,-0.44433028923589307,1.866516598754661,-5.134695292856243,-0.4169140624999985,0.24066406249999955,8.561230468750004,357.5,358.625,257.0625,360.0,360.0,0.0,-2.5,-1.375,257.0625,0.6231689453125,-0.009521484375,0.0234375,0.78167724609375,0.002181661564992912,0.001090830782496456,0.0,22.5625,-5.875,-39.1875,,,False,,,False,,,,,,,,,,,,,,
36.66759371757507,36.65730571746826,0.13442587852478027,odometry_only,1471,-4,0.0,True,,,N/A,False,37,-0.4230859375000015,0.21933593750000047,11.078769531249996,-0.0009835563848976376,0.007158730302211031,-0.01543895993177503,-0.006979184470049285,-0.0032975147619728152,-0.015198475811890357,0.03739546267710961,0.10812359322166815,-0.1550091671632226,-0.4392218227236678,1.8810696079555833,-5.155414854830883,-0.4169140624999985,0.24066406249999955,8.561230468750004,357.5,358.625,257.0625,360.0,360.0,0.0,-2.5,-1.375,257.0625,0.6231689453125,-0.009521484375,0.0234375,0.78167724609375,0.002181661564992912,-0.002181661564992912,0.001090830782496456,22.5625,-6.1875,-37.875,,,False,,,False,,,,,,,,,,,,,,
36.8055202960968,36.79523229598999,0.1379106044769287,odometry_only,1471,-4,0.0,True,,,N/A,False,37,-0.4230859375000015,0.22933593750000048,11.098769531249998,-0.002176327815129365,0.005831148343781037,-0.004410525684175699,-0.005261072513761294,-0.0036290360075399188,-0.004164450052261848,0.036551432057314474,0.10764597081988633,-0.1563443435684062,-0.43412279224765965,1.8959480634579304,-5.17688433026639,-0.4169140624999985,0.24066406249999955,8.561230468750004,357.5,358.625,257.0625,360.0,360.0,0.0,-2.5,-1.375,257.0625,0.6231689453125,-0.009521484375,0.0234375,0.78167724609375,-0.001090830782496456,-0.001090830782496456,0.0,21.5,-6.5625,-39.1875,,,False,,,False,,,,,,,,,,,,,,
36.93819546699524,36.92790746688843,0.1326587200164795,odometry_only,1467,-4,0.0,True,,,N/A,False,37,-0.4130859375000015,0.23933593750000043,11.088769531249996,0.0015604918330598071,0.005352330667757197,-0.00251641884948802,-0.005601072674024252,0.00020812026151642178,-0.0024494107497854078,0.03583095291869208,0.10741906366781048,-0.15678303672258959,-0.4293217149763311,1.9102131895556493,-5.197653869002148,-0.4169140624999985,0.24066406249999955,8.561230468750004,357.5,358.625,257.0625,360.0,360.0,0.0,-2.5,-1.375,257.0625,0.6231689453125,-0.009521484375,0.0234375,0.78167724609375,-0.002181661564992912,0.0,0.0,21.0625,-5.875,-39.1875,,,False,,,False,,,,,,,,,,,,,,
37.06914949417114,37.05886149406433,0.1309361457824707,odometry_only,1471,-4,0.0,True,,,N/A,False,37,-0.4230859375000015,0.24933593750000044,11.058769531249997,-0.001191835044594487,0.00932024171375518,-0.008029555941381158,-0.008933350280669433,-0.0036212516594516836,-0.007735821493150987,0.03487941225726215,0.10719561253266309,-0.1574498442494843,-0.42469244363482583,1.9242635988206709,-5.218226090158451,-0.4169140624999985,0.24066406249999955,8.561230468750004,357.5,358.625,257.0625,360.0,360.0,0.0,-2.5,-1.375,257.0625,0.6231689453125,-0.009521484375,0.0234375,0.78167724609375,-0.001090830782496456,0.0,0.0,21.5,-5.5,-38.375,,,False,,,False,,,,,,,,,,,,,,
37.20467734336853,37.19438934326172,0.1355123519897461,odometry_only,1465,-5,0.0,True,,,N/A,False,37,-0.4130859375000015,0.22933593750000048,11.088769531249996,0.0019544673416061306,0.010839569674111075,-0.018540913982555987,-0.01126685443739533,-0.0014049315063663931,-0.018334826510409567,0.03351072363125249,0.10685505758149745,-0.15921629166391393,-0.42005858955125036,1.9387668536967464,-5.239682176595015,-0.4169140624999985,0.24066406249999955,8.561230468750004,357.5,358.625,257.0625,360.0,360.0,0.0,-2.5,-1.375,257.0625,0.6231689453125,-0.009521484375,0.0234375,0.78167724609375,-0.003272492347489368,-0.001090830782496456,0.0,21.0625,-5.5,-38.375,,,False,,,False,,,,,,,,,,,,,,
37.337374448776245,37.327086448669434,0.13267993927001953,odometry_only,1461,-5,0.0,True,,,N/A,False,37,-0.4130859375000015,0.21933593750000047,11.108769531249997,0.0051930258407771575,0.007230010272160082,-0.020315727877546316,-0.008496756930420363,0.0024647687936600864,-0.020339601804661385,0.03219960625323346,0.10692536715495457,-0.1617819520639871,-0.4156993682620071,1.9529490405823222,-5.260977190336815,-0.4169140624999985,0.24066406249999955,8.561230468750004,357.5,358.625,257.0625,360.0,360.0,0.0,-2.5,-1.375,257.0625,0.6231689453125,-0.009521484375,0.0234375,0.78167724609375,-0.001090830782496456,0.0,-0.001090830782496456,21.875,-5.875,-38.375,,,False,,,False,,,,,,,,,,,,,,
37.47088098526001,37.4605929851532,0.13349056243896484,odometry_only,1471,-4,0.0,True,,,N/A,False,37,-0.3930859375000015,0.21933593750000047,11.058769531249997,0.012675126456239806,-0.0024798868945318945,-0.014717480654193156,-0.0006220483807807918,0.012180062023355333,-0.015319009478979899,0.03159096902835163,0.107902840506248,-0.16416199610200993,-0.41144164837568514,1.9672878097165465,-5.2827324108189435,-0.4169140624999985,0.24066406249999955,8.561230468750004,357.5,358.625,257.0625,360.0,360.0,0.0,-2.5,-1.375,257.0625,0.6231689453125,-0.009521484375,0.0234375,0.78167724609375,0.002181661564992912,0.002181661564992912,0.001090830782496456,21.0625,-6.5625,-38.75,,,False,,,False,,,,,,,,,,,,,,
37.60848689079285,37.598198890686035,0.137589693069458,odometry_only,1471,-4,0.0,True,,,N/A,False,37,-0.4130859375000015,0.23933593750000043,11.098769531249998,0.013389127815959268,-0.0019234105778977643,-0.006267440758609875,-0.0012027049113962883,0.013161583533581201,-0.006897483988427581,0.03146543540565257,0.10964621512327495,-0.16569037636064005,-0.407103692709616,1.9822540636123547,-5.305424554161628,-0.4169140624999985,0.24066406249999955,8.561230468750004,357.5,358.625,257.0625,360.0,360.0,0.0,-2.5,-1.375,257.0625,0.6231689453125,-0.009521484375,0.0234375,0.78167724609375,0.001090830782496456,-0.003272492347489368,0.0,21.875,-6.5625,-38.75,,,False,,,False,,,,,,,,,,,,,,
37.74170470237732,37.73141670227051,0.13320112228393555,odometry_only,1467,-4,0.0,True,,,N/A,False,37,-0.4030859375000015,0.24933593750000044,11.098769531249998,0.013647641312911655,0.004538149879257446,-0.0032079936958581677,-0.007514523853443663,0.012125832322969708,-0.0036932726701953992,0.030884863078311325,0.11133037120915154,-0.16639572669702238,-0.4029511278432148,1.9969712282613308,-5.327541674972718,-0.4169140624999985,0.24066406249999955,8.561230468750004,357.5,358.625,257.0625,360.0,360.0,0.0,-2.5,-1.375,257.0625,0.6231689453125,-0.009521484375,0.0234375,0.78167724609375,0.0,-0.002181661564992912,-0.001090830782496456,21.0625,-6.1875,-38.375,,,False,,,False,,,,,,,,,,,,,,
37.8725790977478,37.86229109764099,0.1308577060699463,odometry_only,1471,-4,0.0,True,,,N/A,False,37,-0.4230859375000015,0.23933593750000043,11.098769531249998,0.005452435999375229,0.013157076924005756,-0.002071397607514052,-0.014070282113870191,0.002285257509988538,-0.0019832243718369744,0.029472593980887536,0.11227327228790596,-0.16676713338773896,-0.39900200865572377,2.0116013581897842,-5.349340138781915,-0.4169140624999985,0.24066406249999955,8.561230468750004,357.5,358.625,257.0625,360.0,360.0,0.0,-2.5,-1.375,257.0625,0.6231689453125,-0.009521484375,0.0234375,0.78167724609375,0.001090830782496456,-0.002181661564992912,-0.001090830782496456,21.875,-5.875,-39.1875,,,False,,,False,,,,,,,,,,,,,,
38.009241580963135,37.99895358085632,0.13664650917053223,odometry_only,1465,-5,0.0,True,,,N/A,False,37,-0.4030859375000015,0.23933593750000043,11.098769531249998,0.004409466898687907,0.012256329924785226,-0.005847704581444473,-0.013013711850852904,0.0012866094142173045,-0.005731021768051036,0.02762212736604995,0.11251731386111316,-0.16729419579068794,-0.3951011114736621,2.0269597826356147,-5.372164296022465,-0.4169140624999985,0.24066406249999955,8.561230468750004,357.5,358.625,257.0625,360.0,360.0,0.0,-2.5,-1.375,257.0625,0.6231689453125,-0.009521484375,0.0234375,0.78167724609375,-0.001090830782496456,0.0,-0.001090830782496456,20.5,-6.1875,-38.375,,,False,,,False,,,,,,,,,,,,,,
38.14184045791626,38.13155245780945,0.132582426071167,odometry_only,1461,-5,0.0,True,,,N/A,False,37,-0.4230859375000015,0.23933593750000043,11.098769531249998,-0.00013621415582211818,0.009845465558123958,-0.007222004591535144,-0.00966925742306728,-0.0026708430048264973,-0.0069628410295391446,0.026118445817632913,0.11242555133726707,-0.16813568735364745,-0.39153858368808825,2.041871518033315,-5.394400349864487,-0.4169140624999985,0.24066406249999955,8.561230468750004,357.5,358.625,257.0625,360.0,360.0,0.0,-2.5,-1.375,257.0625,0.6231689453125,-0.009521484375,0.0234375,0.78167724609375,-0.002181661564992912,0.001090830782496456,0.001090830782496456,21.0625,-5.875,-38.75,,,False,,,False,,,,,,,,,,,,,,
38.27327799797058,38.26298999786377,0.13142108917236328,odometry_only,1467,-4,0.0,True,,,N/A,False,37,-0.4230859375000015,0.23933593750000043,11.078769531249996,0.00024058959107419245,0.008944179772978225,-0.011888131026887103,-0.008941715488901205,-0.0023299759918980313,-0.011661939395651343,0.02489550865230879,0.11209694479761538,-0.16935953181818478,-0.3881864289583737,2.0566250135261868,-5.4165773445115,-0.4169140624999985,0.24066406249999955,8.561230468750004,357.5,358.625,257.0625,360.0,360.0,0.0,-2.5,-1.375,257.0625,0.6231689453125,-0.009521484375,0.0234375,0.78167724609375,0.004363323129985824,-0.001090830782496456,0.0,21.5,-6.1875,-38.75,,,False,,,False,,,,,,,,,,,,,,
38.407039403915405,38.396751403808594,0.1337432861328125,odometry_only,1471,-4,0.0,True,,,N/A,False,37,-0.43308593750000146,0.24933593750000044,11.058769531249997,-0.001706225315453967,0.006512159915224842,-0.017839270639388193,-0.006222114816041267,-0.003973994567243734,-0.01757986527051364,0.023881478404637124,0.11167538792848332,-0.17131497934243814,-0.38492463169004687,2.0715890370883834,-5.439358808823656,-0.4169140624999985,0.24066406249999955,8.561230468750004,357.5,358.625,257.0625,360.0,360.0,0.0,-2.5,-1.375,257.0625,0.6231689453125,-0.009521484375,0.0234375,0.78167724609375,0.0,-0.002181661564992912,0.001090830782496456,21.5,-6.1875,-40.0625,,,False,,,False,,,,,,,,,,,,,,
38.54192304611206,38.53163504600525,0.13486742973327637,odometry_only,1472,-4,0.0,True,,,N/A,False,37,-0.43308593750000146,0.21933593750000047,11.088769531249996,-0.00453111349922319,0.0035057056477006514,-0.02216259686075543,-0.002723372044841821,-0.006266457209136768,-0.021847572405074223,0.023278250994317073,0.11098483622328932,-0.17397371793257588,-0.38174447594457,2.086603843155976,-5.462642908382373,-0.4169140624999985,0.24066406249999955,8.561230468750004,357.5,358.625,257.0625,360.0,360.0,0.0,-2.5,-1.375,257.0625,0.6231689453125,-0.009521484375,0.0234375,0.78167724609375,-0.001090830782496456,0.0,0.001090830782496456,20.75,-5.875,-39.5625,,,False,,,False,,,,,,,,,,,,,,
38.67420196533203,38.66391396522522,0.1322627067565918,odometry_only,1471,-4,0.0,True,,,N/A,False,37,-0.3930859375000015,0.24933593750000044,11.088769531249996,0.0027529006597638113,0.0023981470059075173,-0.01959294025489964,-0.0032323887794290583,0.001197406689880686,-0.019629843578953646,0.022884388470610605,0.11064961305210796,-0.1767166755862342,-0.37869167812124,2.101260829241811,-5.485834538722539,-0.4169140624999985,0.24066406249999955,8.561230468750004,357.5,358.625,257.0625,360.0,360.0,0.0,-2.5,-1.375,257.0625,0.6231689453125,-0.009521484375,0.0234375,0.78167724609375,-0.001090830782496456,-0.004363323129985824,0.0,21.5,-6.1875,-39.5625,,,False,,,False,,,,,,,,,,,,,,
38.8063645362854,38.79607653617859,0.13214373588562012,odometry_only,1465,-5,0.0,True,,,N/A,False,37,-0.4230859375000015,0.19933593750000045,11.108769531249997,0.0013272702037106703,-9.823284653915883e-05,-0.008225640464787923,-0.00031825690147380906,0.0009152995676834936,-0.008276073718123616,0.02264979067807028,0.1107892035009597,-0.17856047166870967,-0.37568314984964407,2.1158917054865176,-5.509308363479066,-0.4169140624999985,0.24066406249999955,8.561230468750004,357.5,358.625,257.0625,360.0,360.0,0.0,-2.5,-1.375,257.0625,0.6231689453125,-0.009521484375,0.0234375,0.78167724609375,0.002181661564992912,-0.001090830782496456,-0.001090830782496456,20.75,-6.5625,-39.1875,,,False,,,False,,,,,,,,,,,,,,
38.94134068489075,38.931052684783936,0.13496041297912598,odometry_only,1465,-5,0.0,True,,,N/A,False,37,-0.3930859375000015,0.25933593750000045,11.078769531249996,0.009174862881984405,0.0010529766609827837,-0.006016267023508657,-0.0031597704674955645,0.008408546649726192,-0.0063870596898783225,0.022415092673035875,0.11141837856898743,-0.17954994293886564,-0.37264216221568336,2.130886319008144,-5.533473728202848,-0.4169140624999985,0.24066406249999955,8.561230468750004,357.5,358.625,257.0625,360.0,360.0,0.0,-2.5,-1.375,257.0625,0.6231689453125,-0.009521484375,0.0234375,0.78167724609375,-0.00545415391248228,-0.001090830782496456,0.001090830782496456,20.75,-7.0,-39.5625,,,False,,,False,,,,,,,,,,,,,,
39.074074268341064,39.06378626823425,0.13271760940551758,odometry_only,1467,-4,0.0,True,,,N/A,False,37,-0.43308593750000146,0.21933593750000047,11.098769531249998,0.0016483271134586667,-0.002690379611376508,-0.00311800568054137,0.0022097901628715453,0.0020517336231063374,-0.0032533522290174362,0.022352053115529864,0.11211251026474844,-0.1801896691506458,-0.3696714679312,2.145719561605296,-5.557345618865342,-0.4169140624999985,0.24066406249999955,8.561230468750004,357.5,358.625,257.0625,360.0,360.0,0.0,-2.5,-1.375,257.0625,0.6231689453125,-0.009521484375,0.0234375,0.78167724609375,0.0,0.0,0.0,21.5,-6.1875,-38.75,,,False,,,False,,,,,,,,,,,,,,
39.206329584121704,39.19604158401489,0.13223791122436523,odometry_only,1471,-4,0.0,True,,,N/A,False,37,-0.43308593750000146,0.24933593750000044,11.108769531249997,-0.003250140952791509,0.0021514263138096524,-0.008276159949735223,-0.0014902840536189603,-0.004044505101695821,-0.008068947070854527,0.02239962610803023,0.11198075029581037,-0.18093828775548187,-0.36671253363904677,2.1605363739532892,-5.581223022218336,-0.4169140624999985,0.24066406249999955,8.561230468750004,357.5,358.625,257.0625,360.0,360.0,0.0,-2.5,-1.375,257.0625,0.6231689453125,-0.009521484375,0.0234375,0.78167724609375,-0.003272492347489368,0.0,0.0,21.5,-6.1875,-38.375,,,False,,,False,,,,,,,,,,,,,,
39.343645334243774,39.33335733413696,0.1372995376586914,odometry_only,1467,-4,0.0,True,,,N/A,False,37,-0.4130859375000015,0.22933593750000048,11.098769531249998,-0.007226557684690523,0.0018857526785237202,-0.006020753325890792,-0.0003117343587167741,-0.007748251153121435,-0.005647662835518052,0.022275917960597157,0.11117118030505634,-0.18187992985467666,-0.3636455678664102,2.175855702402861,-5.606130408984349,-0.4169140624999985,0.24066406249999955,8.561230468750004,357.5,358.625,257.0625,360.0,360.0,0.0,-2.5,-1.375,257.0625,0.6231689453125,-0.009521484375,0.0234375,0.78167724609375,-0.001090830782496456,0.001090830782496456,0.001090830782496456,21.5,-5.875,-38.75,,,False,,,False,,,,,,,,,,,,,,
39.47515082359314,39.46486282348633,0.13148927688598633,odometry_only,1471,-4,0.0,True,,,N/A,False,37,-0.4030859375000015,0.22933593750000048,11.058769531249997,-0.0003559916515820773,0.0038664087091306145,-0.013512724725551865,-0.0038826592345680374,-0.001861336856725637,-0.013383944046677572,0.02200015907031904,0.11053940141576282,-0.18313115596813578,-0.36073465319033854,2.190431984437082,-5.630127930849454,-0.4169140624999985,0.24066406249999955,8.561230468750004,357.5,358.625,257.0625,360.0,360.0,0.0,-2.5,-1.375,257.0625,0.6231689453125,-0.009521484375,0.0234375,0.78167724609375,0.001090830782496456,0.0,0.003272492347489368,21.875,-6.1875,-38.75,,,False,,,False,,,,,,,,,,,,,,
39.60711622238159,39.59682822227478,0.13194704055786133,odometry_only,1465,-5,0.0,True,,,N/A,False,37,-0.4130859375000015,0.24933593750000044,11.108769531249997,0.008475684997500912,0.00045553867934277313,-0.020499691070545233,-0.0026289289362505944,0.0071578942400959975,-0.02083591534703421,0.021570566676083494,0.11088883395170313,-0.18538876055578898,-0.3578601390317405,2.205040384613425,-5.654440487035435,-0.4169140624999985,0.24066406249999955,8.561230468750004,357.5,358.625,257.0625,360.0,360.0,0.0,-2.5,-1.375,257.0625,0.6231689453125,-0.009521484375,0.0234375,0.78167724609375,0.001090830782496456,0.003272492347489368,0.001090830782496456,21.875,-5.5,-39.1875,,,False,,,False,,,,,,,,,,,,,,
39.74121046066284,39.73092246055603,0.1340773105621338,odometry_only,1461,-5,0.0,True,,,N/A,False,37,-0.4130859375000015,0.22933593750000048,11.108769531249997,0.0055428045087632175,0.0012564277264852314,-0.018960446412422293,-0.0027330508624710164,0.004198579347818702,-0.01914946957635643,0.021211106760732953,0.11165015666977188,-0.18806932699194895,-0.3549921131738626,2.2199590992922946,-5.679476615028475,-0.4169140624999985,0.24066406249999955,8.561230468750004,357.5,358.625,257.0625,360.0,360.0,0.0,-2.5,-1.375,257.0625,0.6231689453125,-0.009521484375,0.0234375,0.78167724609375,0.0,-0.002181661564992912,0.0,20.75,-5.5,-39.1875,,,False,,,False,,,,,,,,,,,,,,
39.87570929527283,39.865421295166016,0.13448405265808105,odometry_only,1471,-4,0.0,True,,,N/A,False,37,-0.43308593750000146,0.20933593750000046,11.118769531249997,-0.003927463199856309,0.003649226922153626,-0.012104000266981343,-0.002853861821534944,-0.005222598750037401,-0.011824913605535293,0.020835431430936975,0.11158129953016643,-0.1901521072813915,-0.3521648187457333,2.2349696347475607,-5.70490899067009,-0.4169140624999985,0.24066406249999955,8.561230468750004,357.5,358.625,257.0625,360.0,360.0,0.0,-2.5,-1.375,257.0625,0.6231689453125,-0.009521484375,0.0234375,0.78167724609375,0.002181661564992912,-0.001090830782496456,0.0,20.375,-5.875,-39.1875,,,False,,,False,,,,,,,,,,,,,,
40.00724005699158,39.996952056884766,0.13151264190673828,odometry_only,1471,-4,0.0,True,,,N/A,False,37,-0.4030859375000015,0.23933593750000043,11.118769531249997,-0.005341993368335583,0.006608063884473018,0.0028839877955254556,-0.005207436839027769,-0.0065305294337643744,0.003279569169209781,0.020305350088912048,0.11080845706110627,-0.1907140176928036,-0.34945955231184167,2.249593166958718,-5.729953345824159,-0.4169140624999985,0.24066406249999955,8.561230468750004,357.5,358.625,257.0625,360.0,360.0,0.0,-2.5,-1.375,257.0625,0.6231689453125,-0.009521484375,0.0234375,0.78167724609375,-0.001090830782496456,-0.001090830782496456,-0.001090830782496456,21.5,-7.0,2010.4375,,,False,,,False,,,,,,,,,,,,,,
40.14193034172058,40.13164234161377,0.13467097282409668,odometry_only,1467,-4,0.0,True,,,N/A,False,37,-0.4230859375000015,0.22933593750000048,11.078769531249996,-0.0016895119487116096,0.005638199730563529,-0.001891620665677475,-0.005145551703304436,-0.0029899154050762474,-0.0016750161517109564,0.019608226569595745,0.11016739327702386,-0.1906059743348964,-0.3467719522130965,2.264472683326552,-5.755629712965982,-0.4169140624999985,0.24066406249999955,8.561230468750004,357.5,358.625,257.0625,360.0,360.0,0.0,-2.5,-1.375,257.0625,0.6231689453125,-0.009521484375,0.0234375,0.78167724609375,-0.002181661564992912,0.002181661564992912,0.0,20.75,-5.5,-38.75,,,False,,,False,,,,,,,,,,,,,,
40.27853584289551,40.268247842788696,0.13659000396728516,odometry_only,1461,-5,0.0,True,,,N/A,False,37,-0.44308593750000147,0.22933593750000048,11.048769531249997,-0.00032576836315579096,0.0031698397827788364,-0.012099660743762829,-0.0031902274228333923,-0.0016085681049254924,-0.011991278373530236,0.019038934517640955,0.10985333983658654,-0.19153931394660678,-0.3441325442699815,2.2794989997309885,-5.781728326187207,-0.4169140624999985,0.24066406249999955,8.561230468750004,357.5,358.625,257.0625,360.0,360.0,0.0,-2.5,-1.375,257.0625,0.6231689453125,-0.009521484375,0.0234375,0.78167724609375,0.002181661564992912,-0.002181661564992912,0.0,21.0625,-5.875,-38.75,,,False,,,False,,,,,,,,,,,,,,
40.41133141517639,40.40104341506958,0.13277816772460938,odometry_only,1465,-5,0.0,True,,,N/A,False,37,-0.4230859375000015,0.24933593750000044,11.078769531249996,-0.00191319594967958,0.0043548788667925825,-0.028323499104427045,-0.0042234627964292115,-0.00420471694739861,-0.02809499257170614,0.01854674641594518,0.10946740116773232,-0.19420060475011713,-0.34163726534645983,2.294059502798267,-5.807337245998602,-0.4169140624999985,0.24066406249999955,8.561230468750004,357.5,358.625,257.0625,360.0,360.0,0.0,-2.5,-1.375,257.0625,0.6231689453125,-0.009521484375,0.0234375,0.78167724609375,0.003272492347489368,0.0,-0.001090830782496456,20.75,-6.1875,-38.75,,,False,,,False,,,,,,,,,,,,,,
40.54849076271057,40.53820276260376,0.1371445655822754,odometry_only,1461,-5,0.0,True,,,N/A,False,37,-0.4030859375000015,0.22933593750000048,11.108769531249997,-0.00040586911371043224,0.006913696140319725,-0.028148447720018056,-0.007051329721272984,-0.0032970314657570746,-0.027923240603132452,0.0177736081550099,0.10895298915411744,-0.19804190287684206,-0.3391466957217459,2.3090370875707675,-5.834234210154303,-0.4169140624999985,0.24066406249999955,8.561230468750004,357.5,358.625,257.0625,360.0,360.0,0.0,-2.5,-1.375,257.0625,0.6231689453125,-0.009521484375,0.0234375,0.78167724609375,-0.001090830782496456,0.0,-0.002181661564992912,21.5,-6.5625,-38.75,,,False,,,False,,,,,,,,,,,,,,
40.6804575920105,40.67016959190369,0.13195252418518066,odometry_only,1467,-4,0.0,True,,,N/A,False,37,-0.4030859375000015,0.20933593750000046,11.098769531249998,0.006377724090869525,0.005760543480958646,-0.017688411044998114,-0.0072912090570144885,0.0040724079367845745,-0.017804293728070415,0.016827341057500465,0.10900414559539037,-0.20105883466672542,-0.3368638544278489,2.323417084617951,-5.860565385015824,-0.4169140624999985,0.24066406249999955,8.561230468750004,357.5,358.625,257.0625,360.0,360.0,0.0,-2.5,-1.375,257.0625,0.6231689453125,-0.009521484375,0.0234375,0.78167724609375,0.001090830782496456,0.003272492347489368,-0.001090830782496456,21.5,-6.5625,-38.75,,,False,,,False,,,,,,,,,,,,,,
40.81060075759888,40.800312757492065,0.1301274299621582,odometry_only,1471,-4,0.0,True,,,N/A,False,37,-0.4130859375000015,0.23933593750000043,11.078769531249996,0.008916313716745193,0.0032605836480357163,-0.009637161912742075,-0.005305663197435589,0.007490553921185727,-0.009937227266337901,0.016007741751483864,0.10975647485005444,-0.20286380108184723,-0.334727481958585,2.3376504632756974,-5.886846092262576,-0.4169140624999985,0.24066406249999955,8.561230468750004,357.5,358.625,257.0625,360.0,360.0,0.0,-2.5,-1.375,257.0625,0.6231689453125,-0.009521484375,0.0234375,0.78167724609375,0.001090830782496456,0.001090830782496456,-0.001090830782496456,21.0625,-7.0,-38.375,,,False,,,False,,,,,,,,,,,,,,
40.944499254226685,40.93421125411987,0.13388323783874512,odometry_only,1471,-4,0.0,True,,,N/A,False,37,-0.4130859375000015,0.23933593750000043,11.078769531249996,0.005708652106521196,0.0023017073739348467,-0.008639728888256128,-0.0036410220149357343,0.004628435452500619,-0.008823379450067363,0.015408836159405716,0.11056773961839567,-0.20411966646735305,-0.33262440537232346,2.3523993228793545,-5.914090224453739,-0.4169140624999985,0.24066406249999955,8.561230468750004,357.5,358.625,257.0625,360.0,360.0,0.0,-2.5,-1.375,257.0625,0.6231689453125,-0.009521484375,0.0234375,0.78167724609375,-0.004363323129985824,-0.002181661564992912,0.001090830782496456,20.5,-6.1875,-38.375,,,False,,,False,,,,,,,,,,,,,,
41.07527494430542,41.06498694419861,0.13076376914978027,odometry_only,1471,-4,0.0,True,,,N/A,False,37,-0.4130859375000015,0.24933593750000044,11.078769531249996,0.002451138995168253,0.00609188854875514,-0.01241566293422847,-0.006662456529459133,0.00043088274821069853,-0.01235693682151142,0.014735175314496234,0.11089852737702222,-0.20550447546108108,-0.33065353309351264,2.3668792047852807,-5.940872222820392,-0.4169140624999985,0.24066406249999955,8.561230468750004,357.5,358.625,257.0625,360.0,360.0,0.0,-2.5,-1.375,257.0625,0.6231689453125,-0.009521484375,0.0234375,0.78167724609375,0.002181661564992912,0.001090830782496456,0.001090830782496456,21.0625,-5.875,-38.75,,,False,,,False,,,,,,,,,,,,,,
41.203125953674316,41.192837953567505,0.1278386116027832,odometry_only,1471,-4,0.0,True,,,N/A,False,37,-0.4230859375000015,0.24933593750000044,11.088769531249996,-0.0008251477412574157,0.007513504515293078,-0.011777471929236687,-0.0073078703741588,-0.00304448455463819,-0.011539870377575794,0.013842201716998471,0.11073146776391411,-0.20703194278811643,-0.3288268869920349,2.381045640219455,-5.9672412642926735,-0.4169140624999985,0.24066406249999955,8.561230468750004,357.5,358.625,257.0625,360.0,360.0,0.0,-2.5,-1.375,257.0625,0.6231689453125,-0.009521484375,0.0234375,0.78167724609375,-0.002181661564992912,0.003272492347489368,0.0,21.0625,-5.875,-39.5625,,,False,,,False,,,,,,,,,,,,,,
41.327219009399414,41.3169310092926,0.12408161163330078,odometry_only,1467,-4,0.0,True,,,N/A,False,37,-0.43308593750000146,0.18933593750000044,11.058769531249997,-0.004098568286960924,-7.082491112700949e-05,-0.017628048247806154,0.000731048465137399,-0.00483050532172614,-0.01742650709913765,0.013434170386050182,0.1102428970461865,-0.20882904018836101,-0.32713463888700695,2.3947550678770964,-5.9930416147842385,-0.4169140624999985,0.24066406249999955,8.561230468750004,357.5,358.625,257.0625,360.0,360.0,0.0,-2.5,-1.375,257.0625,0.6231689453125,-0.009521484375,0.0234375,0.78167724609375,0.0,-0.001090830782496456,-0.001090830782496456,20.5,-6.1875,-40.0625,,,False,,,False,,,,,,,,,,,,,,
41.450974225997925,41.44068622589111,0.12374162673950195,odometry_only,1467,-4,0.0,True,,,N/A,False,37,-0.3930859375000015,0.20933593750000046,11.088769531249996,-0.0013188619070311856,-0.0010024440308051747,-0.0178829495535641,0.0010151686342166123,-0.0019289975034206693,-0.017826737693025403,0.013542210258307381,0.10982468110841954,-0.21101018711757508,-0.3254655882747685,2.408370827933833,-6.019017409262185,-0.4169140624999985,0.24066406249999955,8.561230468750004,357.5,358.625,257.0625,360.0,360.0,0.0,-2.5,-1.375,257.0625,0.6231689453125,-0.009521484375,0.0234375,0.78167724609375,0.0,0.0,0.003272492347489368,20.375,-5.875,-38.75,,,False,,,False,,,,,,,,,,,,,,
41.57762169837952,41.567333698272705,0.12663483619689941,odometry_only,1471,-4,0.0,True,,,N/A,False,37,-0.4530859375000015,0.22933593750000048,11.088769531249996,-0.006362083780263632,-0.0034173599750385326,-0.017983616057349126,0.0044928382435259805,-0.0063082676249561894,-0.017764714177652113,0.013890963032674546,0.10930311874829833,-0.2132637459564016,-0.3237285905717362,2.4222454344543545,-6.045881339270903,-0.4169140624999985,0.24066406249999955,8.561230468750004,357.5,358.625,257.0625,360.0,360.0,0.0,-2.5,-1.375,257.0625,0.6231689453125,-0.009521484375,0.0234375,0.78167724609375,0.002181661564992912,-0.001090830782496456,0.0,22.25,-5.875,-39.1875,,,False,,,False,,,,,,,,,,,,,,
41.70127272605896,41.69098472595215,0.12363958358764648,odometry_only,1471,-4,0.0,True,,,N/A,False,37,-0.4530859375000015,0.22933593750000048,11.078769531249996,-0.008290240801684123,0.0037715065234418038,-0.01802210352250016,-0.0020843213603708266,-0.009785272154998402,-0.017540029153376553,0.014039857044923106,0.10830821946987593,-0.21544627783846015,-0.3220019130899084,2.435698122074977,-6.072384103681827,-0.4169140624999985,0.24066406249999955,8.561230468750004,357.5,358.625,257.0625,360.0,360.0,0.0,-2.5,-1.375,257.0625,0.6231689453125,-0.009521484375,0.0234375,0.78167724609375,-0.001090830782496456,0.0,0.002181661564992912,21.5,-6.1875,-39.1875,,,False,,,False,,,,,,,,,,,,,,
41.82404327392578,41.81375527381897,0.12275886535644531,odometry_only,1467,-4,0.0,True,,,N/A,False,37,-0.4030859375000015,0.19933593750000045,11.108769531249997,-0.011065526286900097,0.004556341226595786,-0.016014775992499144,-0.0022012553894649855,-0.012564849339430115,-0.015393446763378045,0.013776810775319203,0.10693638169225855,-0.21746771590635247,-0.32029454180010336,2.4489097135813593,-6.098956119016347,-0.4169140624999985,0.24066406249999955,8.561230468750004,357.5,358.625,257.0625,360.0,360.0,0.0,-2.5,-1.375,257.0625,0.6231689453125,-0.009521484375,0.0234375,0.78167724609375,-0.001090830782496456,-0.002181661564992912,0.003272492347489368,21.5,-6.1875,-39.1875,,,False,,,False,,,,,,,,,,,,,,
41.94868874549866,41.938400745391846,0.1246340274810791,odometry_only,1467,-4,0.0,True,,,N/A,False,37,-0.43308593750000146,0.21933593750000047,11.108769531249997,-0.010129129297425118,0.0028324540523014235,-0.011151819714340563,-0.0006602961820223732,-0.011034018764967924,-0.010620714574351937,0.013598487426719564,0.1054657707043356,-0.2190888407558844,-0.31858859496589553,2.462145981430778,-6.126161019956391,-0.4169140624999985,0.24066406249999955,8.561230468750004,357.5,358.625,257.0625,360.0,360.0,0.0,-2.5,-1.375,257.0625,0.6231689453125,-0.009521484375,0.0234375,0.78167724609375,0.003272492347489368,0.001090830782496456,0.001090830782496456,21.875,-7.0,-38.75,,,False,,,False,,,,,,,,,,,,,,
42.074559926986694,42.06427192687988,0.12585854530334473,odometry_only,1472,-4,0.0,True,,,N/A,False,37,-0.4530859375000015,0.25933593750000045,11.098769531249998,-0.007720706905998171,0.01032667815287984,-0.003123192099166179,-0.008387174563398062,-0.009964646905494708,-0.002522903204978511,0.013029136673372972,0.10414433994703774,-0.21991595906274924,-0.31691293794883457,2.4753365932345055,-6.153787272699571,-0.4169140624999985,0.24066406249999955,8.561230468750004,357.5,358.625,257.0625,360.0,360.0,0.0,-2.5,-1.375,257.0625,0.6231689453125,-0.009521484375,0.0234375,0.78167724609375,0.001090830782496456,-0.001090830782496456,0.002181661564992912,21.875,-5.875,-40.0625,,,False,,,False,,,,,,,,,,,,,,
42.203213930130005,42.19292593002319,0.12864208221435547,odometry_only,1471,-4,0.0,True,,,N/A,False,37,-0.4230859375000015,0.24933593750000044,11.088769531249996,-0.010898693614333365,0.01531356776432365,-0.006165138972492142,-0.012582249179771281,-0.014315087526239865,-0.0052972722618363985,0.011680361506794749,0.10258264215058278,-0.2204189608904156,-0.3153235973006503,2.4886334879479692,-6.182110073186804,-0.4169140624999985,0.24066406249999955,8.561230468750004,357.5,358.625,257.0625,360.0,360.0,0.0,-2.5,-1.375,257.0625,0.6231689453125,-0.009521484375,0.0234375,0.78167724609375,0.0,0.002181661564992912,0.001090830782496456,21.5,-5.5,-37.875,,,False,,,False,,,,,,,,,,,,,,
42.32498860359192,42.31470060348511,0.12176346778869629,odometry_only,1467,-4,0.0,True,,,N/A,False,37,-0.4030859375000015,0.18933593750000044,11.068769531249997,-0.008055839576100624,0.01314743097826541,-0.013350768416957077,-0.011208245127503591,-0.011413947900731771,-0.012652728733696663,0.010231954963164236,0.10101621386235964,-0.22151178807442892,-0.3139895374803175,2.501028939320943,-6.209015583445011,-0.4169140624999985,0.24066406249999955,8.561230468750004,357.5,358.625,257.0625,360.0,360.0,0.0,-2.5,-1.375,257.0625,0.6231689453125,-0.009521484375,0.0234375,0.78167724609375,0.001090830782496456,0.0,-0.001090830782496456,21.5,-5.5,-38.75,,,False,,,False,,,,,,,,,,,,,,
42.4515814781189,42.441293478012085,0.12658095359802246,odometry_only,1467,-4,0.0,True,,,N/A,False,37,-0.4830859375000015,0.25933593750000045,11.108769531249997,-0.0171483852970442,0.008184894839426658,-0.014187509080675531,-0.004354441255070079,-0.019205974121750728,-0.013210391180180478,0.009246985121737668,0.09907826439800817,-0.2231486772652882,-0.31275670607480466,2.513693014254891,-6.237158356310032,-0.4169140624999985,0.24066406249999955,8.561230468750004,357.5,358.625,257.0625,360.0,360.0,0.0,-2.5,-1.375,257.0625,0.6231689453125,-0.009521484375,0.0234375,0.78167724609375,0.0,0.001090830782496456,0.001090830782496456,20.75,-5.5,-39.1875,,,False,,,False,,,,,,,,,,,,,,
42.57474207878113,42.564454078674316,0.12314867973327637,odometry_only,1465,-5,0.0,True,,,N/A,False,37,-0.4230859375000015,0.23933593750000043,11.078769531249996,-0.020620765336920633,0.00628973676549168,-0.012482177141663574,-0.0017080135782431799,-0.022083471714570525,-0.011401072954055418,0.008873693467405094,0.09653589402717737,-0.2246641119225052,-0.31164093725274267,2.5257378269284896,-6.264732133188109,-0.4169140624999985,0.24066406249999955,8.561230468750004,357.5,358.625,257.0625,360.0,360.0,0.0,-2.5,-1.375,257.0625,0.6231689453125,-0.009521484375,0.0234375,0.78167724609375,-0.001090830782496456,0.0,0.002181661564992912,21.0625,-5.875,-39.5625,,,False,,,False,,,,,,,,,,,,,,
42.702096939086914,42.6918089389801,0.12734317779541016,odometry_only,1471,-4,0.0,True,,,N/A,False,37,-0.43308593750000146,0.19933593750000045,11.068769531249997,-0.026104458899189924,0.007587474103000272,-0.013855404271668753,-0.0017689421119918712,-0.027778428767744327,-0.012498580087927917,0.008652310174080911,0.09336110759800914,-0.22618584080579215,-0.3105250287538623,2.5378288707488754,-6.293438466032775,-0.4169140624999985,0.24066406249999955,8.561230468750004,357.5,358.625,257.0625,360.0,360.0,0.0,-2.5,-1.375,257.0625,0.6231689453125,-0.009521484375,0.0234375,0.78167724609375,-0.001090830782496456,-0.002181661564992912,0.0,21.875,-5.875,-39.1875,,,False,,,False,,,,,,,,,,,,,,
42.825568437576294,42.81528043746948,0.1234593391418457,odometry_only,1465,-5,0.0,True,,,N/A,False,37,-0.4230859375000015,0.27933593750000046,11.118769531249997,-0.016026890150831117,0.010107471012927059,-0.014377206575992073,-0.0064813070586750956,-0.018550314135456377,-0.01340166972432067,0.008143025018897859,0.09050124960695832,-0.22778465466850661,-0.30948825826206683,2.549178633305669,-6.3214619147133515,-0.4169140624999985,0.24066406249999955,8.561230468750004,357.5,358.625,257.0625,360.0,360.0,0.0,-2.5,-1.375,257.0625,0.6231689453125,-0.009521484375,0.0234375,0.78167724609375,-0.004363323129985824,0.001090830782496456,0.0,19.6875,-5.875,-38.75,,,False,,,False,,,,,,,,,,,,,,
42.954097270965576,42.943809270858765,0.12851738929748535,odometry_only,1467,-4,0.0,True,,,N/A,False,37,-0.43308593750000146,0.18933593750000044,11.088769531249996,-0.01407387980403434,0.0008174495866365428,-0.012526289218809262,0.002164227659333322,-0.014494268508588117,-0.011869394980279419,0.007865615132001178,0.08837784786103953,-0.22940854029880814,-0.3084595639428686,2.560673170608908,-6.3508405526242395,-0.4169140624999985,0.24066406249999955,8.561230468750004,357.5,358.625,257.0625,360.0,360.0,0.0,-2.5,-1.375,257.0625,0.6231689453125,-0.009521484375,0.0234375,0.78167724609375,0.0,0.001090830782496456,0.001090830782496456,21.5,-6.1875,-39.5625,,,False,,,False,,,,,,,,,,,,,,
43.07613134384155,43.06584334373474,0.12202239036560059,odometry_only,1471,-4,0.0,True,,,N/A,False,37,-0.4130859375000015,0.22933593750000048,11.088769531249996,-0.003254091876471181,0.005405995718315929,-0.005779898522119044,-0.004625810364795602,-0.004650498329602643,-0.00549507728137397,0.007715431029099613,0.08720980275474546,-0.2304679675052102,-0.3075089456943815,2.5713859830323167,-6.3788981680018555,-0.4169140624999985,0.24066406249999955,8.561230468750004,357.5,358.625,257.0625,360.0,360.0,0.0,-2.5,-1.375,257.0625,0.6231689453125,-0.009521484375,0.0234375,0.78167724609375,0.001090830782496456,0.002181661564992912,0.0,20.375,-5.875,-39.1875,,,False,,,False,,,,,,,,,,,,,,
43.19969415664673,43.18940615653992,0.1235496997833252,odometry_only,1461,-5,0.0,True,,,N/A,False,37,-0.4830859375000015,0.20933593750000046,11.088769531249996,-0.011127020231704697,-0.004938650436944852,-0.00513129957550414,0.007222970766508516,-0.009986803783882612,-0.0047564194723616875,0.00787587022306,0.08630558561386599,-0.2311012521783371,-0.3065457953999136,2.582104870102681,-6.407411537262418,-0.4169140624999985,0.24066406249999955,8.561230468750004,357.5,358.625,257.0625,360.0,360.0,0.0,-2.5,-1.375,257.0625,0.6231689453125,-0.009521484375,0.0234375,0.78167724609375,-0.001090830782496456,-0.002181661564992912,0.0,21.875,-5.0625,-40.375,,,False,,,False,,,,,,,,,,,,,,
43.32489776611328,43.31460976600647,0.12518978118896484,odometry_only,1465,-5,0.0,True,,,N/A,False,37,-0.4230859375000015,0.27933593750000046,11.088769531249996,-0.00811348467597932,0.005253244816226968,-0.006913812377514932,-0.0034088522964599867,-0.009403580142191784,-0.006417041593159669,0.008114614551407082,0.08509184665342835,-0.23180065375129513,-0.3055448727549031,2.5928334736236276,-6.436386831420061,-0.4169140624999985,0.24066406249999955,8.561230468750004,357.5,358.625,257.0625,360.0,360.0,0.0,-2.5,-1.375,257.0625,0.6231689453125,-0.009521484375,0.0234375,0.78167724609375,-0.001090830782496456,-0.003272492347489368,0.002181661564992912,21.0625,-6.5625,-39.5625,,,False,,,False,,,,,,,,,,,,,,
43.450045347213745,43.439757347106934,0.1251354217529297,odometry_only,1465,-5,0.0,True,,,N/A,False,37,-0.4230859375000015,0.17933593750000043,11.078769531249996,-0.015092853958847706,-0.005049640302987918,-0.01168157467342321,0.008122244860811739,-0.01414176572366468,-0.011126180625058503,0.008409520734620722,0.08361866826080708,-0.2328982930068862,-0.3045109954358433,2.603389304342601,-6.465461980765425,-0.4169140624999985,0.24066406249999955,8.561230468750004,357.5,358.625,257.0625,360.0,360.0,0.0,-2.5,-1.375,257.0625,0.6231689453125,-0.009521484375,0.0234375,0.78167724609375,-0.001090830782496456,-0.004363323129985824,0.001090830782496456,20.75,-5.875,-38.75,,,False,,,False,,,,,,,,,,,,,,
43.57569622993469,43.56540822982788,0.12563824653625488,odometry_only,1467,-4,0.0,True,,,N/A,False,37,-0.3930859375000015,0.20933593750000046,11.078769531249996,-0.0055656469156809985,-0.00293863997057453,-0.0196600740654318,0.0038245065785184806,-0.005720410055478279,-0.01946228663217668,0.009160005185941686,0.08237094379216388,-0.23481983370210152,-0.30340729322127696,2.613816626243385,-6.494843623421894,-0.4169140624999985,0.24066406249999955,8.561230468750004,357.5,358.625,257.0625,360.0,360.0,0.0,-2.5,-1.375,257.0625,0.6231689453125,-0.009521484375,0.0234375,0.78167724609375,-0.002181661564992912,-0.001090830782496456,-0.002181661564992912,22.25,-6.1875,-40.375,,,False,,,False,,,,,,,,,,,,,,
43.69922351837158,43.68893551826477,0.12351536750793457,odometry_only,1461,-5,0.0,True,,,N/A,False,37,-0.4630859375000015,0.23933593750000043,11.068769531249997,-0.00797741546760076,-0.012261666090656686,-0.020706211473587696,0.013434659393420272,-0.006047933665444437,-0.020631704529960156,0.010225891299893913,0.08164415814233915,-0.23729594572872711,-0.3022100651568176,2.623945819039531,-6.524000400423241,-0.4169140624999985,0.24066406249999955,8.561230468750004,357.5,358.625,257.0625,360.0,360.0,0.0,-2.5,-1.375,257.0625,0.6231689453125,-0.009521484375,0.0234375,0.78167724609375,0.003272492347489368,0.002181661564992912,-0.002181661564992912,20.75,-5.875,-40.0625,,,False,,,False,,,,,,,,,,,,,,
43.82355356216431,43.813265562057495,0.12431740760803223,odometry_only,1465,-5,0.0,True,,,N/A,False,37,-0.4230859375000015,0.27933593750000046,11.078769531249996,-0.008924808956447663,0.004399827571109979,-0.023149533753676697,-0.002628591049209212,-0.01079155611603293,-0.022617348126332888,0.010897582501387683,0.08059743728480154,-0.23998425078259394,-0.30089705740549183,2.6340305463143774,-6.553667518789711,-0.4169140624999985,0.24066406249999955,8.561230468750004,357.5,358.625,257.0625,360.0,360.0,0.0,-2.5,-1.375,257.0625,0.6231689453125,-0.009521484375,0.0234375,0.78167724609375,0.002181661564992912,0.001090830782496456,-0.002181661564992912,20.75,-6.1875,-38.75,,,False,,,False,,,,,,,,,,,,,,
43.94670820236206,43.93642020225525,0.12314224243164062,odometry_only,1465,-5,0.0,True,,,N/A,False,37,-0.43308593750000146,0.22933593750000048,11.038769531249997,-0.01334286369473638,0.00682878617405757,-0.02612442737005133,-0.0040528300543046306,-0.01577788148349781,-0.02533343762784716,0.010486199912729291,0.07896152722172466,-0.2429366344246584,-0.29958043394641953,2.6438547706590794,-6.583401499150457,-0.4169140624999985,0.24066406249999955,8.561230468750004,357.5,358.625,257.0625,360.0,360.0,0.0,-2.5,-1.375,257.0625,0.6231689453125,-0.009521484375,0.0234375,0.78167724609375,-0.001090830782496456,-0.003272492347489368,0.002181661564992912,19.6875,-6.1875,-39.1875,,,False,,,False,,,,,,,,,,,,,,
44.07068371772766,44.06039571762085,0.12396383285522461,odometry_only,1461,-5,0.0,True,,,N/A,False,37,-0.37308593750000146,0.21933593750000047,11.108769531249997,-0.002900986288319021,0.01184499430921773,-0.023235030658034898,-0.011230629604948623,-0.006584247676857376,-0.022783917628811913,0.009538901793404672,0.07757547960096405,-0.24591904031689438,-0.2983392397660155,2.6535572343337916,-6.613701710727452,-0.4169140624999985,0.24066406249999955,8.561230468750004,357.5,358.625,257.0625,360.0,360.0,0.0,-2.5,-1.375,257.0625,0.6231689453125,-0.009521484375,0.0234375,0.78167724609375,0.001090830782496456,0.002181661564992912,-0.001090830782496456,21.875,-6.1875,-39.1875,,,False,,,False,,,,,,,,,,,,,,
44.19533586502075,44.18504786491394,0.12463998794555664,odometry_only,1471,-4,0.0,True,,,N/A,False,37,-0.4030859375000015,0.22933593750000048,11.058769531249997,0.005258961318318812,0.0036381608544128283,-0.026171842340404185,-0.005094453135363125,0.003043092413359837,-0.026280113315137524,0.008521522735423337,0.07735479482628621,-0.2489767104296015,-0.2972137142182331,2.6632124881022987,-6.644543610931127,-0.4169140624999985,0.24066406249999955,8.561230468750004,357.5,358.625,257.0625,360.0,360.0,0.0,-2.5,-1.375,257.0625,0.6231689453125,-0.009521484375,0.0234375,0.78167724609375,0.0,0.002181661564992912,-0.002181661564992912,20.75,-5.875,-38.375,,,False,,,False,,,,,,,,,,,,,,
44.318387269973755,44.30809926986694,0.12303924560546875,odometry_only,1461,-5,0.0,True,,,N/A,False,37,-0.44308593750000147,0.23933593750000043,11.098769531249998,0.008422611772091288,0.004504673899978929,-0.017189604768456285,-0.006516284175046719,0.006366973899544237,-0.017427411512235976,0.0078072345556252885,0.07793369855640479,-0.2516655808706227,-0.29620917522885043,2.672765777640807,-6.675342935851013,-0.4169140624999985,0.24066406249999955,8.561230468750004,357.5,358.625,257.0625,360.0,360.0,0.0,-2.5,-1.375,257.0625,0.6231689453125,-0.009521484375,0.0234375,0.78167724609375,-0.001090830782496456,0.001090830782496456,0.0,20.375,-5.875,-39.5625,,,False,,,False,,,,,,,,,,,,,,
44.43864583969116,44.42835783958435,0.12024688720703125,odometry_only,1467,-4,0.0,True,,,N/A,False,37,-0.4230859375000015,0.19933593750000045,11.108769531249997,-0.0023813562972274972,0.0008301673271570568,-0.01569960183599874,-0.0005026822330002905,-0.003264977878366193,-0.015553930803521151,0.007385230124636103,0.07812020123924242,-0.25364853274531235,-0.2952957519354483,2.682148275484279,-6.7057241604630615,-0.4169140624999985,0.24066406249999955,8.561230468750004,357.5,358.625,257.0625,360.0,360.0,0.0,-2.5,-1.375,257.0625,0.6231689453125,-0.009521484375,0.0234375,0.78167724609375,0.001090830782496456,-0.002181661564992912,0.001090830782496456,20.375,-6.5625,-40.0625,,,False,,,False,,,,,,,,,,,,,,
44.56006908416748,44.54978108406067,0.12141180038452148,odometry_only,1467,-4,0.0,True,,,N/A,False,37,-0.4030859375000015,0.23933593750000043,11.128769531249997,-0.006700400088340207,-0.004665910589426992,-0.003022530449731175,0.005999595421980635,-0.005634526803656864,-0.002838791250396878,0.0077189251880518655,0.07757994879625497,-0.2547650794945815,-0.29437884059054786,2.691600193252254,-6.736587866464084,-0.4169140624999985,0.24066406249999955,8.561230468750004,357.5,358.625,257.0625,360.0,360.0,0.0,-2.5,-1.375,257.0625,0.6231689453125,-0.009521484375,0.0234375,0.78167724609375,0.001090830782496456,0.001090830782496456,-0.001090830782496456,20.75,-5.875,-39.5625,,,False,,,False,,,,,,,,,,,,,,
44.68244457244873,44.67215657234192,0.12236356735229492,odometry_only,1467,-4,0.0,True,,,N/A,False,37,-0.4530859375000015,0.23933593750000043,11.098769531249998,-0.012455297734960642,-0.006848689059100044,0.004031984443325346,0.009512309661114254,-0.010411320012125103,0.00440638883465425,0.008667971209250709,0.0765982352674712,-0.2546691710782902,-0.29337626104004466,2.7010330895572223,-6.767755962579853,-0.4169140624999985,0.24066406249999955,8.561230468750004,357.5,358.625,257.0625,360.0,360.0,0.0,-2.5,-1.375,257.0625,0.6231689453125,-0.009521484375,0.0234375,0.78167724609375,-0.003272492347489368,-0.003272492347489368,-0.001090830782496456,20.75,-6.5625,-38.375,,,False,,,False,,,,,,,,,,,,,,
44.809598207473755,44.79931020736694,0.12714195251464844,odometry_only,1471,-4,0.0,True,,,N/A,False,37,-0.4130859375000015,0.25933593750000045,11.078769531249996,-0.01475718049541135,0.0066293015573479774,0.008903850167096744,-0.0030410059925093853,-0.015411640134147364,0.009707429836963759,0.009079358301121524,0.07495664448111868,-0.25377194184661656,-0.2922480459771099,2.7106675812194014,-6.80007806049785,-0.4169140624999985,0.24066406249999955,8.561230468750004,357.5,358.625,257.0625,360.0,360.0,0.0,-2.5,-1.375,257.0625,0.6231689453125,-0.009521484375,0.0234375,0.78167724609375,0.001090830782496456,0.00545415391248228,0.001090830782496456,21.0625,-6.1875,-38.75,,,False,,,False,,,,,,,,,,,,,,
44.93315839767456,44.92287039756775,0.12354826927185059,odometry_only,1467,-4,0.0,True,,,N/A,False,37,-0.4030859375000015,0.19933593750000045,11.078769531249996,-0.009551133108088269,0.013787706842102405,0.008731075727191687,-0.011182316472532991,-0.011941181244288536,0.009482651304635327,0.008200724864195815,0.07326694761061477,-0.2525864911905011,-0.2911805837931356,2.7198239653534966,-6.831357914514322,-0.4169140624999985,0.24066406249999955,8.561230468750004,357.5,358.625,257.0625,360.0,360.0,0.0,-2.5,-1.375,257.0625,0.6231689453125,-0.009521484375,0.0234375,0.78167724609375,-0.001090830782496456,-0.001090830782496456,0.0,20.0625,-5.875,-37.875,,,False,,,False,,,,,,,,,,,,,,
45.058467388153076,45.048179388046265,0.12529683113098145,odometry_only,1467,-4,0.0,True,,,N/A,False,37,-0.4130859375000015,0.21933593750000047,11.068769531249997,0.0006540111289768148,0.012530339453703956,-0.0015299674174134685,-0.01238094212411015,-0.002221856599810119,-0.0012464200935227957,0.006724524047556194,0.07237965573008791,-0.25207050435489387,-0.2902455405968938,2.7289484942852873,-6.862973875689281,-0.4169140624999985,0.24066406249999955,8.561230468750004,357.5,358.625,257.0625,360.0,360.0,0.0,-2.5,-1.375,257.0625,0.6231689453125,-0.009521484375,0.0234375,0.78167724609375,-0.002181661564992912,0.002181661564992912,-0.001090830782496456,20.75,-6.5625,-39.1875,,,False,,,False,,,,,,,,,,,,,,
45.18214726448059,45.17185926437378,0.12366819381713867,odometry_only,1471,-4,0.0,True,,,N/A,False,37,-0.4230859375000015,0.26933593750000046,11.098769531249998,0.012710617417529652,0.0019033275630408238,-0.007523509767058737,-0.004799147547430664,0.011589545057007116,-0.008027221085261034,0.005662208717908228,0.07295889828595951,-0.2526439315822381,-0.2894796181626935,2.737935372518867,-6.894182437032172,-0.4169140624999985,0.24066406249999955,8.561230468750004,357.5,358.625,257.0625,360.0,360.0,0.0,-2.5,-1.375,257.0625,0.6231689453125,-0.009521484375,0.0234375,0.78167724609375,0.0,-0.001090830782496456,-0.002181661564992912,21.5,-5.875,-38.75,,,False,,,False,,,,,,,,,,,,,,
45.30542349815369,45.295135498046875,0.12326478958129883,odometry_only,1465,-5,0.0,True,,,N/A,False,37,-0.4130859375000015,0.20933593750000046,11.058769531249997,0.009322635329332012,-0.0002265517516809451,-0.015944057948543658,-0.0020878332510985077,0.008355205463624654,-0.016340359023676355,0.005237747598417656,0.0741881410240481,-0.25414576389960486,-0.2888078277518049,2.7470043969378968,-6.925417099619942,-0.4169140624999985,0.24066406249999955,8.561230468750004,357.5,358.625,257.0625,360.0,360.0,0.0,-2.5,-1.375,257.0625,0.6231689453125,-0.009521484375,0.0234375,0.78167724609375,-0.001090830782496456,0.0,-0.001090830782496456,21.5,-6.5625,-38.375,,,False,,,False,,,,,,,,,,,,,,
45.430092573165894,45.41980457305908,0.12465786933898926,odometry_only,1462,-5,0.0,True,,,N/A,False,-110,-0.4130859375000015,0.21933593750000047,11.088769531249996,0.007987636121629078,-0.0010658086083100416,-0.013158449118305974,-0.0009320296505152545,0.00737682378950022,-0.01352023866318093,0.005049522760912141,0.0751687016475847,-0.25600694314202105,-0.2881666331496508,2.756313649827219,-6.957214374368605,-0.4169140624999985,0.24066406249999955,8.561230468750004,357.5,358.625,257.0625,360.0,360.0,0.0,-2.5,-1.375,257.0625,0.6231689453125,-0.009521484375,0.0234375,0.78167724609375,0.0,-0.002181661564992912,-0.001090830782496456,21.5,-6.5625,-38.75,,,False,,,False,,,,,,,,,,,,,,
45.55456352233887,45.544275522232056,0.12445831298828125,odometry_only,1465,-5,0.0,True,,,N/A,False,-91,-0.43308593750000146,0.20933593750000046,11.078769531249996,-0.0006653066593040897,-0.001392609251093632,-0.012073752878918992,0.0013328422218571291,-0.0009240762031646945,-0.012063462058660032,0.005074464989138994,0.07557025068695196,-0.2575989952579397,-0.2875366259316081,2.765694007681808,-6.989175638685616,-0.4169140624999985,0.24066406249999955,8.561230468750004,357.5,358.625,257.0625,360.0,360.0,0.0,-2.5,-1.375,257.0625,0.6231689453125,-0.009521484375,0.0234375,0.78167724609375,-0.003272492347489368,0.0,-0.001090830782496456,20.75,-5.875,-38.375,,,False,,,False,,,,,,,,,,,,,,
45.67948293685913,45.66919493675232,0.12490653991699219,odometry_only,1465,-5,0.0,True,,,N/A,False,37,-0.4530859375000015,0.23933593750000043,11.098769531249998,-0.010153210178114524,0.0005158798426957837,-0.005541732898083446,0.0016833669575632502,-0.010270541111190013,-0.005074137701748792,0.0052628371152726285,0.07487111022973651,-0.2586692944022172,-0.28689102761263874,2.7750895626080614,-7.021418281550773,-0.4169140624999985,0.24066406249999955,8.561230468750004,357.5,358.625,257.0625,360.0,360.0,0.0,-2.5,-1.375,257.0625,0.6231689453125,-0.009521484375,0.0234375,0.78167724609375,0.001090830782496456,-0.002181661564992912,-0.001090830782496456,21.0625,-6.5625,-38.375,,,False,,,False,,,,,,,,,,,,,,
45.803895711898804,45.79360771179199,0.12440085411071777,odometry_only,1465,-5,0.0,True,,,N/A,False,37,-0.4230859375000015,0.25933593750000045,11.078769531249996,-0.01587262257142215,0.0073561478680178195,-0.003003731820807083,-0.0036711346241903604,-0.01723698086841764,-0.002117716863786751,0.005139197117521588,0.07316013061537024,-0.2591166308275135,-0.2862440166411145,2.7842971690061615,-7.053624787223316,-0.4169140624999985,0.24066406249999955,8.561230468750004,357.5,358.625,257.0625,360.0,360.0,0.0,-2.5,-1.375,257.0625,0.6231689453125,-0.009521484375,0.0234375,0.78167724609375,-0.001090830782496456,-0.002181661564992912,0.0,20.75,-6.1875,-39.5625,,,False,,,False,,,,,,,,,,,,,,
45.92870569229126,45.91841769218445,0.12479758262634277,odometry_only,1465,-5,0.0,True,,,N/A,False,37,-0.44308593750000147,0.20933593750000046,11.098769531249998,-0.01607125697371525,0.0018862992882926737,-0.004047793369209731,0.0016895914385047447,-0.016265537001853805,-0.0032871938933197813,0.005015551217799954,0.07106961399431738,-0.2594538907259125,-0.285610372618901,2.7932969307412137,-7.085982960978891,-0.4169140624999985,0.24066406249999955,8.561230468750004,357.5,358.625,257.0625,360.0,360.0,0.0,-2.5,-1.375,257.0625,0.6231689453125,-0.009521484375,0.0234375,0.78167724609375,0.002181661564992912,0.003272492347489368,0.002181661564992912,19.25,-6.5625,-39.1875,,,False,,,False,,,,,,,,,,,,,,
46.05949592590332,46.04920792579651,0.13077473640441895,odometry_only,1462,-5,0.0,True,,,N/A,False,37,-0.4530859375000015,0.25933593750000045,11.078769531249996,-0.012005372919517525,-0.00028208396959376316,-0.004461685188839052,0.0028898889980541673,-0.011844440675769173,-0.003933567297505206,0.005314991391280047,0.06923157653375477,-0.2599260372965972,-0.28493488562559244,2.802470856345481,-7.119943847569336,-0.4169140624999985,0.24066406249999955,8.561230468750004,357.5,358.625,257.0625,360.0,360.0,0.0,-2.5,-1.375,257.0625,0.6231689453125,-0.009521484375,0.0234375,0.78167724609375,0.002181661564992912,0.003272492347489368,-0.001090830782496456,20.375,-6.1875,-39.1875,,,False,,,False,,,,,,,,,,,,,,
46.18792796134949,46.177639961242676,0.1284170150756836,odometry_only,1471,-4,0.0,True,,,N/A,False,37,-0.4230859375000015,0.24933593750000044,11.098769531249998,-0.012535854464756177,-0.0031547572839450964,-0.0025591633180132092,0.00583545608355102,-0.011630360370931936,-0.002081256233532934,0.005875232776722565,0.06772429459379832,-0.26031224013862864,-0.2842163780327511,2.8112645884291263,-7.153347570927509,-0.4169140624999985,0.24066406249999955,8.561230468750004,357.5,358.625,257.0625,360.0,360.0,0.0,-2.5,-1.375,257.0625,0.6231689453125,-0.009521484375,0.0234375,0.78167724609375,-0.001090830782496456,0.001090830782496456,0.001090830782496456,20.0625,-6.1875,-38.75,,,False,,,False,,,,,,,,,,,,,,
46.32207751274109,46.31178951263428,0.13413476943969727,odometry_only,1471,-4,0.0,True,,,N/A,False,37,-0.3930859375000015,0.25933593750000045,11.088769531249996,-0.012742178495571637,0.004096512514589649,-0.0018192017027099574,-0.0011755826826740459,-0.013406769442698809,-0.0011534994134610463,0.00618775829884497,0.06604511977630675,-0.2605291867400803,-0.2834073447694139,2.820236153206435,-7.1882790432820185,-0.4169140624999985,0.24066406249999955,8.561230468750004,357.5,358.625,257.0625,360.0,360.0,0.0,-2.5,-1.375,257.0625,0.6231689453125,-0.009521484375,0.0234375,0.78167724609375,0.0,-0.003272492347489368,0.002181661564992912,20.375,-5.875,-40.0625,,,False,,,False,,,,,,,,,,,,,,
46.449934244155884,46.43964624404907,0.12784051895141602,odometry_only,1467,-4,0.0,True,,,N/A,False,37,-0.43308593750000146,0.20933593750000046,11.048769531249997,-0.010763146858993369,-0.0014699281171611494,-0.005657581316148337,0.0037533379869575554,-0.010428821213159335,-0.005212138465767164,0.006352529086759655,0.06452154263682754,-0.260936079965049,-0.2826057663458261,2.8285820081467596,-7.221611238437379,-0.4169140624999985,0.24066406249999955,8.561230468750004,357.5,358.625,257.0625,360.0,360.0,0.0,-2.5,-1.375,257.0625,0.6231689453125,-0.009521484375,0.0234375,0.78167724609375,0.0,0.002181661564992912,-0.001090830782496456,20.0625,-5.5,-40.0625,,,False,,,False,,,,,,,,,,,,,,
46.579922676086426,46.569634675979614,0.1299750804901123,odometry_only,1471,-4,0.0,True,,,N/A,False,37,-0.3930859375000015,0.22933593750000048,11.098769531249998,-0.005864058682642869,-0.0036190761634594523,-0.009207043729975294,0.004704048308240901,-0.005352735300319602,-0.009026333977563939,0.006902153818986851,0.06349593809777819,-0.26186140326598806,-0.28174437710705347,2.8369015493280707,-7.2555865609188706,-0.4169140624999985,0.24066406249999955,8.561230468750004,357.5,358.625,257.0625,360.0,360.0,0.0,-2.5,-1.375,257.0625,0.6231689453125,-0.009521484375,0.0234375,0.78167724609375,0.0,0.0,-0.002181661564992912,20.5,-6.1875,-39.1875,,,False,,,False,,,,,,,,,,,,,,
46.70896577835083,46.69867777824402,0.12903070449829102,odometry_only,1471,-4,0.0,True,,,N/A,False,37,-0.43308593750000146,0.25933593750000045,11.088769531249996,-0.006070560324610288,-0.00030940934813615886,-0.0105512142465833,0.0015049999641801603,-0.006354506275551516,-0.010277683784712537,0.007302732755414044,0.06274064128364502,-0.2631068087717451,-0.2808279438460468,2.8450457467135903,-7.289455070038089,-0.4169140624999985,0.24066406249999955,8.561230468750004,357.5,358.625,257.0625,360.0,360.0,0.0,-2.5,-1.375,257.0625,0.6231689453125,-0.009521484375,0.0234375,0.78167724609375,0.002181661564992912,0.0,0.003272492347489368,21.0625,-5.875,-39.5625,,,False,,,False,,,,,,,,,,,,,,
46.833927392959595,46.82363939285278,0.12494945526123047,odometry_only,1467,-4,0.0,True,,,N/A,False,37,-0.3930859375000015,0.22933593750000048,11.098769531249998,-0.00411196697510106,0.009083178310466532,-0.006984867163386407,-0.008035728734021572,-0.006361486914812461,-0.006569575165876016,0.006894727254288779,0.06194621307252428,-0.26415933668600555,-0.2799409613988941,2.85283552397861,-7.322395878864406,-0.4169140624999985,0.24066406249999955,8.561230468750004,357.5,358.625,257.0625,360.0,360.0,0.0,-2.5,-1.375,257.0625,0.6231689453125,-0.009521484375,0.0234375,0.78167724609375,0.003272492347489368,0.003272492347489368,0.0,20.0625,-6.1875,-38.75,,,False,,,False,,,,,,,,,,,,,,
46.9583740234375,46.94808602333069,0.12443304061889648,odometry_only,1471,-4,0.0,True,,,N/A,False,37,-0.4230859375000015,0.20933593750000046,11.078769531249996,-0.007417374415172889,0.01273176099939351,-0.003566392632566475,-0.010805398494103148,-0.01022522481258502,-0.0029193284648857806,0.005722497879447259,0.06091424558546969,-0.26474970325146324,-0.27915596155511213,2.8604794741999333,-7.355302758889526,-0.4169140624999985,0.24066406249999955,8.561230468750004,357.5,358.625,257.0625,360.0,360.0,0.0,-2.5,-1.375,257.0625,0.6231689453125,-0.009521484375,0.0234375,0.78167724609375,0.002181661564992912,0.001090830782496456,0.0,21.0625,-5.875,-38.375,,,False,,,False,,,,,,,,,,,,,,
47.08464026451111,47.0743522644043,0.12625503540039062,odometry_only,1471,-4,0.0,True,,,N/A,False,37,-0.4030859375000015,0.21933593750000047,11.108769531249997,-0.0025801262468399897,0.008029131447925594,-0.00018079089049355661,-0.007252709265146945,-0.004305512574637464,0.00013213019592858203,0.004582534362243164,0.05999695620386092,-0.2649256521595208,-0.27850543044987375,2.868112298231041,-7.38873984926359,-0.4169140624999985,0.24066406249999955,8.561230468750004,357.5,358.625,257.0625,360.0,360.0,0.0,-2.5,-1.375,257.0625,0.6231689453125,-0.009521484375,0.0234375,0.78167724609375,0.0,-0.003272492347489368,0.0,21.0625,-5.875,-39.5625,,,False,,,False,,,,,,,,,,,,,,
47.206209659576416,47.195921659469604,0.12155771255493164,odometry_only,1467,-4,0.0,True,,,N/A,False,37,-0.4230859375000015,0.23933593750000043,11.088769531249996,-0.0067810953955125845,0.00623779703833,-0.0009056687451654909,-0.004579714385489318,-0.008033458931636338,-0.0004509504090968794,0.0038633731857670556,0.05924700762806936,-0.26494502968743533,-0.27799209784888046,2.8753598099707376,-7.420944783281209,-0.4169140624999985,0.24066406249999955,8.561230468750004,357.5,358.625,257.0625,360.0,360.0,0.0,-2.5,-1.375,257.0625,0.6231689453125,-0.009521484375,0.0234375,0.78167724609375,0.0,-0.002181661564992912,0.0,21.0625,-5.875,-38.75,,,False,,,False,,,,,,,,,,,,,,
47.33158469200134,47.32129669189453,0.12536334991455078,odometry_only,1471,-4,0.0,True,,,N/A,False,37,-0.4230859375000015,0.23933593750000043,11.098769531249998,-0.004385344912048372,0.0055204548038012505,-0.0032349641099755047,-0.004448487448975781,-0.0056540850171512,-0.0029006802764871714,0.003297470372930437,0.058389049447308036,-0.2651551155126459,-0.2775432441805143,2.882733435063592,-7.454172348277445,-0.4169140624999985,0.24066406249999955,8.561230468750004,357.5,358.625,257.0625,360.0,360.0,0.0,-2.5,-1.375,257.0625,0.6231689453125,-0.009521484375,0.0234375,0.78167724609375,-0.003272492347489368,0.0,-0.001090830782496456,20.0625,-5.875,-37.875,,,False,,,False,,,,,,,,,,,,,,
47.454551219940186,47.444263219833374,0.1229548454284668,odometry_only,1465,-5,0.0,True,,,N/A,False,37,-0.4230859375000015,0.24933593750000044,11.068769531249997,-0.005485734633779771,0.009291267352274452,-8.533987165341072e-05,-0.007833168619158877,-0.007410804895050606,0.00038685471265623877,0.002542425811198893,0.057585853687460685,-0.2653096590294634,-0.2771842224141953,2.88986327320785,-7.486783955456981,-0.4169140624999985,0.24066406249999955,8.561230468750004,357.5,358.625,257.0625,360.0,360.0,0.0,-2.5,-1.375,257.0625,0.6231689453125,-0.009521484375,0.0234375,0.78167724609375,0.001090830782496456,0.004363323129985824,-0.002181661564992912,21.0625,-5.875,-38.75,,,False,,,False,,,,,,,,,,,,,,
47.57987332344055,47.56958532333374,0.12530970573425293,odometry_only,1467,-4,0.0,True,,,N/A,False,37,-0.43308593750000146,0.22933593750000048,11.088769531249996,-0.003882629439477092,0.00874520952891802,0.003200070475964888,-0.00761158551642693,-0.005569004070516434,0.0035838403576060715,0.0015747370132648212,0.056772605666479674,-0.2650608757140559,-0.27692626218319855,2.8970283856527828,-7.520014243276395,-0.4169140624999985,0.24066406249999955,8.561230468750004,357.5,358.625,257.0625,360.0,360.0,0.0,-2.5,-1.375,257.0625,0.6231689453125,-0.009521484375,0.0234375,0.78167724609375,0.003272492347489368,0.002181661564992912,0.0,20.5,-6.1875,-38.75,,,False,,,False,,,,,,,,,,,,,,
47.70256066322327,47.692272663116455,0.12267565727233887,odometry_only,1465,-5,0.0,True,,,N/A,False,37,-0.4130859375000015,0.22933593750000048,11.078769531249996,-0.0032651384966450384,0.008534876631623747,0.0004219245125170112,-0.007584162698031431,-0.0050557206042434666,0.0007768102440042237,0.0006426628132879967,0.05612090812507277,-0.2647934028747121,-0.27679025169261956,2.903953028655864,-7.552514354218614,-0.4169140624999985,0.24066406249999955,8.561230468750004,357.5,358.625,257.0625,360.0,360.0,0.0,-2.5,-1.375,257.0625,0.6231689453125,-0.009521484375,0.0234375,0.78167724609375,0.0,0.001090830782496456,0.001090830782496456,21.0625,-5.5,-40.375,,,False,,,False,,,,,,,,,,,,,,
47.82630014419556,47.816012144088745,0.12372851371765137,odometry_only,1467,-4,0.0,True,,,N/A,False,37,-0.4230859375000015,0.20933593750000046,11.128769531249997,-0.005049976673297153,0.0023660147237013493,0.0013537867017898654,-0.0011598715664851145,-0.005377720052561648,0.0016333565113274356,0.00010171963156557231,0.055475451072358864,-0.26464429969948766,-0.27674420102584996,2.910856854485764,-7.5852676242414105,-0.4169140624999985,0.24066406249999955,8.561230468750004,357.5,358.625,257.0625,360.0,360.0,0.0,-2.5,-1.375,257.0625,0.6231689453125,-0.009521484375,0.0234375,0.78167724609375,0.001090830782496456,0.001090830782496456,0.0,21.5,-6.5625,-38.375,,,False,,,False,,,,,,,,,,,,,,
47.94715213775635,47.936864137649536,0.12084007263183594,odometry_only,1461,-5,0.0,True,,,N/A,False,37,-0.3930859375000015,0.20933593750000046,11.098769531249998,0.0022971037546644472,-0.0020360078916840723,0.0017151526879058676,0.0014964569407150397,0.002772537296883244,0.0015612226297044179,0.00012205613209995123,0.05531804583565117,-0.26445128311177246,-0.2767306804860827,2.9175510015925132,-7.617235598569459,-0.4169140624999985,0.24066406249999955,8.561230468750004,357.5,358.625,257.0625,360.0,360.0,0.0,-2.5,-1.375,257.0625,0.6231689453125,-0.009521484375,0.0234375,0.78167724609375,-0.001090830782496456,0.0,0.0,20.375,-6.1875,-39.1875,,,False,,,False,,,,,,,,,,,,,,
48.069040298461914,48.0587522983551,0.12187480926513672,odometry_only,1461,-5,0.0,True,,,N/A,False,37,-0.4030859375000015,0.23933593750000043,11.068769531249997,0.009257398203077655,-0.00580638356640237,0.003875724872105373,0.0036492125425784325,0.010493057526045974,0.00331869650148477,0.00043561987550886456,0.05612641675506771,-0.264153913505101,-0.27669669715755313,2.924342137903463,-7.64944742732658,-0.4169140624999985,0.24066406249999955,8.561230468750004,357.5,358.625,257.0625,360.0,360.0,0.0,-2.5,-1.375,257.0625,0.6231689453125,-0.009521484375,0.0234375,0.78167724609375,0.0,-0.002181661564992912,0.0,20.75,-6.5625,-40.0625,,,False,,,False,,,,,,,,,,,,,,
48.19078874588013,48.180500745773315,0.12173700332641602,odometry_only,1465,-5,0.0,True,,,N/A,False,37,-0.4230859375000015,0.24933593750000044,11.078769531249996,0.016037021833523936,-0.003263683561983171,-0.0013182959247842333,-0.0004163138552094698,0.01627798430527484,-0.0021046409570688804,0.0006324015746379652,0.05775592995930327,-0.26408001576317647,-0.2766316882921385,2.9312739857138568,-7.681600235128808,-0.4169140624999985,0.24066406249999955,8.561230468750004,357.5,358.625,257.0625,360.0,360.0,0.0,-2.5,-1.375,257.0625,0.6231689453125,-0.009521484375,0.0234375,0.78167724609375,-0.001090830782496456,-0.002181661564992912,0.0,19.6875,-5.5,-40.0625,,,False,,,False,,,,,,,,,,,,,,
48.31715130805969,48.30686330795288,0.12635135650634766,odometry_only,1455,-6,0.0,True,,,N/A,False,37,-0.43308593750000146,0.23933593750000043,11.088769531249996,0.008530054057850314,0.0018465947682615091,-0.00544673729724638,-0.0037812546393192355,0.007631906969236491,-0.005770163864118623,0.00036721733798196054,0.05926645355753017,-0.26457751189886636,-0.27656853668933906,2.938666954163336,-7.714998533002504,-0.4169140624999985,0.24066406249999955,8.561230468750004,357.5,358.625,257.0625,360.0,360.0,0.0,-2.5,-1.375,257.0625,0.6231689453125,-0.009521484375,0.0234375,0.78167724609375,-0.002181661564992912,-0.002181661564992912,0.001090830782496456,20.0625,-6.1875,-38.75,,,False,,,False,,,,,,,,,,,,,,
48.44026255607605,48.42997455596924,0.12309885025024414,odometry_only,1467,-4,0.0,True,,,N/A,False,37,-0.4230859375000015,0.24933593750000044,11.078769531249996,-0.0024397807202703337,0.00987507729915128,-0.005001418681174276,-0.00915229334523745,-0.004812894124926489,-0.004642784414183488,-0.00042883510529568463,0.059439962177517784,-0.26521842287925346,-0.2765723292274947,2.945973265810492,-7.747607168221724,-0.4169140624999985,0.24066406249999955,8.561230468750004,357.5,358.625,257.0625,360.0,360.0,0.0,-2.5,-1.375,257.0625,0.6231689453125,-0.009521484375,0.0234375,0.78167724609375,0.0,0.0,-0.001090830782496456,20.0625,-6.5625,-37.5625,,,False,,,False,,,,,,,,,,,,,,
48.57506275177002,48.56477475166321,0.13478946685791016,odometry_only,1465,-5,0.0,True,,,N/A,False,37,-0.3930859375000015,0.21933593750000047,11.108769531249997,-0.004802818343357397,0.00894659694322158,-0.00482040760924758,0.005371657389896476,0.008689406982455109,-0.004688762480855142,-0.0006836300576978124,0.05970121872818484,-0.2658473199947244,-0.2766473035206036,2.9540027539380427,-7.783398202395966,-0.4169140624999985,0.24066406249999955,8.561230468750004,357.5,358.625,257.0625,360.0,360.0,0.0,-2.5,-1.375,257.0625,-1.3768310546875,-0.009521484375,0.0234375,0.78167724609375,0.002181661564992912,0.002181661564992912,0.001090830782496456,20.0625,-6.1875,-39.5625,,,False,,,False,,,,,,,,,,,,,,
48.69776511192322,48.687477111816406,0.12269020080566406,odometry_only,1465,-5,0.0,True,,,N/A,False,37,-0.43308593750000146,0.24933593750000044,11.108769531249997,-0.005649047953064427,0.010636009491868922,-0.0007117625334904917,-0.009116396177271124,-0.007899054650378087,-0.0001982497430128927,-0.0009133514345916896,0.05974970297134972,-0.26614711425026744,-0.2767452705105896,2.9613304827229117,-7.816033454378473,-0.4169140624999985,0.24066406249999955,8.561230468750004,357.5,358.625,257.0625,360.0,360.0,0.0,-2.5,-1.375,257.0625,0.6231689453125,-0.009521484375,0.0234375,0.78167724609375,0.001090830782496456,0.0,0.0,20.75,-5.875,-38.75,,,False,,,False,,,,,,,,,,,,,,
48.82028245925903,48.80999445915222,0.12250423431396484,odometry_only,1471,-4,0.0,True,,,N/A,False,37,-0.4230859375000015,0.22933593750000048,11.078769531249996,-0.003961073750931787,0.0032174538123895917,0.0009037226754941895,-0.0022391772626578943,-0.0045283983438847,0.0011569453724708466,-0.0016089043493189396,0.05898849516458224,-0.26608839211325397,-0.2768997640173656,2.968603448746143,-7.848634005969357,-0.4169140624999985,0.24066406249999955,8.561230468750004,357.5,358.625,257.0625,360.0,360.0,0.0,-2.5,-1.375,257.0625,0.6231689453125,-0.009521484375,0.0234375,0.78167724609375,0.003272492347489368,0.004363323129985824,0.0,20.0625,-6.5625,-39.1875,,,False,,,False,,,,,,,,,,,,,,
48.94416856765747,48.93388056755066,0.12387394905090332,odometry_only,1467,-4,0.0,True,,,N/A,False,37,-0.4630859375000015,0.2893359375000004,11.088769531249996,-0.013441170836184128,0.012460586125473825,0.007631289858723527,-0.009036533678606063,-0.015487690378227231,0.008522932052367888,-0.002307287770644362,0.05774875918730161,-0.2654888497917822,-0.27714232110893655,2.9758338010951064,-7.881558292059539,-0.4169140624999985,0.24066406249999955,8.561230468750004,357.5,358.625,257.0625,360.0,360.0,0.0,-2.5,-1.375,257.0625,0.6231689453125,-0.009521484375,0.0234375,0.78167724609375,0.0,-0.004363323129985824,0.002181661564992912,20.375,-6.1875,-38.75,,,False,,,False,,,,,,,,,,,,,,
49.069705963134766,49.059417963027954,0.12552547454833984,odometry_only,1471,-4,0.0,True,,,N/A,False,37,-0.4230859375000015,0.19933593750000045,11.078769531249996,-0.015128332503873649,0.007934462049390592,0.00415618454196557,-0.004298316500171675,-0.016293398919175216,0.005014541776954776,-0.0031442194690054067,0.0557540910294418,-0.2646392008784765,-0.2774844726255669,2.982957550663129,-7.914830579625424,-0.4169140624999985,0.24066406249999955,8.561230468750004,357.5,358.625,257.0625,360.0,360.0,0.0,-2.5,-1.375,257.0625,0.6231689453125,-0.009521484375,0.0234375,0.78167724609375,0.0,0.001090830782496456,0.001090830782496456,19.6875,-6.1875,-38.75,,,False,,,False,,,,,,,,,,,,,,
49.19297814369202,49.182690143585205,0.1232600212097168,odometry_only,1471,-4,0.0,True,,,N/A,False,37,-0.3930859375000015,0.23933593750000043,11.098769531249998,-0.0056503178916885635,0.012267601286489559,0.0028174322127990327,-0.010655837181331831,-0.008091671132248597,0.0033669051260192314,-0.0040658441189831505,0.054251238903572335,-0.26412265221696213,-0.27792882892095633,2.989737180313492,-7.947418178239141,-0.4169140624999985,0.24066406249999955,8.561230468750004,357.5,358.625,257.0625,360.0,360.0,0.0,-2.5,-1.375,257.0625,0.6231689453125,-0.009521484375,0.0234375,0.78167724609375,0.002181661564992912,0.002181661564992912,0.002181661564992912,20.75,-6.5625,-39.5625,,,False,,,False,,,,,,,,,,,,,,
49.320683002471924,49.31039500236511,0.12769293785095215,odometry_only,1471,-4,0.0,True,,,N/A,False,37,-0.43308593750000146,0.20933593750000046,11.078769531249996,0.00017301639747043657,-0.00243745794898469,-0.005929298384986703,0.002252197562075653,0.00042251732993639837,-0.005989724577336764,-0.0046023868347948894,0.05376159051364831,-0.2642901099775578,-0.2784822648591856,2.9966334180704313,-7.981155467240418,-0.4169140624999985,0.24066406249999955,8.561230468750004,357.5,358.625,257.0625,360.0,360.0,0.0,-2.5,-1.375,257.0625,0.6231689453125,-0.009521484375,0.0234375,0.78167724609375,-0.003272492347489368,-0.001090830782496456,0.0,20.375,-5.875,-39.1875,,,False,,,False,,,,,,,,,,,,,,
49.443886041641235,49.433598041534424,0.12319064140319824,odometry_only,1467,-4,0.0,True,,,N/A,False,37,-0.4230859375000015,0.20933593750000046,11.108769531249997,0.004402984030907949,-0.0019296143092292495,-0.005190672139756252,0.0008239235754638122,0.004464588093000228,-0.005425989322039798,-0.004412912166811178,0.054062613339476616,-0.2649932645362276,-0.27903756509241034,3.003274884486159,-8.01375684643562,-0.4169140624999985,0.24066406249999955,8.561230468750004,357.5,358.625,257.0625,360.0,360.0,0.0,-2.5,-1.375,257.0625,0.6231689453125,-0.009521484375,0.0234375,0.78167724609375,0.002181661564992912,0.001090830782496456,-0.002181661564992912,21.0625,-5.875,-39.5625,,,False,,,False,,,,,,,,,,,,,,
49.56868267059326,49.55839467048645,0.12478470802307129,odometry_only,1467,-4,0.0,True,,,N/A,False,37,-0.4230859375000015,0.21933593750000047,11.078769531249996,-0.002069986168950667,-0.007835360830160211,-0.006934685835058461,0.007999531177125093,-0.0006109334741490936,-0.007028645029149225,-0.0038623960542828848,0.05430305192269416,-0.26577033849175125,-0.2795538810524954,3.010036073435892,-8.04687243705218,-0.4169140624999985,0.24066406249999955,8.561230468750004,357.5,358.625,257.0625,360.0,360.0,0.0,-2.5,-1.375,257.0625,0.6231689453125,-0.009521484375,0.0234375,0.78167724609375,-0.001090830782496456,-0.001090830782496456,-0.001090830782496456,20.0625,-6.1875,-39.1875,,,False,,,False,,,,,,,,,,,,,,
49.69472098350525,49.68443298339844,0.12602567672729492,odometry_only,1471,-4,0.0,True,,,N/A,False,37,-0.4230859375000015,0.24933593750000044,11.078769531249996,0.0015293338756605626,7.205617670995139e-05,-0.007616408821003443,-0.0005205950639328586,0.0011037777530693677,-0.007672313404426457,-0.0033911270618502565,0.05433410743958021,-0.26669668760931686,-0.2800109461321793,3.0168816091990727,-8.080424695701858,-0.4169140624999985,0.24066406249999955,8.561230468750004,357.5,358.625,257.0625,360.0,360.0,0.0,-2.5,-1.375,257.0625,0.6231689453125,-0.009521484375,0.0234375,0.78167724609375,0.002181661564992912,0.002181661564992912,0.002181661564992912,20.375,-6.1875,-40.0625,,,False,,,False,,,,,,,,,,,,,,
49.81969141960144,49.80940341949463,0.12495827674865723,odometry_only,1471,-4,0.0,True,,,N/A,False,37,-0.4030859375000015,0.23933593750000043,11.098769531249998,0.0049542923521877155,0.003122489549607014,-0.007879396158789074,-0.004261804078882818,0.0037483353704643937,-0.00801042105442866,-0.0036899272396555076,0.054637263286833375,-0.2676765313456595,-0.2804533643037192,3.0236900465495284,-8.11381187399248,-0.4169140624999985,0.24066406249999955,8.561230468750004,357.5,358.625,257.0625,360.0,360.0,0.0,-2.5,-1.375,257.0625,0.6231689453125,-0.009521484375,0.0234375,0.78167724609375,0.0,0.004363323129985824,0.002181661564992912,20.375,-6.5625,-38.75,,,False,,,False,,,,,,,,,,,,,,
49.94338893890381,49.933100938797,0.12368607521057129,odometry_only,1467,-4,0.0,True,,,N/A,False,37,-0.4630859375000015,0.2893359375000004,11.118769531249997,0.0022248352626808698,0.018502929619147058,-0.0039246337480462554,-0.018587131571980265,-0.0021356037935564044,-0.003559323370575262,-0.005102974826352585,0.054736999506391326,-0.26839203948521856,-0.28099714407684695,3.0304540831965,-8.146963982777386,-0.4169140624999985,0.24066406249999955,8.561230468750004,357.5,358.625,257.0625,360.0,360.0,0.0,-2.5,-1.375,257.0625,0.6231689453125,-0.009521484375,0.0234375,0.78167724609375,0.0,0.008726646259971648,-0.001090830782496456,21.875,-6.1875,-38.75,,,False,,,False,,,,,,,,,,,,,,
50.07028651237488,50.059998512268066,0.12688541412353516,odometry_only,1467,-4,0.0,True,,,N/A,False,37,-0.4230859375000015,0.20933593750000046,11.098769531249998,-0.0029515157466038396,0.01639015324867283,-0.00031235326264221095,-0.01532105531810813,-0.006531547206929519,0.00022425053229779314,-0.007254201994216131,0.05418713198440739,-0.26860362553432704,-0.2817811168259848,3.037364524962628,-8.18103244144666,-0.4169140624999985,0.24066406249999955,8.561230468750004,357.5,358.625,257.0625,360.0,360.0,0.0,-2.5,-1.375,257.0625,0.6231689453125,-0.009521484375,0.0234375,0.78167724609375,0.003272492347489368,0.0,-0.001090830782496456,21.5,-5.5,-38.375,,,False,,,False,,,,,,,,,,,,,,
50.19351124763489,50.183223247528076,0.12321162223815918,odometry_only,1471,-4,0.0,True,,,N/A,False,37,-0.38308593750000147,0.20933593750000046,11.088769531249996,0.001151870106439602,0.011534506214180302,-0.00096116604206699,-0.011513265136679836,-0.0014881601538444147,-0.0007249715556615193,-0.008907352071662652,0.05369307140750926,-0.26863447285911574,-0.2827767624731581,3.0440105723962785,-8.214129430262261,-0.4169140624999985,0.24066406249999955,8.561230468750004,357.5,358.625,257.0625,360.0,360.0,0.0,-2.5,-1.375,257.0625,0.6231689453125,-0.009521484375,0.0234375,0.78167724609375,-0.001090830782496456,0.002181661564992912,-0.002181661564992912,20.0625,-6.5625,-39.1875,,,False,,,False,,,,,,,,,,,,,,
50.31795811653137,50.30767011642456,0.12443304061889648,odometry_only,1472,-4,0.0,True,,,N/A,False,37,-0.4230859375000015,0.19933593750000045,11.088769531249996,0.004801441318594531,-0.008676323808786877,-0.0032498692248514646,0.007338707996431845,0.006446009255347866,-0.003672385215706864,-0.009167078490761843,0.054001531526824124,-0.26890806109598947,-0.2839012906493269,3.0507109558469603,-8.247573456243272,-0.4169140624999985,0.24066406249999955,8.561230468750004,357.5,358.625,257.0625,360.0,360.0,0.0,-2.5,-1.375,257.0625,0.6231689453125,-0.009521484375,0.0234375,0.78167724609375,0.0,0.001090830782496456,-0.001090830782496456,20.375,-6.1875,-40.875,,,False,,,False,,,,,,,,,,,,,,
50.477941274642944,50.46765327453613,0.15997076034545898,odometry_only,1472,-4,0.0,True,,,N/A,False,37,-0.4030859375000015,0.24933593750000044,11.098769531249998,0.00636007445109839,-0.003951784884440639,-0.01090533126850285,0.00227632712002767,0.0065425427331650245,-0.011269732485712777,-0.008398016251597685,0.05504042579551859,-0.2701032120609232,-0.28530624143006456,3.0594327182581664,-8.290686477844114,-0.4169140624999985,0.24066406249999955,8.561230468750004,357.5,358.625,257.0625,360.0,360.0,0.0,-2.5,-1.375,257.0625,0.6231689453125,-0.009521484375,0.0234375,0.78167724609375,0.001090830782496456,-0.002181661564992912,0.001090830782496456,19.6875,-13.875,-40.375,,,False,,,False,,,,,,,,,,,,,,
50.62267088890076,50.612382888793945,0.14471650123596191,odometry_only,1468,-4,0.0,True,,,N/A,False,37,-0.4130859375000015,0.24933593750000044,11.098769531249998,0.0047096354305386865,-0.0024354001310554173,-0.011211726248658174,0.0011622225825333647,0.004583527931869519,-0.011465389462560878,-0.00814920881045739,0.055845488805092526,-0.2717482857126867,-0.2865035696881369,3.0674562290568415,-8.329893904317744,-0.4169140624999985,0.24066406249999955,8.561230468750004,357.5,358.625,257.0625,360.0,360.0,0.0,-2.5,-1.375,257.0625,0.6231689453125,-0.009521484375,0.0234375,0.78167724609375,0.0,-0.004363323129985824,0.001090830782496456,20.0625,-6.5625,-40.375,,,False,,,False,,,,,,,,,,,,,,
50.75611639022827,50.74582839012146,0.13342642784118652,odometry_only,1465,-5,0.0,True,,,N/A,False,37,-0.4130859375000015,0.21933593750000047,11.108769531249997,0.008317166028533813,0.004350955701313243,-0.007141239470141625,-0.006198979954741882,0.006785879244992648,-0.007391066081694984,-0.008485227082495663,0.05660397849823286,-0.2730062604651948,-0.28761330636831184,3.074958094424305,-8.366236230891126,-0.4169140624999985,0.24066406249999955,8.561230468750004,357.5,358.625,257.0625,360.0,360.0,0.0,-2.5,-1.375,257.0625,0.6231689453125,-0.009521484375,0.0234375,0.78167724609375,-0.004363323129985824,-0.006544984694978736,0.002181661564992912,20.0625,-6.1875,-39.1875,,,False,,,False,,,,,,,,,,,,,,
50.8988618850708,50.88857388496399,0.1427323818206787,odometry_only,1462,-5,0.0,True,,,N/A,False,37,-0.43308593750000146,0.23933593750000043,11.088769531249996,0.01183871623941181,0.000529185825448942,-0.009862837785036105,-0.0032987545025029734,0.010932384633543719,-0.010359150253065077,-0.009163044212987108,0.05786846350078825,-0.27427302579284113,-0.2888727962668227,3.08312755657398,-8.405293468915492,-0.4169140624999985,0.24066406249999955,8.561230468750004,357.5,358.625,257.0625,360.0,360.0,0.0,-2.5,-1.375,257.0625,0.6231689453125,-0.009521484375,0.0234375,0.78167724609375,0.0,0.0,-0.001090830782496456,20.375,-6.5625,-40.375,,,False,,,False,,,,,,,,,,,,,,
51.03186011314392,51.02157211303711,0.13298487663269043,odometry_only,1471,-4,0.0,True,,,N/A,False,37,-0.3630859375000015,0.21933593750000047,11.098769531249998,0.01723790374755544,0.0012815562254006102,-0.010812146714394582,-0.005250443081571885,0.015976810894607316,-0.011526690315418957,-0.009731501206000453,0.05965772152458631,-0.2757282686968424,-0.29012914066261014,3.090942159182335,-8.441864396063258,-0.4169140624999985,0.24066406249999955,8.561230468750004,357.5,358.625,257.0625,360.0,360.0,0.0,-2.5,-1.375,257.0625,0.6231689453125,-0.009521484375,0.0234375,0.78167724609375,-0.001090830782496456,0.001090830782496456,-0.001090830782496456,19.25,-6.1875,-40.0625,,,False,,,False,,,,,,,,,,,,,,
51.16334056854248,51.15305256843567,0.1314680576324463,odometry_only,1471,-4,0.0,True,,,N/A,False,37,-0.4230859375000015,0.22933593750000048,11.078769531249996,0.015097604268148488,0.0015620115387782075,-0.017395382755407682,-0.005140522864258595,0.013510947381783066,-0.018000172260863232,-0.010414541260912067,0.061596070676852376,-0.27766918833228443,-0.291453421198663,3.0989126594529806,-8.478241440450434,-0.4169140624999985,0.24066406249999955,8.561230468750004,357.5,358.625,257.0625,360.0,360.0,0.0,-2.5,-1.375,257.0625,0.6231689453125,-0.009521484375,0.0234375,0.78167724609375,-0.003272492347489368,0.0,-0.001090830782496456,22.25,-6.1875,-38.75,,,False,,,False,,,,,,,,,,,,,,
51.28736639022827,51.27707839012146,0.12401199340820312,odometry_only,1471,-4,0.0,True,,,N/A,False,37,-0.4230859375000015,0.21933593750000047,11.088769531249996,0.010247614822121883,0.001665416636493315,-0.013731373073239371,-0.004106600384045753,0.008942837572830053,-0.014124422750112595,-0.010987918354568848,0.06298833999274273,-0.2796611058646556,-0.2927805020390402,3.1066376400103417,-8.512799260835505,-0.4169140624999985,0.24066406249999955,8.561230468750004,357.5,358.625,257.0625,360.0,360.0,0.0,-2.5,-1.375,257.0625,0.6231689453125,-0.009521484375,0.0234375,0.78167724609375,-0.004363323129985824,-0.002181661564992912,-0.001090830782496456,20.0625,-5.5,-40.0625,,,False,,,False,,,,,,,,,,,,,,
51.40816068649292,51.39787268638611,0.12078237533569336,odometry_only,1471,-4,0.0,True,,,N/A,False,37,-0.4130859375000015,0.19933593750000045,11.098769531249998,0.000333800313932495,0.005724265082107864,-0.012314026900784302,-0.005830224558750636,-0.0015443339573240865,-0.01217117110699939,-0.011588015014511805,0.06343514441304798,-0.2812491280081179,-0.29414388946790915,3.114272504382715,-8.546673296034133,-0.4169140624999985,0.24066406249999955,8.561230468750004,357.5,358.625,257.0625,360.0,360.0,0.0,-2.5,-1.375,257.0625,0.6231689453125,-0.009521484375,0.0234375,0.78167724609375,0.001090830782496456,0.0,0.002181661564992912,21.0625,-6.5625,-40.375,,,False,,,False,,,,,,,,,,,,,,
51.53794574737549,51.52765774726868,0.12977099418640137,odometry_only,1467,-4,0.0,True,,,N/A,False,37,-0.4230859375000015,0.22933593750000048,11.128769531249997,-0.0016488147687395618,0.007381931939525345,-0.007602635672383727,-0.006936029977524799,-0.0036148103909396942,-0.007337316434285178,-0.012416359786116365,0.06310039076743532,-0.28251494591977067,-0.2957014252592594,3.1224828254828547,-8.583253408214231,-0.4169140624999985,0.24066406249999955,8.561230468750004,357.5,358.625,257.0625,360.0,360.0,0.0,-2.5,-1.375,257.0625,0.6231689453125,-0.009521484375,0.0234375,0.78167724609375,0.001090830782496456,0.001090830782496456,-0.001090830782496456,21.0625,-5.875,-40.0625,,,False,,,False,,,,,,,,,,,,,,
51.66519808769226,51.65491008758545,0.12723636627197266,odometry_only,1467,-4,0.0,True,,,N/A,False,37,-0.4130859375000015,0.22933593750000048,11.068769531249997,0.005806174343725465,0.0059565691581622525,-0.0017237240978634728,-0.007126032965042344,0.004246695762633745,-0.001829981063295254,-0.013310962681666368,0.0631405901667327,-0.28309815273083383,-0.2973381507716134,3.1305140473271913,-8.619236685908298,-0.4169140624999985,0.24066406249999955,8.561230468750004,357.5,358.625,257.0625,360.0,360.0,0.0,-2.5,-1.375,257.0625,0.6231689453125,-0.009521484375,0.0234375,0.78167724609375,0.001090830782496456,0.003272492347489368,-0.001090830782496456,20.5,-5.0625,-39.5625,,,False,,,False,,,,,,,,,,,,,,
51.79993200302124,51.78964400291443,0.134718656539917,odometry_only,1471,-4,0.0,True,,,N/A,False,37,-0.4030859375000015,0.24933593750000044,11.068769531249997,0.008737332895397243,0.003300622176959714,-0.007794335801030303,-0.005278350859648983,0.007396759098113866,-0.008087875524893063,-0.014146513643700315,0.06392488546489423,-0.28376621288849196,-0.2991876679328784,3.1390730924120405,-8.657420288796592,-0.4169140624999985,0.24066406249999955,8.561230468750004,357.5,358.625,257.0625,360.0,360.0,0.0,-2.5,-1.375,257.0625,0.6231689453125,-0.009521484375,0.0234375,0.78167724609375,-0.001090830782496456,0.0,0.0,20.75,-6.1875,-40.0625,,,False,,,False,,,,,,,,,,,,,,
51.92939734458923,51.91910934448242,0.12944817543029785,odometry_only,1461,-5,0.0,True,,,N/A,False,37,-0.3930859375000015,0.22933593750000048,11.088769531249996,0.009809587847561618,0.008521975757906659,-0.010015042510217056,-0.010638581799431005,0.007172890119495533,-0.010223667916618315,-0.015176722589282727,0.06486789271883374,-0.2849514108324001,-0.301085587646914,3.1474090874842817,-8.694230018159454,-0.4169140624999985,0.24066406249999955,8.561230468750004,357.5,358.625,257.0625,360.0,360.0,0.0,-2.5,-1.375,257.0625,0.6231689453125,-0.009521484375,0.0234375,0.78167724609375,-0.002181661564992912,0.002181661564992912,-0.001090830782496456,20.0625,-6.5625,-38.75,,,False,,,False,,,,,,,,,,,,,,
52.06686735153198,52.05657935142517,0.13745903968811035,odometry_only,1465,-5,0.0,True,,,N/A,False,37,-0.4130859375000015,0.20933593750000046,11.088769531249996,0.006004763503710771,0.014777185717121442,-0.008768513000682073,-0.015868557951910837,0.002138220247167378,-0.008655986679655647,-0.016998545576831718,0.06550784086354948,-0.28624900042762363,-0.30329697837882474,3.156369749052715,-8.733488348160082,-0.4169140624999985,0.24066406249999955,8.561230468750004,357.5,358.625,257.0625,360.0,360.0,0.0,-2.5,-1.375,257.0625,0.6231689453125,-0.009521484375,0.0234375,0.78167724609375,0.001090830782496456,0.0,0.0,21.5,-6.5625,-39.5625,,,False,,,False,,,,,,,,,,,,,,
52.19957256317139,52.189284563064575,0.13269329071044922,odometry_only,1465,-5,0.0,True,,,N/A,False,37,-0.4030859375000015,0.20933593750000046,11.098769531249998,0.008795261128457403,0.01078974494786049,1.7437439816391995e-05,-0.01247887742383947,0.006167860504616489,-0.00010311866137456739,-0.01887930281843677,0.06605892145747994,-0.286830137683314,-0.30567735326241413,3.165098762372964,-8.771510226496806,-0.4169140624999985,0.24066406249999955,8.561230468750004,357.5,358.625,257.0625,360.0,360.0,0.0,-2.5,-1.375,257.0625,0.6231689453125,-0.009521484375,0.0234375,0.78167724609375,0.002181661564992912,-0.001090830782496456,0.001090830782496456,20.375,-5.875,-38.75,,,False,,,False,,,,,,,,,,,,,,
52.327861309051514,52.3175733089447,0.12827634811401367,odometry_only,1461,-5,0.0,True,,,N/A,False,37,-0.4230859375000015,0.22933593750000048,11.098769531249998,0.007770893203229446,0.0031424875129483654,0.0032691975444058257,-0.004750078023020581,0.007027463557174595,0.0030001960364587736,-0.019984336561707897,0.0669052454488937,-0.28664432443037424,-0.3081699961294666,3.1736268412533497,-8.808291831365102,-0.4169140624999985,0.24066406249999955,8.561230468750004,357.5,358.625,257.0625,360.0,360.0,0.0,-2.5,-1.375,257.0625,0.6231689453125,-0.009521484375,0.0234375,0.78167724609375,-0.002181661564992912,0.0,-0.001090830782496456,20.0625,-6.1875,-40.375,,,False,,,False,,,,,,,,,,,,,,
52.450695514678955,52.440407514572144,0.12282252311706543,odometry_only,1461,-5,0.0,True,,,N/A,False,37,-0.37308593750000146,0.25933593750000045,11.088769531249996,0.00940803543408565,0.0022864213738057687,0.0004477954892821872,-0.004321414337746946,0.00867506948284449,8.900459068948344e-05,-0.020541428351801224,0.06786955781254582,-0.28645461272265366,-0.31065873447842973,3.181903531947938,-8.843486560093524,-0.4169140624999985,0.24066406249999955,8.561230468750004,357.5,358.625,257.0625,360.0,360.0,0.0,-2.5,-1.375,257.0625,0.6231689453125,-0.009521484375,0.0234375,0.78167724609375,0.001090830782496456,0.003272492347489368,0.0,20.375,-6.1875,-39.1875,,,False,,,False,,,,,,,,,,,,,,
52.5782036781311,52.56791567802429,0.12749624252319336,odometry_only,1461,-5,0.0,True,,,N/A,False,37,-0.4630859375000015,0.23933593750000043,11.108769531249997,-0.004305318850221618,0.010154315412455001,-0.0006777149104766878,-0.008946248116850925,-0.0064818519954621436,-0.00023543308654867855,-0.021387216906814863,0.06800937130688452,-0.28646394726416385,-0.3133316068407105,3.190565558398339,-8.880009041928583,-0.4169140624999985,0.24066406249999955,8.561230468750004,357.5,358.625,257.0625,360.0,360.0,0.0,-2.5,-1.375,257.0625,0.6231689453125,-0.009521484375,0.0234375,0.78167724609375,0.003272492347489368,0.0,0.002181661564992912,21.875,-5.875,-39.5625,,,False,,,False,,,,,,,,,,,,,,
52.701815128326416,52.691527128219604,0.12360024452209473,odometry_only,1465,-5,0.0,True,,,N/A,False,37,-0.4230859375000015,0.19933593750000045,11.118769531249997,-0.007484438984399714,0.009086152311056108,-0.0011050666915704745,-0.007201866706201975,-0.009361004920280771,-0.0005485124905685058,-0.022385172377164964,0.06703028081252732,-0.2865123951966757,-0.3160367458501186,3.1989110254094077,-8.915419049945351,-0.4169140624999985,0.24066406249999955,8.561230468750004,357.5,358.625,257.0625,360.0,360.0,0.0,-2.5,-1.375,257.0625,0.6231689453125,-0.009521484375,0.0234375,0.78167724609375,0.00545415391248228,0.00545415391248228,0.002181661564992912,22.25,-5.5,-39.1875,,,False,,,False,,,,,,,,,,,,,,
52.827757596969604,52.81746959686279,0.1259300708770752,odometry_only,1461,-5,0.0,True,,,N/A,False,37,-0.3930859375000015,0.20933593750000046,11.088769531249996,-0.006696089103189139,-0.0015481945540280883,-0.0012736668608874277,0.0029849070703758724,-0.006238317829388736,-0.0010151174159889627,-0.022650693390077636,0.0660480689027772,-0.28661084920915486,-0.3188724307341583,3.207290308415334,-8.951505775340014,-0.4169140624999985,0.24066406249999955,8.561230468750004,357.5,358.625,257.0625,360.0,360.0,0.0,-2.5,-1.375,257.0625,0.6231689453125,-0.009521484375,0.0234375,0.78167724609375,0.0,-0.004363323129985824,0.001090830782496456,21.5,-5.875,-38.75,,,False,,,False,,,,,,,,,,,,,,
52.95227527618408,52.94198727607727,0.12450551986694336,odometry_only,1461,-5,0.0,True,,,N/A,False,37,-0.43308593750000146,0.24933593750000044,11.098769531249998,-0.0023250143206718843,-0.007681482751448314,-0.0013386649350651573,0.007986622110805737,-0.0006220193272799161,-0.0014247287026586722,-0.021967685417858457,0.06562099398070043,-0.28676273636385363,-0.32165004795870944,3.2154870709776846,-8.987199863514883,-0.4169140624999985,0.24066406249999955,8.561230468750004,357.5,358.625,257.0625,360.0,360.0,0.0,-2.5,-1.375,257.0625,0.6231689453125,-0.009521484375,0.0234375,0.78167724609375,-0.002181661564992912,0.001090830782496456,0.0,20.75,-5.875,-38.75,,,False,,,False,,,,,,,,,,,,,,
53.07826638221741,53.067978382110596,0.12597918510437012,odometry_only,1465,-5,0.0,True,,,N/A,False,37,-0.44308593750000147,0.25933593750000045,11.078769531249996,-0.004698593894731696,0.00013049794026851868,-0.005449915094806066,0.000843170889546636,-0.004868802889875883,-0.005232514702432919,-0.021411500354446125,0.0652751293264653,-0.2871820734134611,-0.32438248519575247,3.2237321644514636,-9.023352413230198,-0.4169140624999985,0.24066406249999955,8.561230468750004,357.5,358.625,257.0625,360.0,360.0,0.0,-2.5,-1.375,257.0625,0.6231689453125,-0.009521484375,0.0234375,0.78167724609375,0.0,0.003272492347489368,0.001090830782496456,20.75,-6.1875,-38.375,,,False,,,False,,,,,,,,,,,,,,
53.203131914138794,53.19284391403198,0.12485361099243164,odometry_only,1465,-5,0.0,True,,,N/A,False,37,-0.3930859375000015,0.18933593750000044,11.088769531249996,-0.0035784959216367323,0.00110845442516805,-0.00296439489630694,-0.0003243557645926727,-0.0038748188587662837,-0.00277534025388251,-0.02137911238355213,0.06472929295223033,-0.2876819782172609,-0.32705376645421136,3.2318479252347037,-9.059239339568116,-0.4169140624999985,0.24066406249999955,8.561230468750004,357.5,358.625,257.0625,360.0,360.0,0.0,-2.5,-1.375,257.0625,0.6231689453125,-0.009521484375,0.0234375,0.78167724609375,-0.001090830782496456,0.0,0.001090830782496456,21.0625,-5.875,-38.75,,,False,,,False,,,,,,,,,,,,,,
53.329930782318115,53.319642782211304,0.12678098678588867,odometry_only,1462,-5,0.0,True,,,N/A,False,37,-0.3930859375000015,0.22933593750000048,11.078769531249996,0.005051747364564467,-0.0005565057744607506,-0.006086931515715496,-0.000672023486202205,0.004747736578123275,-0.006315692140070289,-0.021442273355866508,0.06478462763715181,-0.28825826324616477,-0.32976823522400267,3.240057876562119,-9.095748475639335,-0.4169140624999985,0.24066406249999955,8.561230468750004,357.5,358.625,257.0625,360.0,360.0,0.0,-2.5,-1.375,257.0625,0.6231689453125,-0.009521484375,0.0234375,0.78167724609375,-0.004363323129985824,0.0,-0.001090830782496456,20.75,-6.1875,-39.1875,,,False,,,False,,,,,,,,,,,,,,
53.45307493209839,53.44278693199158,0.12313246726989746,odometry_only,1461,-5,0.0,True,,,N/A,False,37,-0.4630859375000015,0.24933593750000044,11.088769531249996,0.008342207139773978,-0.005240851957643922,-0.005252690818763569,0.003171443845374216,0.009033378816507483,-0.00574366791653826,-0.021288393458081777,0.06563307900728783,-0.2890007126248979,-0.3323990014404474,3.2480872035595247,-9.131288136615684,-0.4169140624999985,0.24066406249999955,8.561230468750004,357.5,358.625,257.0625,360.0,360.0,0.0,-2.5,-1.375,257.0625,0.6231689453125,-0.009521484375,0.0234375,0.78167724609375,0.002181661564992912,0.001090830782496456,0.001090830782496456,20.5,-5.875,-39.5625,,,False,,,False,,,,,,,,,,,,,,
53.57984232902527,53.56955432891846,0.1267540454864502,odometry_only,1461,-5,0.0,True,,,N/A,False,37,-0.3930859375000015,0.23933593750000043,11.078769531249996,0.007600848879432031,0.0010903263817132539,-0.01106470216808804,-0.0029172729965335213,0.006622599224155845,-0.011358699184106506,-0.021272284866414134,0.06662530828363838,-0.29008460973359845,-0.33509637051858604,3.256469346378844,-9.167988840261065,-0.4169140624999985,0.24066406249999955,8.561230468750004,357.5,358.625,257.0625,360.0,360.0,0.0,-2.5,-1.375,257.0625,0.6231689453125,-0.009521484375,0.0234375,0.78167724609375,0.0,-0.00545415391248228,0.002181661564992912,20.75,-5.875,-40.0625,,,False,,,False,,,,,,,,,,,,,,
53.70386815071106,53.69358015060425,0.12401461601257324,odometry_only,1468,-4,0.0,True,,,N/A,False,37,-0.4030859375000015,0.20933593750000046,11.128769531249997,0.005286896229450961,0.003511493857559358,-0.009226444689957059,-0.004734473439070748,0.003920433370504728,-0.009360774856370766,-0.021746749064432653,0.06727905335305583,-0.29136936854215456,-0.33776386500566896,3.2647723953742354,-9.204043236183491,-0.4169140624999985,0.24066406249999955,8.561230468750004,357.5,358.625,257.0625,360.0,360.0,0.0,-2.5,-1.375,257.0625,0.6231689453125,-0.009521484375,0.0234375,0.78167724609375,0.0,0.001090830782496456,0.002181661564992912,21.0625,-6.5625,-39.5625,,,False,,,False,,,,,,,,,,,,,,
53.82703161239624,53.81674361228943,0.12315130233764648,odometry_only,1465,-5,0.0,True,,,N/A,False,37,-0.4030859375000015,0.23933593750000043,11.078769531249996,0.012484496721304096,0.00243036854892616,-0.006484999191150694,-0.005247511039217782,0.011302607720860105,-0.006967011610348321,-0.022361396258640354,0.06821642202102637,-0.29237476262598827,-0.34047985277578624,3.2731156175008236,-9.239987661176148,-0.4169140624999985,0.24066406249999955,8.561230468750004,357.5,358.625,257.0625,360.0,360.0,0.0,-2.5,-1.375,257.0625,0.6231689453125,-0.009521484375,0.0234375,0.78167724609375,0.001090830782496456,0.001090830782496456,0.0,20.75,-5.875,-39.5625,,,False,,,False,,,,,,,,,,,,,,
53.956982135772705,53.946694135665894,0.12993645668029785,odometry_only,1461,-5,0.0,True,,,N/A,False,37,-0.4130859375000015,0.23933593750000043,11.098769531249998,0.011234369874136492,0.001997111855313596,-0.0012518389535055617,-0.004471303911342518,0.010435378107961248,-0.0016961568539936868,-0.022992810447544008,0.06962870044800816,-0.29293759333292885,-0.34342643523325994,3.2820711708929675,-9.278014367968398,-0.4169140624999985,0.24066406249999955,8.561230468750004,357.5,358.625,257.0625,360.0,360.0,0.0,-2.5,-1.375,257.0625,0.6231689453125,-0.009521484375,0.0234375,0.78167724609375,0.001090830782496456,-0.002181661564992912,0.002181661564992912,19.0,-6.1875,-40.0625,,,False,,,False,,,,,,,,,,,,,,
54.08446168899536,54.07417368888855,0.12746810913085938,odometry_only,1465,-5,0.0,True,,,N/A,False,37,-0.38308593750000147,0.20933593750000046,11.078769531249996,0.0066586648106522145,-0.0002184206566581701,-0.0013308698705792777,-0.001291980782902535,0.006468112856380121,-0.0016282017657616964,-0.02336012794872313,0.07070602846347573,-0.2931494681865954,-0.34638069593827564,3.291015272162837,-9.315368072727376,-0.4169140624999985,0.24066406249999955,8.561230468750004,357.5,358.625,257.0625,360.0,360.0,0.0,-2.5,-1.375,257.0625,0.6231689453125,-0.009521484375,0.0234375,0.78167724609375,0.004363323129985824,0.004363323129985824,0.001090830782496456,21.875,-6.1875,-38.75,,,False,,,False,,,,,,,,,,,,,,
54.207417011260986,54.197129011154175,0.12294340133666992,odometry_only,1465,-5,0.0,True,,,N/A,False,37,-0.3530859375000015,0.22933593750000048,11.098769531249998,0.008971635448658474,0.0009654729915602595,-0.001360821540949684,-0.002962442283239503,0.00845591835504355,-0.0017307791536422474,-0.023621654569961473,0.07162343404286926,-0.29335595045622365,-0.349268746010129,3.299764506278312,-9.351421558262544,-0.4169140624999985,0.24066406249999955,8.561230468750004,357.5,358.625,257.0625,360.0,360.0,0.0,-2.5,-1.375,257.0625,0.6231689453125,-0.009521484375,0.0234375,0.78167724609375,0.002181661564992912,-0.001090830782496456,-0.003272492347489368,21.0625,-6.1875,-39.1875,,,False,,,False,,,,,,,,,,,,,,
54.33326721191406,54.32297921180725,0.12583613395690918,odometry_only,1467,-4,0.0,True,,,N/A,False,37,-0.4630859375000015,0.21933593750000047,11.088769531249996,0.0037627777894088535,-0.0006070899416366132,0.0006692982256165053,-0.00023831395575225805,0.003831525639083505,0.00048747588664237694,-0.023823039965388062,0.07239653626708575,-0.29343417669445127,-0.35225387447867645,3.3088259644165086,-9.388341258784907,-0.4169140624999985,0.24066406249999955,8.561230468750004,357.5,358.625,257.0625,360.0,360.0,0.0,-2.5,-1.375,257.0625,0.6231689453125,-0.009521484375,0.0234375,0.78167724609375,0.001090830782496456,0.001090830782496456,-0.001090830782496456,20.75,-6.1875,-39.5625,,,False,,,False,,,,,,,,,,,,,,
54.45898675918579,54.44869875907898,0.12570762634277344,odometry_only,1461,-5,0.0,True,,,N/A,False,37,-0.4030859375000015,0.26933593750000046,11.078769531249996,0.007869222229769452,0.004907501669228899,0.0034966453811331195,-0.0064890872341408674,0.006742024446796313,0.003266743528790188,-0.02424588278290657,0.07306112420874195,-0.2931982096887093,-0.3552751895684476,3.317968533032403,-9.42521334119892,-0.4169140624999985,0.24066406249999955,8.561230468750004,357.5,358.625,257.0625,360.0,360.0,0.0,-2.5,-1.375,257.0625,0.6231689453125,-0.009521484375,0.0234375,0.78167724609375,0.002181661564992912,-0.001090830782496456,-0.002181661564992912,21.875,-5.875,-39.1875,,,False,,,False,,,,,,,,,,,,,,
54.5857298374176,54.57544183731079,0.12673044204711914,odometry_only,1465,-5,0.0,True,,,N/A,False,37,-0.4030859375000015,0.21933593750000047,11.098769531249998,0.001275680081197451,0.002956719628703052,0.0005009007377524597,-0.003159337617122841,0.0006094944091963449,0.0005172567714334628,-0.0248572573561361,0.07352695482591079,-0.2929584356733324,-0.35838662089630885,3.327257119059853,-9.462355286586714,-0.4169140624999985,0.24066406249999955,8.561230468750004,357.5,358.625,257.0625,360.0,360.0,0.0,-2.5,-1.375,257.0625,0.6231689453125,-0.009521484375,0.0234375,0.78167724609375,0.002181661564992912,-0.002181661564992912,-0.002181661564992912,20.75,-6.1875,-39.5625,,,False,,,False,,,,,,,,,,,,,,
54.708553075790405,54.698265075683594,0.12280964851379395,odometry_only,1471,-4,0.0,True,,,N/A,False,37,-0.44308593750000147,0.23933593750000043,11.088769531249996,0.00078603034648208,0.004236099284694976,-0.0046859378991047,-0.004371370013117213,-0.000403230557296109,-0.004609655537644005,-0.025319679134701064,0.07353962042148728,-0.2932097287003607,-0.36146772686327816,3.336287716266983,-9.498348839705068,-0.4169140624999985,0.24066406249999955,8.561230468750004,357.5,358.625,257.0625,360.0,360.0,0.0,-2.5,-1.375,257.0625,0.6231689453125,-0.009521484375,0.0234375,0.78167724609375,0.001090830782496456,0.003272492347489368,-0.002181661564992912,20.75,-5.875,-38.375,,,False,,,False,,,,,,,,,,,,,,
54.83818507194519,54.82789707183838,0.12962031364440918,odometry_only,1461,-5,0.0,True,,,N/A,False,37,-0.4130859375000015,0.24933593750000044,11.098769531249998,-0.003541268823996891,0.0026844010244158906,-0.012964461766006057,-0.002011965476607776,-0.004673861454910562,-0.012725206349885644,-0.025733384108838884,0.0732105732919754,-0.2943332038177828,-0.36477648389834594,3.3457986193352416,-9.536427589301347,-0.4169140624999985,0.24066406249999955,8.561230468750004,357.5,358.625,257.0625,360.0,360.0,0.0,-2.5,-1.375,257.0625,0.6231689453125,-0.009521484375,0.0234375,0.78167724609375,-0.001090830782496456,-0.001090830782496456,0.0,20.375,-6.1875,-39.1875,,,False,,,False,,,,,,,,,,,,,,
54.963640213012695,54.953352212905884,0.1254444122314453,odometry_only,1471,-4,0.0,True,,,N/A,False,37,-0.43308593750000146,0.22933593750000048,11.078769531249996,-0.009245819416959362,0.004141054825828934,-0.018113709066715833,-0.002232598962249895,-0.010802369054200883,-0.01758022447540903,-0.02599961255444438,0.07223986997208848,-0.29623402729643267,-0.36802129157804436,3.3549215920172735,-9.573469268896485,-0.4169140624999985,0.24066406249999955,8.561230468750004,357.5,358.625,257.0625,360.0,360.0,0.0,-2.5,-1.375,257.0625,0.6231689453125,-0.009521484375,0.0234375,0.78167724609375,-0.001090830782496456,0.001090830782496456,-0.001090830782496456,20.75,-5.875,-39.5625,,,False,,,False,,,,,,,,,,,,,,
55.087273359298706,55.076985359191895,0.12362098693847656,odometry_only,1461,-5,0.0,True,,,N/A,False,37,-0.3930859375000015,0.22933593750000048,11.088769531249996,0.0007201251430249203,0.002675305197663274,-0.018073048850343398,-0.00302716546723248,-0.0007699506623819849,-0.018015392809501877,-0.026324721189362632,0.07152457917982269,-0.29843420996615516,-0.3712554844671982,3.3638077435626865,-9.610226006092168,-0.4169140624999985,0.24066406249999955,8.561230468750004,357.5,358.625,257.0625,360.0,360.0,0.0,-2.5,-1.375,257.0625,0.6231689453125,-0.009521484375,0.0234375,0.78167724609375,0.00545415391248228,0.00545415391248228,0.002181661564992912,21.5,-6.1875,-40.875,,,False,,,False,,,,,,,,,,,,,,
55.214038610458374,55.20375061035156,0.12675166130065918,odometry_only,1471,-4,0.0,True,,,N/A,False,37,-0.4530859375000015,0.22933593750000048,11.098769531249998,-0.0014820251223704767,0.0020956752320684807,-0.011913791674746006,-0.001882590859140052,-0.0024867994767755483,-0.01178127180020395,-0.026635881074837203,0.071318179934533,-0.30032259833640457,-0.3746119066274336,3.372860522073944,-9.648172716175882,-0.4169140624999985,0.24066406249999955,8.561230468750004,357.5,358.625,257.0625,360.0,360.0,0.0,-2.5,-1.375,257.0625,0.6231689453125,-0.009521484375,0.0234375,0.78167724609375,0.001090830782496456,0.002181661564992912,0.0,21.875,-6.1875,-38.75,,,False,,,False,,,,,,,,,,,,,,
55.33939218521118,55.32910418510437,0.12534213066101074,odometry_only,1467,-4,0.0,True,,,N/A,False,37,-0.4530859375000015,0.24933593750000044,11.108769531249997,-0.004366570513647109,0.010028619853331741,-0.013626300510045552,-0.008995563704775656,-0.007141678058951765,-0.013167858137866206,-0.0273176266101877,0.07071475298985813,-0.3018861868886926,-0.3779932304323717,3.3817618772923317,-9.685913782297328,-0.4169140624999985,0.24066406249999955,8.561230468750004,357.5,358.625,257.0625,360.0,360.0,0.0,-2.5,-1.375,257.0625,0.6231689453125,-0.009521484375,0.0234375,0.78167724609375,-0.001090830782496456,0.0,0.0,19.6875,-5.875,-38.75,,,False,,,False,,,,,,,,,,,,,,
55.46291494369507,55.45262694358826,0.12350988388061523,odometry_only,1467,-4,0.0,True,,,N/A,False,37,-0.4230859375000015,0.19933593750000045,11.098769531249998,-0.01358914273392237,0.007010001363706988,-0.014287518579099875,-0.004004931861244518,-0.015483788422594272,-0.013496329996756038,-0.028120471459062504,0.06931751862091788,-0.30353283227883165,-0.3814168069599193,3.3904095620954244,-9.723301398675577,-0.4169140624999985,0.24066406249999955,8.561230468750004,357.5,358.625,257.0625,360.0,360.0,0.0,-2.5,-1.375,257.0625,0.6231689453125,-0.009521484375,0.0234375,0.78167724609375,-0.001090830782496456,-0.001090830782496456,-0.001090830782496456,21.5,-6.1875,-38.75,,,False,,,False,,,,,,,,,,,,,,
55.58719253540039,55.57690453529358,0.12426638603210449,odometry_only,1471,-4,0.0,True,,,N/A,False,37,-0.4530859375000015,0.25933593750000045,11.128769531249997,-0.015179491898467384,0.0037923099382849317,-0.024707488101670713,-0.0006631116971683234,-0.016822866365563884,-0.023912549161085036,-0.028410511910484708,0.06731020300326228,-0.30585716538805996,-0.38492925746100665,3.3988986786944433,-9.761164745022667,-0.4169140624999985,0.24066406249999955,8.561230468750004,357.5,358.625,257.0625,360.0,360.0,0.0,-2.5,-1.375,257.0625,0.6231689453125,-0.009521484375,0.0234375,0.78167724609375,0.001090830782496456,0.003272492347489368,-0.002181661564992912,20.75,-6.1875,-39.5625,,,False,,,False,,,,,,,,,,,,,,
55.712317943573,55.70202994346619,0.12511181831359863,odometry_only,1471,-4,0.0,True,,,N/A,False,37,-0.4230859375000015,0.27933593750000046,11.068769531249997,-0.011727128491094141,0.004570277365702164,-0.02674861476339918,-0.0022209783706974603,-0.013732885877283768,-0.02608402710789136,-0.028590928786770147,0.06539876014174104,-0.30898474667129305,-0.3884950344070708,3.407200408537235,-9.799626739819244,-0.4169140624999985,0.24066406249999955,8.561230468750004,357.5,358.625,257.0625,360.0,360.0,0.0,-2.5,-1.375,257.0625,0.6231689453125,-0.009521484375,0.0234375,0.78167724609375,-0.001090830782496456,0.001090830782496456,0.0,20.5,-6.1875,-39.5625,,,False,,,False,,,,,,,,,,,,,,
55.83927655220032,55.828988552093506,0.12694597244262695,odometry_only,1467,-4,0.0,True,,,N/A,False,37,-0.4130859375000015,0.20933593750000046,11.078769531249996,-0.010377364391512198,0.004874437843689288,-0.021399823387111196,-0.00274199787437185,-0.012226631634159792,-0.02079406654662021,-0.028905943709590137,0.06375103204442523,-0.3119602392639073,-0.39214453260280085,3.415397931517153,-9.839039972355703,-0.4169140624999985,0.24066406249999955,8.561230468750004,357.5,358.625,257.0625,360.0,360.0,0.0,-2.5,-1.375,257.0625,0.6231689453125,-0.009521484375,0.0234375,0.78167724609375,0.001090830782496456,0.001090830782496456,0.002181661564992912,21.0625,-5.875,-38.375,,,False,,,False,,,,,,,,,,,,,,
55.96388053894043,55.95359253883362,0.12459182739257812,odometry_only,1471,-4,0.0,True,,,N/A,False,37,-0.3930859375000015,0.25933593750000045,11.128769531249997,0.000309596900457617,0.011093167819884418,-0.0051148450718139366,-0.010954661016002763,-0.0024117688790914727,-0.00484712652278302,-0.029759189589752422,0.06283911950940001,-0.31355758081442875,-0.395799130683798,3.4232839806731503,-9.878007176490794,-0.4169140624999985,0.24066406249999955,8.561230468750004,357.5,358.625,257.0625,360.0,360.0,0.0,-2.5,-1.375,257.0625,0.6231689453125,-0.009521484375,0.0234375,0.78167724609375,0.001090830782496456,0.001090830782496456,-0.002181661564992912,20.5,-6.1875,-40.375,,,False,,,False,,,,,,,,,,,,,,
56.09183621406555,56.08154821395874,0.1279435157775879,odometry_only,1467,-4,0.0,True,,,N/A,False,37,-0.3930859375000015,0.23933593750000043,11.078769531249996,0.010683268327591741,-0.004953989701989271,0.007463229646143925,0.0025516264388775497,0.01186615700014758,0.006859850832349905,-0.03029674648325144,0.0634439333372669,-0.31342882330220023,-0.3996410144860451,3.431362529555315,-9.918116598934509,-0.4169140624999985,0.24066406249999955,8.561230468750004,357.5,358.625,257.0625,360.0,360.0,0.0,-2.5,-1.375,257.0625,0.6231689453125,-0.009521484375,0.0234375,0.78167724609375,0.001090830782496456,0.002181661564992912,0.0,20.5,-5.875,-38.375,,,False,,,False,,,,,,,,,,,,,,
56.217275619506836,56.206987619400024,0.1254279613494873,odometry_only,1471,-4,0.0,True,,,N/A,False,37,-0.44308593750000147,0.23933593750000043,11.088769531249996,0.010552020115669225,0.005254817440105971,0.002052571102025106,-0.007446932744983284,0.00920727257775867,0.0017148199175853118,-0.03060375062832951,0.06476553199256628,-0.3128910715664965,-0.4034603270849831,3.4394030554863297,-9.957395612717512,-0.4169140624999985,0.24066406249999955,8.561230468750004,357.5,358.625,257.0625,360.0,360.0,0.0,-2.5,-1.375,257.0625,0.6231689453125,-0.009521484375,0.0234375,0.78167724609375,0.001090830782496456,0.003272492347489368,-0.001090830782496456,21.0625,-6.1875,-38.375,,,False,,,False,,,,,,,,,,,,,,
56.342782497406006,56.332494497299194,0.12549471855163574,odometry_only,1467,-4,0.0,True,,,N/A,False,37,-0.38308593750000147,0.19933593750000045,11.088769531249996,0.012540908850810271,-0.0030206631458771227,-0.0020879777319808843,0.00011591061302325895,0.012782168477637893,-0.002713150455376256,-0.031063752907902576,0.06614531135074367,-0.31295371417142726,-0.4073298000850138,3.4476173652066926,-9.996665720339108,-0.4169140624999985,0.24066406249999955,8.561230468750004,357.5,358.625,257.0625,360.0,360.0,0.0,-2.5,-1.375,257.0625,0.6231689453125,-0.009521484375,0.0234375,0.78167724609375,0.003272492347489368,0.003272492347489368,-0.002181661564992912,20.0625,-5.875,-39.1875,,,False,,,False,,,,,,,,,,,,,,
56.46772050857544,56.45743250846863,0.12492561340332031,odometry_only,1471,-4,0.0,True,,,N/A,False,37,-0.3930859375000015,0.18933593750000044,11.098769531249998,0.019420067325216714,-0.004190018086104446,-0.003691866422225465,-0.0003023240092750046,0.01966306988510039,-0.00464730320126219,-0.03107539681183925,0.06817193200298467,-0.31341346876541837,-0.41121118578256355,3.4560071972149964,-10.035790372611155,-0.4169140624999985,0.24066406249999955,8.561230468750004,357.5,358.625,257.0625,360.0,360.0,0.0,-2.5,-1.375,257.0625,0.6231689453125,-0.009521484375,0.0234375,0.78167724609375,-0.004363323129985824,-0.003272492347489368,0.0,20.75,-5.875,-39.1875,,,False,,,False,,,,,,,,,,,,,,
56.59403443336487,56.58374643325806,0.12630224227905273,odometry_only,1467,-4,0.0,True,,,N/A,False,37,-0.44308593750000147,0.23933593750000043,11.098769531249998,0.022108328530000994,0.003532696006585276,-0.0022737199007194144,-0.008409049359306064,0.020633507977376654,-0.003158191107677779,-0.031625529806730154,0.07071670607308632,-0.31390639448207613,-0.4151708195950134,3.4647781704230423,-10.075406325288329,-0.4169140624999985,0.24066406249999955,8.561230468750004,357.5,358.625,257.0625,360.0,360.0,0.0,-2.5,-1.375,257.0625,0.6231689453125,-0.009521484375,0.0234375,0.78167724609375,0.0,0.0,0.0,20.5,-5.875,-39.5625,,,False,,,False,,,,,,,,,,,,,,
56.71764278411865,56.70735478401184,0.12359619140625,odometry_only,1471,-4,0.0,True,,,N/A,False,37,-0.43308593750000146,0.23933593750000043,11.078769531249996,0.010972130302431457,0.01460369951668411,-0.007813450154147802,-0.016794194100635658,0.007060267056955663,-0.007925487988327758,-0.03318304225809679,0.0724281286330388,-0.3145913447435938,-0.41917586593385847,3.4736242486176194,-10.114246288726195,-0.4169140624999985,0.24066406249999955,8.561230468750004,357.5,358.625,257.0625,360.0,360.0,0.0,-2.5,-1.375,257.0625,0.6231689453125,-0.009521484375,0.0234375,0.78167724609375,-0.001090830782496456,-0.001090830782496456,0.001090830782496456,21.0625,-6.1875,-40.0625,,,False,,,False,,,,,,,,,,,,,,
56.84238529205322,56.83209729194641,0.12473011016845703,odometry_only,1468,-4,0.0,True,,,N/A,False,37,-0.37308593750000146,0.18933593750000044,11.108769531249997,0.00455979958386418,0.018955398622286075,-0.007955956401321242,-0.01960691675593134,-0.00015794205674364586,-0.0076772404591224945,-0.0354531995417937,0.07285859251188627,-0.3155644097626833,-0.4234563689344831,3.48268506298483,-10.153545987067622,-0.4169140624999985,0.24066406249999955,8.561230468750004,357.5,358.625,257.0625,360.0,360.0,0.0,-2.5,-1.375,257.0625,0.6231689453125,-0.009521484375,0.0234375,0.78167724609375,-0.001090830782496456,-0.003272492347489368,-0.001090830782496456,20.5,-6.5625,-39.5625,,,False,,,False,,,,,,,,,,,,,,
56.97694754600525,56.96665954589844,0.13454437255859375,odometry_only,1471,-4,0.0,True,,,N/A,False,37,-0.43308593750000146,0.23933593750000043,11.068769531249997,0.001989171156535865,0.003943830366774348,-0.005918571295316612,-0.004372626424311197,0.0007735301004222319,-0.005901006301198778,-0.03706635583750742,0.07290000446543192,-0.3164778481080899,-0.4283349179728512,3.492490562472497,-10.196064851575493,-0.4169140624999985,0.24066406249999955,8.561230468750004,357.5,358.625,257.0625,360.0,360.0,0.0,-2.5,-1.375,257.0625,0.6231689453125,-0.009521484375,0.0234375,0.78167724609375,0.0,-0.001090830782496456,-0.001090830782496456,20.0625,-6.1875,-39.1875,,,False,,,False,,,,,,,,,,,,,,
57.111491680145264,57.10120368003845,0.13453078269958496,odometry_only,1465,-5,0.0,True,,,N/A,False,37,-0.4130859375000015,0.26933593750000046,11.068769531249997,0.005222715042462782,-0.0016349456093541935,-0.00725584978662194,0.00032421682981026055,0.005097173301473938,-0.0075173707816193445,-0.03733867369322578,0.07329489962725902,-0.31738044049384473,-0.43333980140262884,3.5023244199096375,-10.238701577418611,-0.4169140624999985,0.24066406249999955,8.561230468750004,357.5,358.625,257.0625,360.0,360.0,0.0,-2.5,-1.375,257.0625,0.6231689453125,-0.009521484375,0.0234375,0.78167724609375,0.0,0.0,0.001090830782496456,20.75,-6.1875,-39.1875,,,False,,,False,,,,,,,,,,,,,,
57.25195384025574,57.241665840148926,0.14045047760009766,odometry_only,1461,-5,0.0,True,,,N/A,False,37,-0.44308593750000147,0.23933593750000043,11.048769531249997,-0.006322953156670579,0.004769665509927678,-0.020527388390458017,-0.003532076127430566,-0.008212888537153086,-0.02010412942499846,-0.03756394637843812,0.0730760977808005,-0.31932016694187004,-0.43859985578391075,3.51260335815602,-10.283414029619921,-0.4169140624999985,0.24066406249999955,8.561230468750004,357.5,358.625,257.0625,360.0,360.0,0.0,-2.5,-1.375,257.0625,0.6231689453125,-0.009521484375,0.0234375,0.78167724609375,0.001090830782496456,0.0,-0.001090830782496456,21.5,-6.5625,-39.5625,,,False,,,False,,,,,,,,,,,,,,
57.37344026565552,57.363152265548706,0.12147378921508789,odometry_only,1465,-5,0.0,True,,,N/A,False,37,-0.4230859375000015,0.25933593750000045,11.108769531249997,-0.00624740696922842,0.008976121671144257,-0.025070610491904316,-0.007713972534999463,-0.009294470388873106,-0.024540656316626223,-0.038246996450799445,0.072012755166854,-0.32203175258823546,-0.4432043770286287,3.521415604526231,-10.322367753562768,-0.4169140624999985,0.24066406249999955,8.561230468750004,357.5,358.625,257.0625,360.0,360.0,0.0,-2.5,-1.375,257.0625,0.6231689453125,-0.009521484375,0.0234375,0.78167724609375,0.002181661564992912,0.002181661564992912,-0.002181661564992912,20.75,-6.1875,-38.75,,,False,,,False,,,,,,,,,,,,,,
57.49837064743042,57.48808264732361,0.12491893768310547,odometry_only,1465,-5,0.0,True,,,N/A,False,37,-0.44308593750000147,0.23933593750000043,11.108769531249997,-0.010289583773124574,0.010659441037316739,-0.02078008246002552,-0.008391242168335996,-0.013396640782714275,-0.020035671067096725,-0.03925291960674894,0.07059548041565203,-0.32481596631952997,-0.4480449806208481,3.5303228391731456,-10.362769518507116,-0.4169140624999985,0.24066406249999955,8.561230468750004,357.5,358.625,257.0625,360.0,360.0,0.0,-2.5,-1.375,257.0625,0.6231689453125,-0.009521484375,0.0234375,0.78167724609375,-0.002181661564992912,0.00545415391248228,0.001090830782496456,19.6875,-6.1875,-40.375,,,False,,,False,,,,,,,,,,,,,,
57.62279748916626,57.61250948905945,0.12441372871398926,odometry_only,1465,-5,0.0,True,,,N/A,False,37,-0.38308593750000147,0.21933593750000047,11.118769531249997,-0.0016951108435242536,0.011313452328801536,-0.006915155433141794,-0.01074783088899903,-0.004500212493899084,-0.006551274511394077,-0.04044350132834519,0.0694821732914567,-0.32646985683679797,-0.45300264506769544,3.53903663077675,-10.403283967365835,-0.4169140624999985,0.24066406249999955,8.561230468750004,357.5,358.625,257.0625,360.0,360.0,0.0,-2.5,-1.375,257.0625,0.6231689453125,-0.009521484375,0.0234375,0.78167724609375,0.001090830782496456,0.0,0.001090830782496456,21.0625,-6.1875,-39.5625,,,False,,,False,,,,,,,,,,,,,,
57.74556827545166,57.73528027534485,0.12275886535644531,odometry_only,1465,-5,0.0,True,,,N/A,False,37,-0.43308593750000146,0.19933593750000045,11.078769531249996,0.0016400751647142916,0.007522535964106609,-0.001534707905516441,-0.007720026000403329,-0.00014902741412916367,-0.001418700678571474,-0.041577047906999315,0.06919680558351697,-0.32695904939241754,-0.4580370198477171,3.5475486678244907,-10.443391062925736,-0.4169140624999985,0.24066406249999955,8.561230468750004,357.5,358.625,257.0625,360.0,360.0,0.0,-2.5,-1.375,257.0625,0.6231689453125,-0.009521484375,0.0234375,0.78167724609375,0.003272492347489368,-0.001090830782496456,0.003272492347489368,19.6875,-6.1875,-39.5625,,,False,,,False,,,,,,,,,,,,,,
57.870649337768555,57.86036133766174,0.12506842613220215,odometry_only,1465,-5,0.0,True,,,N/A,False,37,-0.4230859375000015,0.23933593750000043,11.098769531249998,0.004998528573778374,0.006020687499416575,0.0005968655931670903,-0.006975067039795304,0.003558538443029609,0.000524841256627315,-0.042495993986201276,0.06941001667264945,-0.32701494618796056,-0.46329446136258173,3.556216336379873,-10.484286812105049,-0.4169140624999985,0.24066406249999955,8.561230468750004,357.5,358.625,257.0625,360.0,360.0,0.0,-2.5,-1.375,257.0625,0.6231689453125,-0.009521484375,0.0234375,0.78167724609375,-0.001090830782496456,-0.001090830782496456,0.0,21.0625,-6.5625,-39.5625,,,False,,,False,,,,,,,,,,,,,,
57.994507789611816,57.984219789505005,0.12384557723999023,odometry_only,1471,-4,0.0,True,,,N/A,False,37,-0.4230859375000015,0.21933593750000047,11.098769531249998,-0.001817956736585853,0.003409560769110622,-0.0006067928080558584,-0.0029262717452401134,-0.0025574176206598458,-0.0004413815048371657,-0.043109112494841985,0.06947200886571614,-0.3270097781273922,-0.46859536827599957,3.5648162986904017,-10.524785846861079,-0.4169140624999985,0.24066406249999955,8.561230468750004,357.5,358.625,257.0625,360.0,360.0,0.0,-2.5,-1.375,257.0625,0.6231689453125,-0.009521484375,0.0234375,0.78167724609375,-0.004363323129985824,0.0,0.0,21.5,-6.1875,-38.75,,,False,,,False,,,,,,,,,,,,,,
58.11745524406433,58.10716724395752,0.12293481826782227,odometry_only,1465,-5,0.0,True,,,N/A,False,37,-0.4130859375000015,0.22933593750000048,11.088769531249996,-0.0004298144300003781,0.00239106060284398,-0.009170276085430817,-0.002365983901405068,-0.001394726537144763,-0.00908034871569422,-0.043434413737915574,0.06922908080381217,-0.3275950542145203,-0.47391497461083987,3.573341895316438,-10.565022709911675,-0.4169140624999985,0.24066406249999955,8.561230468750004,357.5,358.625,257.0625,360.0,360.0,0.0,-2.5,-1.375,257.0625,0.6231689453125,-0.009521484375,0.0234375,0.78167724609375,-0.004363323129985824,-0.004363323129985824,-0.002181661564992912,20.5,-6.1875,-38.75,,,False,,,False,,,,,,,,,,,,,,
58.24508547782898,58.23479747772217,0.12761783599853516,odometry_only,1461,-5,0.0,True,,,N/A,False,37,-0.43308593750000146,0.21933593750000047,11.078769531249996,-0.0019294619957791713,-0.0041743172997141045,-0.008478339491015877,0.0043777098658668275,-0.0013625345811445842,-0.008485820224483033,-0.04330604768081223,0.06905314295521267,-0.32871593244798536,-0.4794497896007261,3.582165534393034,-10.606901203841641,-0.4169140624999985,0.24066406249999955,8.561230468750004,357.5,358.625,257.0625,360.0,360.0,0.0,-2.5,-1.375,257.0625,0.6231689453125,-0.009521484375,0.0234375,0.78167724609375,-0.002181661564992912,0.0,0.0,20.0625,-6.1875,-39.5625,,,False,,,False,,,,,,,,,,,,,,
58.37088632583618,58.36059832572937,0.12578868865966797,odometry_only,1467,-4,0.0,True,,,N/A,False,37,-0.4030859375000015,0.22933593750000048,11.108769531249997,0.0015811629787574008,-0.006681876503804123,-0.004130667949778181,0.006100707992748517,0.002824203523804979,-0.004360642628346093,-0.0426470144599806,0.06914507366498858,-0.3295239023060716,-0.48485575108721274,3.590857420614914,-10.648300766660276,-0.4169140624999985,0.24066406249999955,8.561230468750004,357.5,358.625,257.0625,360.0,360.0,0.0,-2.5,-1.375,257.0625,0.6231689453125,-0.009521484375,0.0234375,0.78167724609375,0.002181661564992912,0.001090830782496456,-0.001090830782496456,21.5,-6.1875,-39.1875,,,False,,,False,,,,,,,,,,,,,,
58.49726366996765,58.48697566986084,0.12636494636535645,odometry_only,1465,-5,0.0,True,,,N/A,False,37,-0.43308593750000146,0.22933593750000048,11.108769531249997,-0.005237342331086718,-0.007655252320171886,0.0016476203200705497,0.008653689234438709,-0.0033189814520016964,0.0016868077106260745,-0.04171479515284726,0.06911381237180891,-0.32969284180905534,-0.49018593886071743,3.5995929589742013,-10.689951710916903,-0.4169140624999985,0.24066406249999955,8.561230468750004,357.5,358.625,257.0625,360.0,360.0,0.0,-2.5,-1.375,257.0625,0.6231689453125,-0.009521484375,0.0234375,0.78167724609375,0.001090830782496456,0.004363323129985824,0.0,21.0625,-6.1875,-39.1875,,,False,,,False,,,,,,,,,,,,,,
58.622565507888794,58.61227750778198,0.1252899169921875,odometry_only,1471,-4,0.0,True,,,N/A,False,37,-0.4230859375000015,0.21933593750000047,11.108769531249997,-0.0037862437448631927,-0.003953021816439957,0.0018344565767447487,0.004724074187542624,-0.0027195696197273166,0.0019011360453101928,-0.04087674571850668,0.06873552759054391,-0.3294680752213784,-0.4953598825107318,3.608228525154857,-10.731244819206522,-0.4169140624999985,0.24066406249999955,8.561230468750004,357.5,358.625,257.0625,360.0,360.0,0.0,-2.5,-1.375,257.0625,0.6231689453125,-0.009521484375,0.0234375,0.78167724609375,0.0,-0.00545415391248228,0.0,20.375,-7.0,-39.1875,,,False,,,False,,,,,,,,,,,,,,
58.74905323982239,58.738765239715576,0.12647581100463867,odometry_only,1461,-5,0.0,True,,,N/A,False,37,-0.4230859375000015,0.21933593750000047,11.098769531249998,0.000871482691248082,-0.0004636876409614748,-0.00013870952173982917,0.00025549911985629233,0.0009449528439730449,-0.00018844883487733005,-0.04056184793225151,0.06862330454257592,-0.32935976846941,-0.5005098886002602,3.6169148100012003,-10.772907712128136,-0.4169140624999985,0.24066406249999955,8.561230468750004,357.5,358.625,257.0625,360.0,360.0,0.0,-2.5,-1.375,257.0625,0.6231689453125,-0.009521484375,0.0234375,0.78167724609375,0.002181661564992912,-0.002181661564992912,0.0,20.5,-6.1875,-39.1875,,,False,,,False,,,,,,,,,,,,,,
58.873494148254395,58.86320614814758,0.12442731857299805,odometry_only,1471,-4,0.0,True,,,N/A,False,37,-0.4030859375000015,0.24933593750000044,11.118769531249997,0.010791238461834197,0.002908452489524805,0.007236384687034681,-0.005139091993318384,0.010213090475579585,0.006823320539486553,-0.040865674115375054,0.06931748724796256,-0.3289469888217698,-0.5055757927134752,3.6254966114233667,-10.81386338443225,-0.4169140624999985,0.24066406249999955,8.561230468750004,357.5,358.625,257.0625,360.0,360.0,0.0,-2.5,-1.375,257.0625,0.6231689453125,-0.009521484375,0.0234375,0.78167724609375,0.003272492347489368,-0.003272492347489368,-0.001090830782496456,20.0625,-6.5625,-39.1875,,,False,,,False,,,,,,,,,,,,,,
58.99798107147217,58.987693071365356,0.12447142601013184,odometry_only,1471,-4,0.0,True,,,N/A,False,37,-0.4230859375000015,0.23933593750000043,11.078769531249996,0.014661236866510089,0.006257386353969179,0.004013554889356818,-0.009312951063418768,0.013081113269471393,0.0035169292586375413,-0.041765107319391,0.07076721862692109,-0.3283034560029331,-0.5107183783122337,3.634214882974595,-10.854767834488811,-0.4169140624999985,0.24066406249999955,8.561230468750004,357.5,358.625,257.0625,360.0,360.0,0.0,-2.5,-1.375,257.0625,0.6231689453125,-0.009521484375,0.0234375,0.78167724609375,-0.003272492347489368,0.002181661564992912,0.001090830782496456,20.75,-6.1875,-40.0625,,,False,,,False,,,,,,,,,,,,,,
59.12533092498779,59.11504292488098,0.12733697891235352,odometry_only,1461,-5,0.0,True,,,N/A,False,37,-0.4130859375000015,0.22933593750000048,11.078769531249996,0.01208114344853639,0.005523645373550262,-0.0013571773512335494,-0.008099007648611708,0.010471175787641208,-0.0017513333011176767,-0.0428737004290593,0.0722667572944227,-0.3281910431753279,-0.5161072033509493,3.643321640162418,-10.89656584758778,-0.4169140624999985,0.24066406249999955,8.561230468750004,357.5,358.625,257.0625,360.0,360.0,0.0,-2.5,-1.375,257.0625,0.6231689453125,-0.009521484375,0.0234375,0.78167724609375,0.001090830782496456,-0.002181661564992912,0.0,20.75,-6.1875,-39.5625,,,False,,,False,,,,,,,,,,,,,,
59.25181579589844,59.241527795791626,0.12647151947021484,odometry_only,1467,-4,0.0,True,,,N/A,False,37,-0.4130859375000015,1.5193359375000004,11.098769531249998,0.006999510641740242,0.005242195787758666,-0.011601204321365119,-0.006837526904796579,0.005088363880031747,-0.011765138607668901,-0.04381822353935376,0.07325067660643654,-0.32904576754541826,-0.52158923302599,3.652523545649842,-10.938126716639585,-0.4169140624999985,0.24066406249999955,8.561230468750004,357.5,358.625,257.0625,360.0,360.0,0.0,-2.5,-1.375,257.0625,0.6231689453125,-0.009521484375,0.0234375,0.78167724609375,-0.002181661564992912,0.001090830782496456,-0.002181661564992912,20.5,-5.875,-38.75,,,False,,,False,,,,,,,,,,,,,,
59.37644290924072,59.36615490913391,0.12461352348327637,odometry_only,1467,-4,0.0,True,,,N/A,False,37,-0.4130859375000015,0.21933593750000047,11.088769531249996,0.0030139230575440172,0.005134120449370303,-0.01146633505967037,-0.005840916953965948,0.0012378022681252296,-0.011457368780307318,-0.04460817632011641,0.07364483953336777,-0.3304926867802843,-0.5270987956537049,3.66167612957488,-10.979220421972705,-0.4169140624999985,0.24066406249999955,8.561230468750004,357.5,358.625,257.0625,360.0,360.0,0.0,-2.5,-1.375,257.0625,0.6231689453125,-0.009521484375,0.0234375,0.78167724609375,0.001090830782496456,0.003272492347489368,0.001090830782496456,21.5,-6.1875,-39.1875,,,False,,,False,,,,,,,,,,,,,,
59.50369715690613,59.493409156799316,0.12724018096923828,odometry_only,1472,-4,0.0,True,,,N/A,False,37,-0.4030859375000015,0.23933593750000043,11.088769531249996,0.0034988219764931143,0.007142422386907255,-0.00936258467125712,-0.007876433781937897,0.0013657528318704055,-0.009327939460761377,-0.045480875415143875,0.07381047794441119,-0.3318150499713318,-0.5328302692767757,3.6710572502152545,-11.021356500113507,-0.4169140624999985,0.24066406249999955,8.561230468750004,357.5,358.625,257.0625,360.0,360.0,0.0,-2.5,-1.375,257.0625,0.6231689453125,-0.009521484375,0.0234375,0.78167724609375,0.003272492347489368,0.001090830782496456,0.001090830782496456,20.5,-5.875,-38.75,,,False,,,False,,,,,,,,,,,,,,
59.62566351890564,59.61537551879883,0.12195467948913574,odometry_only,1471,-4,0.0,True,,,N/A,False,37,-0.43308593750000146,0.20933593750000046,11.088769531249996,-0.00035191375492001336,0.0018511084756346842,-0.006549274007702817,-0.0018195378011993343,-0.001071738822694093,-0.0064795134071454095,-0.04607210996852251,0.07382840613653839,-0.33277894639535444,-0.5384129267711449,3.6800598766093673,-11.061881674022159,-0.4169140624999985,0.24066406249999955,8.561230468750004,357.5,358.625,257.0625,360.0,360.0,0.0,-2.5,-1.375,257.0625,0.6231689453125,-0.009521484375,0.0234375,0.78167724609375,-0.003272492347489368,-0.001090830782496456,0.001090830782496456,20.0625,-6.5625,-38.375,,,False,,,False,,,,,,,,,,,,,,
59.75513482093811,59.7448468208313,0.12945795059204102,odometry_only,1461,-5,0.0,True,,,N/A,False,37,-0.4230859375000015,0.20933593750000046,11.108769531249997,0.0001563323918358613,-0.004415909329876059,-0.005412384650504825,0.004191685339613248,0.0008709993761078976,-0.005521751237780887,-0.04591856328911,0.07381541247785937,-0.3335557759580769,-0.5443673887879026,3.6896167096970687,-11.105012837804255,-0.4169140624999985,0.24066406249999955,8.561230468750004,357.5,358.625,257.0625,360.0,360.0,0.0,-2.5,-1.375,257.0625,0.6231689453125,-0.009521484375,0.0234375,0.78167724609375,0.001090830782496456,0.00545415391248228,0.002181661564992912,20.0625,-6.5625,-40.0625,,,False,,,False,,,,,,,,,,,,,,
59.877983808517456,59.867695808410645,0.12283611297607422,odometry_only,1471,-4,0.0,True,,,N/A,False,37,-0.44308593750000147,0.21933593750000047,11.088769531249996,-0.0077455022545181475,-0.008776573692875867,-0.009034000590246557,0.010153267217652483,-0.0060303637128374075,-0.008898319837117493,-0.04503752418262964,0.07349853434758376,-0.3344414286979165,-0.5499537349061727,3.6986644460046696,-11.146039927853668,-0.4169140624999985,0.24066406249999955,8.561230468750004,357.5,358.625,257.0625,360.0,360.0,0.0,-2.5,-1.375,257.0625,0.6231689453125,-0.009521484375,0.0234375,0.78167724609375,-0.001090830782496456,0.0,-0.002181661564992912,20.5,-6.1875,-38.75,,,False,,,False,,,,,,,,,,,,,,
60.00491189956665,59.99462389945984,0.12691593170166016,odometry_only,1467,-4,0.0,True,,,N/A,False,37,-0.4130859375000015,0.24933593750000044,11.078769531249996,-0.006794318034193599,-0.0023178863197656522,-0.012524786426573557,0.003595850916885914,-0.006708701250489351,-0.012266573005025469,-0.04416503311356908,0.07269013919816947,-0.3357845097451297,-0.5556143477408816,3.707941281858314,-11.188571102567726,-0.4169140624999985,0.24066406249999955,8.561230468750004,357.5,358.625,257.0625,360.0,360.0,0.0,-2.5,-1.375,257.0625,0.6231689453125,-0.009521484375,0.0234375,0.78167724609375,0.003272492347489368,0.001090830782496456,0.0,20.75,-6.1875,-38.375,,,False,,,False,,,,,,,,,,,,,,
60.1274311542511,60.11714315414429,0.12250781059265137,odometry_only,1467,-4,0.0,True,,,N/A,False,37,-0.43308593750000146,0.22933593750000048,11.078769531249996,-0.010474224376923285,0.0021578181479098733,-0.017893105871664563,-2.2310031280784598e-05,-0.011547157378888463,-0.01735486824847327,-0.043946139778589674,0.07157189656258245,-0.3375989387024122,-0.561011501180766,3.7167778949346584,-11.229818468547045,-0.4169140624999985,0.24066406249999955,8.561230468750004,357.5,358.625,257.0625,360.0,360.0,0.0,-2.5,-1.375,257.0625,0.6231689453125,-0.009521484375,0.0234375,0.78167724609375,-0.003272492347489368,-0.003272492347489368,0.0,21.875,-6.1875,-38.375,,,False,,,False,,,,,,,,,,,,,,
60.251790046691895,60.24150204658508,0.12434697151184082,odometry_only,1468,-4,0.0,True,,,N/A,False,37,-0.43308593750000146,0.22933593750000048,11.078769531249996,-0.005834094906056105,0.005963159504515604,-0.022052001797932368,-0.004826276771032843,-0.00807601993863794,-0.021618780548987672,-0.044247593321079665,0.07035185522714532,-0.34002206630077736,-0.5664948129893997,3.7256017892949838,-11.271948528449522,-0.4169140624999985,0.24066406249999955,8.561230468750004,357.5,358.625,257.0625,360.0,360.0,0.0,-2.5,-1.375,257.0625,0.6231689453125,-0.009521484375,0.0234375,0.78167724609375,-0.003272492347489368,-0.00545415391248228,-0.001090830782496456,20.5,-5.875,-39.5625,,,False,,,False,,,,,,,,,,,,,,
60.378092765808105,60.367804765701294,0.12628936767578125,odometry_only,1472,-4,0.0,True,,,N/A,False,37,-0.4230859375000015,0.22933593750000048,11.088769531249996,-0.001967603824959564,0.001322567740417108,-0.02368472802201509,-0.0011893317329298963,-0.00335883607513328,-0.023534882663107607,-0.044627447018154916,0.06962980485942394,-0.3428732800884277,-0.5721067993127005,3.7344408869642534,-11.315069739191635,-0.4169140624999985,0.24066406249999955,8.561230468750004,357.5,358.625,257.0625,360.0,360.0,0.0,-2.5,-1.375,257.0625,0.6231689453125,-0.009521484375,0.0234375,0.78167724609375,0.001090830782496456,0.001090830782496456,0.001090830782496456,20.75,-6.1875,-38.375,,,False,,,False,,,,,,,,,,,,,,
60.50204420089722,60.491756200790405,0.12393903732299805,odometry_only,1471,-4,0.0,True,,,N/A,False,37,-0.43308593750000146,0.23933593750000043,11.078769531249996,0.003576023091273563,0.0015717673640126978,-0.02228130402808723,-0.0026491147962391833,0.0020521857258465675,-0.022371536101281266,-0.044865313701975426,0.06954883236621977,-0.3457180787627301,-0.5776526226182157,3.74306572012109,-11.357741414254109,-0.4169140624999985,0.24066406249999955,8.561230468750004,357.5,358.625,257.0625,360.0,360.0,0.0,-2.5,-1.375,257.0625,0.6231689453125,-0.009521484375,0.0234375,0.78167724609375,0.0,0.004363323129985824,0.002181661564992912,21.0625,-6.1875,-38.375,,,False,,,False,,,,,,,,,,,,,,
60.625110149383545,60.61482214927673,0.12305378913879395,odometry_only,1471,-4,0.0,True,,,N/A,False,37,-0.4130859375000015,0.21933593750000047,11.118769531249997,0.0037133048180174586,-0.0003553304719011315,-0.009588499306344362,-0.0006196090652776894,0.0032298161447941974,-0.00974877344287946,-0.04506642813037945,0.06987381753843004,-0.3476943416615901,-0.5831858434163772,3.7516439628023592,-11.400404927138666,-0.4169140624999985,0.24066406249999955,8.561230468750004,357.5,358.625,257.0625,360.0,360.0,0.0,-2.5,-1.375,257.0625,0.6231689453125,-0.009521484375,0.0234375,0.78167724609375,0.004363323129985824,0.002181661564992912,0.0,21.0625,-6.1875,-39.5625,,,False,,,False,,,,,,,,,,,,,,
60.75066566467285,60.74037766456604,0.12554311752319336,odometry_only,1467,-4,0.0,True,,,N/A,False,37,-0.44308593750000147,0.24933593750000044,11.098769531249998,0.0017274898948187864,0.0009220703274771278,-0.004564652392849317,-0.0013495860923134336,0.0012558836444789378,-0.0046121426846991885,-0.045190037579927234,0.07015539190633928,-0.34859579875216273,-0.5888513824573258,3.7604338145513614,-11.44411214460277,-0.4169140624999985,0.24066406249999955,8.561230468750004,357.5,358.625,257.0625,360.0,360.0,0.0,-2.5,-1.375,257.0625,0.6231689453125,-0.009521484375,0.0234375,0.78167724609375,-0.001090830782496456,0.002181661564992912,0.001090830782496456,21.0625,-6.1875,-39.5625,,,False,,,False,,,,,,,,,,,,,,
60.87435173988342,60.86406373977661,0.12367415428161621,odometry_only,1461,-5,0.0,True,,,N/A,False,37,-0.4230859375000015,0.21933593750000047,11.098769531249998,0.002989834478493392,0.0014147553176976696,-0.002626988060206399,-0.0020837167216664967,0.002469648052310059,-0.0027204176531880563,-0.04540234299088306,0.07038576789726414,-0.3490492228514163,-0.5944533504830525,3.7691244690915955,-11.48725247362057,-0.4169140624999985,0.24066406249999955,8.561230468750004,357.5,358.625,257.0625,360.0,360.0,0.0,-2.5,-1.375,257.0625,0.6231689453125,-0.009521484375,0.0234375,0.78167724609375,-0.001090830782496456,0.0,0.001090830782496456,21.0625,-6.5625,-38.375,,,False,,,False,,,,,,,,,,,,,,
61.008981227874756,60.998693227767944,0.13461780548095703,odometry_only,1472,-4,0.0,True,,,N/A,False,37,-0.3930859375000015,0.24933593750000044,11.118769531249997,0.007690195797647183,0.005803871560629171,-0.003938348756010992,-0.007429325393778485,0.006007840034866534,-0.004128632913110198,-0.046042655417397625,0.07095637831840747,-0.3495102249298479,-0.6006084129870186,3.7786380538643565,-11.534271743549722,-0.4169140624999985,0.24066406249999955,8.561230468750004,357.5,358.625,257.0625,360.0,360.0,0.0,-2.5,-1.375,257.0625,0.6231689453125,-0.009521484375,0.0234375,0.78167724609375,-0.001090830782496456,0.002181661564992912,0.001090830782496456,20.75,-5.875,-39.5625,,,False,,,False,,,,,,,,,,,,,,
61.13344073295593,61.12315273284912,0.12444710731506348,odometry_only,1467,-4,0.0,True,,,N/A,False,37,-0.4030859375000015,0.22933593750000048,11.078769531249996,0.011418210962767517,0.007386456500617461,-0.0023779819733164387,-0.00978135281807635,0.009362145733821875,-0.002695448719264914,-0.04711356497659549,0.07191275345260095,-0.34993484353946336,-0.606404924065237,3.787527878951115,-11.577793701298118,-0.4169140624999985,0.24066406249999955,8.561230468750004,357.5,358.625,257.0625,360.0,360.0,0.0,-2.5,-1.375,257.0625,0.6231689453125,-0.009521484375,0.0234375,0.78167724609375,0.001090830782496456,0.006544984694978736,0.0,21.0625,-6.5625,-39.1875,,,False,,,False,,,,,,,,,,,,,,
61.25668025016785,61.246392250061035,0.12322568893432617,odometry_only,1471,-4,0.0,True,,,N/A,False,37,-0.4230859375000015,0.22933593750000048,11.078769531249996,0.01286668106796125,0.00800134857400549,-0.0037970967029822052,-0.010724216123191053,0.010567168870040241,-0.004161386150588755,-0.04837697140648449,0.07314065521362587,-0.35035731263983666,-0.6122883676314937,3.796465032058699,-11.620940692998367,-0.4169140624999985,0.24066406249999955,8.561230468750004,357.5,358.625,257.0625,360.0,360.0,0.0,-2.5,-1.375,257.0625,0.6231689453125,-0.009521484375,0.0234375,0.78167724609375,-0.001090830782496456,0.001090830782496456,-0.001090830782496456,19.6875,-6.1875,-39.1875,,,False,,,False,,,,,,,,,,,,,,
61.38113307952881,61.370845079422,0.12444090843200684,odometry_only,1471,-4,0.0,True,,,N/A,False,37,-0.4230859375000015,0.24933593750000044,11.088769531249996,0.009370899224001014,0.008243552765041542,-0.008422411834511919,-0.010246504268338247,0.006884827188400668,-0.008620628772387673,-0.04968177915448225,0.07422652633535796,-0.35115261541414,-0.6183896276312508,3.805634285031209,-11.664588959358921,-0.4169140624999985,0.24066406249999955,8.561230468750004,357.5,358.625,257.0625,360.0,360.0,0.0,-2.5,-1.375,257.0625,0.6231689453125,-0.009521484375,0.0234375,0.78167724609375,0.001090830782496456,-0.001090830782496456,-0.001090830782496456,20.0625,-6.5625,-40.0625,,,False,,,False,,,,,,,,,,,,,,
61.50345754623413,61.49316954612732,0.12231278419494629,odometry_only,1465,-5,0.0,True,,,N/A,False,37,-0.4130859375000015,0.25933593750000045,11.098769531249998,0.008016558992951357,0.01035684774426755,-0.008194897358251813,-0.012000828643603422,0.0051074028202709515,-0.008281328655236883,-0.051042345769167975,0.07495992785589137,-0.3521862781497986,-0.6245495517087565,3.8147579903193605,-11.70760262851112,-0.4169140624999985,0.24066406249999955,8.561230468750004,357.5,358.625,257.0625,360.0,360.0,0.0,-2.5,-1.375,257.0625,0.6231689453125,-0.009521484375,0.0234375,0.78167724609375,0.0,-0.002181661564992912,0.001090830782496456,20.75,-6.1875,-40.0625,,,False,,,False,,,,,,,,,,,,,,
61.625531911849976,61.615243911743164,0.12206339836120605,odometry_only,1467,-4,0.0,True,,,N/A,False,37,-0.4230859375000015,0.24933593750000044,11.068769531249997,0.0034474891596128574,0.011189158102846805,-0.0040696220530055185,-0.011733432716196843,0.0006732461935946559,-0.003939233487336233,-0.052490888068753114,0.07531273068757426,-0.352932119822302,-0.6308683608915475,3.8239293860106547,-11.750637202462862,-0.4169140624999985,0.24066406249999955,8.561230468750004,357.5,358.625,257.0625,360.0,360.0,0.0,-2.5,-1.375,257.0625,0.6231689453125,-0.009521484375,0.0234375,0.78167724609375,0.0,0.001090830782496456,0.001090830782496456,20.5,-6.5625,-39.1875,,,False,,,False,,,,,,,,,,,,,,
61.75185465812683,61.74156665802002,0.1263115406036377,odometry_only,1461,-5,0.0,True,,,N/A,False,-110,-0.4030859375000015,0.22933593750000048,11.088769531249996,0.00366503032853727,0.005387113867336188,0.0037152489294450947,-0.006015306785775773,0.002552053458666442,0.0036823396303974115,-0.053611823383886516,0.07551642697156699,-0.35294834415172277,-0.6375693593644506,3.8334551176465923,-11.795217626906148,-0.4169140624999985,0.24066406249999955,8.561230468750004,357.5,358.625,257.0625,360.0,360.0,0.0,-2.5,-1.375,257.0625,0.6231689453125,-0.009521484375,0.0234375,0.78167724609375,-0.002181661564992912,-0.001090830782496456,-0.002181661564992912,20.375,-6.1875,-38.75,,,False,,,False,,,,,,,,,,,,,,
61.87699270248413,61.86670470237732,0.12512516975402832,odometry_only,1465,-5,0.0,True,,,N/A,False,-91,-0.4230859375000015,0.21933593750000047,11.118769531249997,-0.0003262177212252958,0.0011152622133194052,0.006713166976146949,-0.0009180633902622051,-0.00023985886694696687,0.006746589211678494,-0.05404559294400865,0.07566108384196361,-0.35229588340586404,-0.6443046856111045,3.8429131734983595,-11.839339528751744,-0.4169140624999985,0.24066406249999955,8.561230468750004,357.5,358.625,257.0625,360.0,360.0,0.0,-2.5,-1.375,257.0625,0.6231689453125,-0.009521484375,0.0234375,0.78167724609375,-0.001090830782496456,0.0,0.0,21.5,-6.1875,-38.375,,,False,,,False,,,,,,,,,,,,,,
62.00207757949829,61.99178957939148,0.12507319450378418,odometry_only,1465,-5,0.0,True,,,N/A,False,37,-0.4530859375000015,0.26933593750000046,11.078769531249996,-0.005951915476526115,0.00556640824093503,0.003804045459854742,-0.004042876812232304,-0.006848356278305467,0.004199538518886378,-0.054355833263442774,0.0752178109861902,-0.3516113498245099,-0.6510837419433706,3.8523486261780384,-11.883359491898965,-0.4169140624999985,0.24066406249999955,8.561230468750004,357.5,358.625,257.0625,360.0,360.0,0.0,-2.5,-1.375,257.0625,0.6231689453125,-0.009521484375,0.0234375,0.78167724609375,0.0,0.001090830782496456,0.0,21.0625,-6.1875,-39.1875,,,False,,,False,,,,,,,,,,,,,,
62.12657332420349,62.11628532409668,0.12447738647460938,odometry_only,1461,-5,0.0,True,,,N/A,False,37,-0.4230859375000015,0.23933593750000043,11.098769531249998,-0.012202173188282917,0.011360795373992054,-0.005458641280751127,-0.00842857757259761,-0.014671739863290649,-0.004632126527322261,-0.05513204028712324,0.07387842832399609,-0.3516382735368651,-0.6578981241184891,3.861628181279301,-11.927128829476603,-0.4169140624999985,0.24066406249999955,8.561230468750004,357.5,358.625,257.0625,360.0,360.0,0.0,-2.5,-1.375,257.0625,0.6231689453125,-0.009521484375,0.0234375,0.78167724609375,0.001090830782496456,0.002181661564992912,-0.001090830782496456,22.25,-5.875,-37.875,,,False,,,False,,,,,,,,,,,,,,
62.26162672042847,62.251338720321655,0.13503766059875488,odometry_only,1471,-4,0.0,True,,,N/A,False,37,-0.4130859375000015,0.22933593750000048,11.098769531249998,-0.010521605674797815,0.01578893946304257,-0.009184541471797394,-0.013172982831740775,-0.014199986947668792,-0.008317661413608114,-0.05659055237826552,0.07192904310099693,-0.3525126280712617,-0.66544150289327,3.8714729311988263,-11.974672274707435,-0.4169140624999985,0.24066406249999955,8.561230468750004,357.5,358.625,257.0625,360.0,360.0,0.0,-2.5,-1.375,257.0625,0.6231689453125,-0.009521484375,0.0234375,0.78167724609375,0.0,0.002181661564992912,0.0,22.25,-6.1875,-38.75,,,False,,,False,,,,,,,,,,,,,,
62.39128088951111,62.3809928894043,0.12964320182800293,odometry_only,1471,-4,0.0,True,,,N/A,False,37,-0.3930859375000015,0.21933593750000047,11.078769531249996,0.0004195354379859916,0.009143934830955283,-0.010545082366187827,-0.009157102793568652,-0.002134961551893047,-0.010323551902621707,-0.058038024277044804,0.07087018558840756,-0.3537209813613991,-0.6728719107425605,3.880729405811758,-12.020451467890133,-0.4169140624999985,0.24066406249999955,8.561230468750004,357.5,358.625,257.0625,360.0,360.0,0.0,-2.5,-1.375,257.0625,0.6231689453125,-0.009521484375,0.0234375,0.78167724609375,0.002181661564992912,0.001090830782496456,0.0,20.75,-5.875,-39.5625,,,False,,,False,,,,,,,,,,,,,,
62.518449544906616,62.508161544799805,0.12715673446655273,odometry_only,1471,-4,0.0,True,,,N/A,False,37,-0.43308593750000146,0.22933593750000048,11.128769531249997,0.00455029610200801,0.0045849090778045595,-0.006958256138625519,-0.005583854153083507,0.0030746302672475215,-0.007036414987422298,-0.05897523025116897,0.07092992819106998,-0.3548246997114919,-0.6803114224101161,3.88974482551935,-12.065499645402937,-0.4169140624999985,0.24066406249999955,8.561230468750004,357.5,358.625,257.0625,360.0,360.0,0.0,-2.5,-1.375,257.0625,0.6231689453125,-0.009521484375,0.0234375,0.78167724609375,0.002181661564992912,0.001090830782496456,-0.002181661564992912,20.5,-7.0,-40.0625,,,False,,,False,,,,,,,,,,,,,,
62.642967224121094,62.63267922401428,0.12450456619262695,odometry_only,1467,-4,0.0,True,,,N/A,False,37,-0.4030859375000015,0.23933593750000043,11.078769531249996,0.006127403612423832,0.002844291709653204,-0.01168953220323243,-0.0043069988405071745,0.004767696771983887,-0.011874302588692893,-0.05959095843179,0.07141813095405009,-0.35600193505559463,-0.6876924383536586,3.898606317195463,-12.109750226302857,-0.4169140624999985,0.24066406249999955,8.561230468750004,357.5,358.625,257.0625,360.0,360.0,0.0,-2.5,-1.375,257.0625,0.6231689453125,-0.009521484375,0.0234375,0.78167724609375,-0.003272492347489368,-0.001090830782496456,-0.002181661564992912,21.0625,-6.1875,-39.5625,,,False,,,False,,,,,,,,,,,,,,
62.76641869544983,62.75613069534302,0.12344050407409668,odometry_only,1467,-4,0.0,True,,,N/A,False,37,-0.4230859375000015,0.23933593750000043,11.098769531249998,0.000660028628401161,0.004194606667284515,-0.009474696595878684,-0.004371413938583815,-0.0007490029663678202,-0.009387756558487188,-0.060126592255797036,0.07166616574859243,-0.3573142347049852,-0.6950814357553545,3.9074375160504937,-12.153776280082582,-0.4169140624999985,0.24066406249999955,8.561230468750004,357.5,358.625,257.0625,360.0,360.0,0.0,-2.5,-1.375,257.0625,0.6231689453125,-0.009521484375,0.0234375,0.78167724609375,-0.001090830782496456,0.002181661564992912,0.0,21.0625,-5.875,-38.75,,,False,,,False,,,,,,,,,,,,,,
62.887646436691284,62.87735843658447,0.1212158203125,odometry_only,1461,-5,0.0,True,,,N/A,False,37,-0.4130859375000015,0.22933593750000048,11.068769531249997,-0.0014677253730924684,0.01075695872295729,-0.01062502470810215,-0.010309311526993829,-0.004335081240223725,-0.010280208911596101,-0.06101636034584334,0.07135803002977252,-0.3585062689891522,-0.7024236569426976,3.9161059136583987,-12.197160664858478,-0.4169140624999985,0.24066406249999955,8.561230468750004,357.5,358.625,257.0625,360.0,360.0,0.0,-2.5,-1.375,257.0625,0.6231689453125,-0.009521484375,0.0234375,0.78167724609375,-0.001090830782496456,-0.001090830782496456,-0.002181661564992912,21.0625,-6.5625,-38.75,,,False,,,False,,,,,,,,,,,,,,
63.015421867370605,63.005133867263794,0.1277637481689453,odometry_only,1471,-4,0.0,True,,,N/A,False,37,-0.4230859375000015,0.22933593750000048,11.088769531249996,-0.0043824712690323075,0.011357638361831707,-0.00698236633245692,-0.010192206914038679,-0.00713021331833315,-0.006498801384806232,-0.06232603576543387,0.0706256055264414,-0.35957814361216905,-0.7103030003603553,3.9251760943870564,-12.243033242886298,-0.4169140624999985,0.24066406249999955,8.561230468750004,357.5,358.625,257.0625,360.0,360.0,0.0,-2.5,-1.375,257.0625,0.6231689453125,-0.009521484375,0.0234375,0.78167724609375,0.001090830782496456,-0.001090830782496456,-0.002181661564992912,21.0625,-7.375,-40.375,,,False,,,False,,,,,,,,,,,,,,
63.13932204246521,63.1290340423584,0.1238870620727539,odometry_only,1461,-5,0.0,True,,,N/A,False,37,-0.4230859375000015,0.22933593750000048,11.088769531249996,0.0006010037672672039,0.009555817207376733,-0.009660158453071806,-0.009586372434998524,-0.0020068527641286323,-0.00943755873561224,-0.0635511908091964,0.070059623389981,-0.36056529802989506,-0.718100280251454,3.9338906342308007,-12.287641470514297,-0.4169140624999985,0.24066406249999955,8.561230468750004,357.5,358.625,257.0625,360.0,360.0,0.0,-2.5,-1.375,257.0625,0.6231689453125,-0.009521484375,0.0234375,0.78167724609375,0.002181661564992912,0.002181661564992912,0.0,22.25,-7.0,-40.375,,,False,,,False,,,,,,,,,,,,,,
63.26203656196594,63.25174856185913,0.12270307540893555,odometry_only,1465,-5,0.0,True,,,N/A,False,37,-0.4230859375000015,0.20933593750000046,11.118769531249997,0.004564768799635699,0.0007657724812268115,-0.006659548153670388,-0.0018603628669883042,0.003951907220719339,-0.006833343443742883,-0.06425346562166931,0.07017895547181176,-0.36156354289843745,-0.7259412924492789,3.942494486689461,-12.331945185325996,-0.4169140624999985,0.24066406249999955,8.561230468750004,357.5,358.625,257.0625,360.0,360.0,0.0,-2.5,-1.375,257.0625,0.6231689453125,-0.009521484375,0.0234375,0.78167724609375,0.002181661564992912,-0.002181661564992912,-0.002181661564992912,20.75,-5.875,-39.5625,,,False,,,False,,,,,,,,,,,,,,
63.38671565055847,63.37642765045166,0.12466764450073242,odometry_only,1465,-5,0.0,True,,,N/A,False,37,-0.4030859375000015,0.23933593750000043,11.078769531249996,0.01020306393598195,-0.0006792073624345694,-0.007506348182147033,-0.0017222206247241559,0.009722444545099058,-0.007963487147085193,-0.0644767817442388,0.07103133008417126,-0.3624858859063549,-0.7339655408068311,3.9512966635292313,-12.377077953721592,-0.4169140624999985,0.24066406249999955,8.561230468750004,357.5,358.625,257.0625,360.0,360.0,0.0,-2.5,-1.375,257.0625,0.6231689453125,-0.009521484375,0.0234375,0.78167724609375,0.001090830782496456,0.001090830782496456,0.001090830782496456,21.5,-5.875,-39.5625,,,False,,,False,,,,,,,,,,,,,,
63.51863718032837,63.50834918022156,0.13190960884094238,odometry_only,1465,-5,0.0,True,,,N/A,False,37,-0.4030859375000015,0.21933593750000047,11.078769531249996,0.010368778762225729,0.0008245780704438138,-0.0036853265401459814,-0.0031701713075982275,0.009734993249781198,-0.004117408654595741,-0.06479945849728343,0.07231464158845607,-0.36328267902617883,-0.7424919299481745,3.960751019055362,-12.424945877476244,-0.4169140624999985,0.24066406249999955,8.561230468750004,357.5,358.625,257.0625,360.0,360.0,0.0,-2.5,-1.375,257.0625,0.6231689453125,-0.009521484375,0.0234375,0.78167724609375,-0.002181661564992912,0.003272492347489368,0.0,20.5,-6.5625,-39.5625,,,False,,,False,,,,,,,,,,,,,,
63.642128705978394,63.63184070587158,0.12347936630249023,odometry_only,1461,-5,0.0,True,,,N/A,False,37,-0.4130859375000015,0.24933593750000044,11.118769531249997,0.012456579780186267,0.005430260758774581,-0.010391611488238847,-0.0082211855158876,0.01041927972040031,-0.010793072772493688,-0.06550275725822821,0.07355896001577879,-0.36420324742511984,-0.750536747462825,3.9697572089985385,-12.469860628072338,-0.4169140624999985,0.24066406249999955,8.561230468750004,357.5,358.625,257.0625,360.0,360.0,0.0,-2.5,-1.375,257.0625,0.6231689453125,-0.009521484375,0.0234375,0.78167724609375,0.0,-0.001090830782496456,0.0,21.0625,-5.875,-39.1875,,,False,,,False,,,,,,,,,,,,,,
63.76708722114563,63.75679922103882,0.12494635581970215,odometry_only,1461,-5,0.0,True,,,N/A,False,37,-0.43308593750000146,0.23933593750000043,11.078769531249996,0.0051330533993537665,0.00724355983508163,-0.013031936739615637,-0.008392236544857386,0.0027566806389756125,-0.013062153310240463,-0.06654065053032057,0.07438210413144322,-0.3656935592082662,-0.7587859187694219,3.9789995574191805,-12.515459601128978,-0.4169140624999985,0.24066406249999955,8.561230468750004,357.5,358.625,257.0625,360.0,360.0,0.0,-2.5,-1.375,257.0625,0.6231689453125,-0.009521484375,0.0234375,0.78167724609375,0.001090830782496456,0.003272492347489368,-0.001090830782496456,22.25,-6.1875,-39.1875,,,False,,,False,,,,,,,,,,,,,,
63.888840675354004,63.87855267524719,0.12173986434936523,odometry_only,1465,-5,0.0,True,,,N/A,False,37,-0.4230859375000015,0.24933593750000044,11.118769531249997,0.00029675250841052457,0.009957653957520355,-0.010017388900230352,-0.009915262566104746,-0.0024097545430747064,-0.009770960344549539,-0.0676550267594929,0.07440322149937034,-0.36708340928777006,-0.7669544005441885,3.988056110098916,-12.5600636855005,-0.4169140624999985,0.24066406249999955,8.561230468750004,357.5,358.625,257.0625,360.0,360.0,0.0,-2.5,-1.375,257.0625,0.6231689453125,-0.009521484375,0.0234375,0.78167724609375,0.0,-0.001090830782496456,0.002181661564992912,23.0,-6.1875,-37.875,,,False,,,False,,,,,,,,,,,,,,
64.01074242591858,64.00045442581177,0.1218876838684082,odometry_only,1465,-5,0.0,True,,,N/A,False,37,-0.4230859375000015,0.22933593750000048,11.088769531249996,-0.0016158755234088158,0.006997630617546165,-0.004791840431131244,-0.006528542290147255,-0.00336098803251244,-0.004541092125828571,-0.06865717540344922,0.07405153027600078,-0.3679556407512788,-0.7752617898465102,3.997103513025496,-12.604859789181548,-0.4169140624999985,0.24066406249999955,8.561230468750004,357.5,358.625,257.0625,360.0,360.0,0.0,-2.5,-1.375,257.0625,0.6231689453125,-0.009521484375,0.0234375,0.78167724609375,-0.002181661564992912,-0.003272492347489368,-0.001090830782496456,21.875,-6.5625,-38.75,,,False,,,False,,,,,,,,,,,,,,
64.13315916061401,64.1228711605072,0.12240433692932129,odometry_only,1467,-4,0.0,True,,,N/A,False,37,-0.3930859375000015,0.22933593750000048,11.108769531249997,0.0077276640998348335,0.003806431963988846,0.0033358317907558072,-0.00538661169027325,0.006841057189809728,0.0030850999167828163,-0.06938640866464128,0.07426451805483436,-0.36804475063174,-0.783710356534111,4.006180776801452,-12.649904609125027,-0.4169140624999985,0.24066406249999955,8.561230468750004,357.5,358.625,257.0625,360.0,360.0,0.0,-2.5,-1.375,257.0625,0.6231689453125,-0.009521484375,0.0234375,0.78167724609375,-0.002181661564992912,0.0,-0.002181661564992912,21.0625,-6.1875,-39.5625,,,False,,,False,,,,,,,,,,,,,,
64.26077246665955,64.25048446655273,0.12760090827941895,odometry_only,1471,-4,0.0,True,,,N/A,False,37,-0.4530859375000015,0.23933593750000043,11.068769531249997,0.009415895520641445,-0.0015773410312755693,-0.003674763264592324,-0.0006162888994263416,0.00934135642412302,-0.004124345570550286,-0.06976939644841965,0.07529696339247989,-0.3681110549764131,-0.7925885600965012,4.015722867239599,-12.696871683840412,-0.4169140624999985,0.24066406249999955,8.561230468750004,357.5,358.625,257.0625,360.0,360.0,0.0,-2.5,-1.375,257.0625,0.6231689453125,-0.009521484375,0.0234375,0.78167724609375,-0.002181661564992912,-0.004363323129985824,-0.002181661564992912,21.875,-6.5625,-37.0625,,,False,,,False,,,,,,,,,,,,,,
64.38744378089905,64.37715578079224,0.12665963172912598,odometry_only,1465,-5,0.0,True,,,N/A,False,37,-0.43308593750000146,0.24933593750000044,11.088769531249996,0.003921044503655191,0.0004549358164205458,-0.006359876920144028,-0.0014094633650310554,0.003408666771292126,-0.006513370471653805,-0.06989768696631496,0.07610442001371444,-0.3687847395745854,-0.801433650771497,4.025311088972353,-12.743539158820697,-0.4169140624999985,0.24066406249999955,8.561230468750004,357.5,358.625,257.0625,360.0,360.0,0.0,-2.5,-1.375,257.0625,0.6231689453125,-0.009521484375,0.0234375,0.78167724609375,0.004363323129985824,0.004363323129985824,0.001090830782496456,20.75,-7.0,-38.75,,,False,,,False,,,,,,,,,,,,,,
64.51092863082886,64.50064063072205,0.12347292900085449,odometry_only,1471,-4,0.0,True,,,N/A,False,37,-0.4130859375000015,0.21933593750000047,11.068769531249997,-0.006286128831486921,0.0032583333367358067,-0.011439657365623065,-0.001937038398836288,-0.007400349939957542,-0.011067096072131707,-0.07010428815366057,0.07585798760747517,-0.36987009542326676,-0.810076877738481,4.034692710755858,-12.78914109681961,-0.4169140624999985,0.24066406249999955,8.561230468750004,357.5,358.625,257.0625,360.0,360.0,0.0,-2.5,-1.375,257.0625,0.6231689453125,-0.009521484375,0.0234375,0.78167724609375,0.001090830782496456,0.0,-0.001090830782496456,21.875,-7.0,-38.75,,,False,,,False,,,,,,,,,,,,,,
64.63363122940063,64.62334322929382,0.12268948554992676,odometry_only,1467,-4,0.0,True,,,N/A,False,37,-0.4130859375000015,0.16933593750000048,11.088769531249996,-0.004210714918204196,-0.001711450587941326,-0.009381690364993051,0.0024732941771357765,-0.004175114657722876,-0.00922640400427866,-0.0700713916808792,0.07514789370922977,-0.37111499496545786,-0.8186759187612365,4.043956127702738,-12.83459663658959,-0.4169140624999985,0.24066406249999955,8.561230468750004,357.5,358.625,257.0625,360.0,360.0,0.0,-2.5,-1.375,257.0625,0.6231689453125,-0.009521484375,0.0234375,0.78167724609375,0.0,-0.001090830782496456,0.001090830782496456,19.6875,-5.875,-39.1875,,,False,,,False,,,,,,,,,,,,,,
64.76523661613464,64.75494861602783,0.1315927505493164,odometry_only,1465,-5,0.0,True,,,N/A,False,37,-0.37308593750000146,0.19933593750000045,11.078769531249996,0.011168530500246741,-0.012028966058600727,-0.010627086017214741,0.009080039033702553,0.01303338290570561,-0.011403985109201504,-0.0693112242332657,0.07573073565115762,-0.3724723997896306,-0.827846789664687,4.05388339462106,-12.8835219918644,-0.4169140624999985,0.24066406249999955,8.561230468750004,357.5,358.625,257.0625,360.0,360.0,0.0,-2.5,-1.375,257.0625,0.6231689453125,-0.009521484375,0.0234375,0.78167724609375,-0.001090830782496456,0.0,0.0,22.25,-6.5625,-39.5625,,,False,,,False,,,,,,,,,,,,,,
64.8911464214325,64.88085842132568,0.12589740753173828,odometry_only,1471,-4,0.0,True,,,N/A,False,37,-0.4530859375000015,0.22933593750000048,11.098769531249998,0.012782146119692455,-0.0158518521152312,-0.009046153693953231,0.012468722812972219,0.015530918874573878,-0.009990939990192276,-0.06795475760725811,0.07752882142220333,-0.3738191825918053,-0.8364875052926973,4.06353088507856,-12.930500079606691,-0.4169140624999985,0.24066406249999955,8.561230468750004,357.5,358.625,257.0625,360.0,360.0,0.0,-2.5,-1.375,257.0625,0.6231689453125,-0.009521484375,0.0234375,0.78167724609375,0.002181661564992912,-0.001090830782496456,0.001090830782496456,21.5,-6.5625,-38.375,,,False,,,False,,,,,,,,,,,,,,
65.0131573677063,65.00286936759949,0.12199997901916504,odometry_only,1471,-4,0.0,True,,,N/A,False,37,-0.4230859375000015,0.25933593750000045,11.078769531249996,0.00936459682107428,-0.007227201742873914,-0.00642394285169237,0.004862588499704978,0.010413564545763292,-0.00700771481647493,-0.0668975477989975,0.07911143463867543,-0.37485610035668904,-0.844713494507822,4.073085939055051,-12.976169264012633,-0.4169140624999985,0.24066406249999955,8.561230468750004,357.5,358.625,257.0625,360.0,360.0,0.0,-2.5,-1.375,257.0625,0.6231689453125,-0.009521484375,0.0234375,0.78167724609375,0.003272492347489368,0.0,-0.002181661564992912,20.375,-6.5625,-39.5625,,,False,,,False,,,,,,,,,,,,,,
65.13770365715027,65.12741565704346,0.12453413009643555,odometry_only,1468,-4,0.0,True,,,N/A,False,37,-0.4230859375000015,0.23933593750000043,11.078769531249996,-0.0021642816324929787,0.004340191478785484,-0.005380379810791429,-0.003824446256892118,-0.0033330289129470244,-0.005170531216349402,-0.06683290572843496,0.07955231881150022,-0.3756144039945881,-0.8530404973565423,4.082965465311927,-13.022898859723842,-0.4169140624999985,0.24066406249999955,8.561230468750004,357.5,358.625,257.0625,360.0,360.0,0.0,-2.5,-1.375,257.0625,0.6231689453125,-0.009521484375,0.0234375,0.78167724609375,0.002181661564992912,-0.004363323129985824,0.001090830782496456,21.5,-7.0,-40.0625,,,False,,,False,,,,,,,,,,,,,,
65.26373982429504,65.25345182418823,0.1260242462158203,odometry_only,1467,-4,0.0,True,,,N/A,False,37,-0.4030859375000015,0.20933593750000046,11.078769531249996,0.0014928213122303961,0.00887088425043182,-0.0049716391865586435,-0.009050614129802638,-0.000758772618252896,-0.0048113352661543485,-0.06764419061854315,0.07929448570968312,-0.37624338259423035,-0.8615141847067523,4.092974739713714,-13.070275015132017,-0.4169140624999985,0.24066406249999955,8.561230468750004,357.5,358.625,257.0625,360.0,360.0,0.0,-2.5,-1.375,257.0625,0.6231689453125,-0.009521484375,0.0234375,0.78167724609375,0.001090830782496456,0.0,0.0,21.5,-6.1875,-38.75,,,False,,,False,,,,,,,,,,,,,,
65.38881802558899,65.37853002548218,0.12506675720214844,odometry_only,1467,-4,0.0,True,,,N/A,False,37,-0.4130859375000015,0.20933593750000046,11.098769531249998,0.002904109156877796,0.004507869618468185,-0.0048139048587827115,-0.005110718072810417,0.001592730228826398,-0.004824125794381125,-0.06852974656666475,0.07934663589668235,-0.37684592052872473,-0.8700296010763539,4.102895105032824,-13.117368233644624,-0.4169140624999985,0.24066406249999955,8.561230468750004,357.5,358.625,257.0625,360.0,360.0,0.0,-2.5,-1.375,257.0625,0.6231689453125,-0.009521484375,0.0234375,0.78167724609375,0.0,-0.004363323129985824,-0.001090830782496456,20.75,-6.1875,-39.1875,,,False,,,False,,,,,,,,,,,,,,
65.51426982879639,65.50398182868958,0.12543988227844238,odometry_only,1471,-4,0.0,True,,,N/A,False,37,-0.43308593750000146,0.23933593750000043,11.058769531249997,-0.0006254657467786068,0.0028093133825949717,-0.0047524976326661,-0.0026667023869553254,-0.0014638959847904098,-0.004649235394733059,-0.06901754592011623,0.079354716372885,-0.3774400891848966,-0.878656559164984,4.112848844505886,-13.164677007776001,-0.4169140624999985,0.24066406249999955,8.561230468750004,357.5,358.625,257.0625,360.0,360.0,0.0,-2.5,-1.375,257.0625,0.6231689453125,-0.009521484375,0.0234375,0.78167724609375,-0.001090830782496456,-0.003272492347489368,0.0,20.75,-5.875,-40.375,,,False,,,False,,,,,,,,,,,,,,
65.63862347602844,65.62833547592163,0.12433981895446777,odometry_only,1467,-4,0.0,True,,,N/A,False,37,-0.4130859375000015,0.21933593750000047,11.098769531249998,-0.0019907814325978326,0.0001197547516098782,-0.004728743993395601,0.00025975553021973424,-0.0021945954074803348,-0.004631938010160635,-0.069167185588316,0.0791272682942043,-0.3780170988953213,-0.8872474914139991,4.122701655146411,-13.211643712772874,-0.4169140624999985,0.24066406249999955,8.561230468750004,357.5,358.625,257.0625,360.0,360.0,0.0,-2.5,-1.375,257.0625,0.6231689453125,-0.009521484375,0.0234375,0.78167724609375,-0.002181661564992912,-0.001090830782496456,-0.001090830782496456,21.0625,-6.1875,-40.0625,,,False,,,False,,,,,,,,,,,,,,
65.76349472999573,65.75320672988892,0.12485647201538086,odometry_only,1467,-4,0.0,True,,,N/A,False,37,-0.4030859375000015,0.22933593750000048,11.088769531249996,-0.00659606510647201,0.0011042812802764298,-0.004719459288278963,0.0003279058335449927,-0.006897501503929797,-0.004395197239729117,-0.0691304989260063,0.07855966472241399,-0.3785806470251748,-0.8958811719021763,4.132545772216101,-13.258876775418086,-0.4169140624999985,0.24066406249999955,8.561230468750004,357.5,358.625,257.0625,360.0,360.0,0.0,-2.5,-1.375,257.0625,0.6231689453125,-0.009521484375,0.0234375,0.78167724609375,-0.001090830782496456,0.0,0.001090830782496456,20.75,-6.1875,-39.1875,,,False,,,False,,,,,,,,,,,,,,
65.88832187652588,65.87803387641907,0.12481546401977539,odometry_only,1467,-4,0.0,True,,,N/A,False,37,-0.4130859375000015,0.23933593750000043,11.068769531249997,-0.002281834904300053,0.0014874667339007542,-0.00675139319487726,-0.0010373583262089227,-0.0028800698687263242,-0.0066052799441869295,-0.06917477424704221,0.07794946866848172,-0.3792671618572495,-0.9045124903259142,4.14231315226986,-13.3061723383791,-0.4169140624999985,0.24066406249999955,8.561230468750004,357.5,358.625,257.0625,360.0,360.0,0.0,-2.5,-1.375,257.0625,0.6231689453125,-0.009521484375,0.0234375,0.78167724609375,-0.002181661564992912,-0.00545415391248228,0.0,22.25,-6.5625,-39.1875,,,False,,,False,,,,,,,,,,,,,,
66.01535487174988,66.00506687164307,0.12702107429504395,odometry_only,1471,-4,0.0,True,,,N/A,False,37,-0.4230859375000015,0.22933593750000048,11.068769531249997,-0.006738925779350181,0.0016376699651882243,-0.011646687343567576,-0.000259337207342157,-0.007491175117457682,-0.011294044856726838,-0.06925712807689484,0.07729078532852063,-0.3804039575899335,-0.9133043748008607,4.152172544188128,-13.35441945923065,-0.4169140624999985,0.24066406249999955,8.561230468750004,357.5,358.625,257.0625,360.0,360.0,0.0,-2.5,-1.375,257.0625,0.6231689453125,-0.009521484375,0.0234375,0.78167724609375,-0.001090830782496456,-0.002181661564992912,0.0,21.0625,-7.0,-40.0625,,,False,,,False,,,,,,,,,,,,,,
66.13779401779175,66.12750601768494,0.12242722511291504,odometry_only,1467,-4,0.0,True,,,N/A,False,37,-0.4130859375000015,0.22933593750000048,11.138769531249997,-0.008431245371933948,0.0016947008578272076,-0.015525593269711428,7.130161100503212e-06,-0.00933996906224921,-0.015091947620264811,-0.06927256658130748,0.07626049018982217,-0.38201913951033767,-0.9217842778572323,4.161571972475257,-13.40109013130064,-0.4169140624999985,0.24066406249999955,8.561230468750004,357.5,358.625,257.0625,360.0,360.0,0.0,-2.5,-1.375,257.0625,0.6231689453125,-0.009521484375,0.0234375,0.78167724609375,-0.002181661564992912,0.0,-0.004363323129985824,21.875,-6.5625,-39.1875,,,False,,,False,,,,,,,,,,,,,,
66.26426839828491,66.2539803981781,0.12646222114562988,odometry_only,1467,-4,0.0,True,,,N/A,False,37,-0.4230859375000015,0.24933593750000044,11.088769531249996,-0.013198241915217221,0.0017174535196035781,-0.012981255430192616,0.0010851041671764556,-0.01386365184254877,-0.012340094623764883,-0.06920350339172478,0.07479329947070121,-0.38375369800670805,-0.930540273549386,4.171123271351725,-13.449510798263338,-0.4169140624999985,0.24066406249999955,8.561230468750004,357.5,358.625,257.0625,360.0,360.0,0.0,-2.5,-1.375,257.0625,0.6231689453125,-0.009521484375,0.0234375,0.78167724609375,0.001090830782496456,0.003272492347489368,0.001090830782496456,22.25,-6.5625,-38.75,,,False,,,False,,,,,,,,,,,,,,
66.38674688339233,66.37645888328552,0.1224665641784668,odometry_only,1471,-4,0.0,True,,,N/A,False,37,-0.4130859375000015,0.23933593750000043,11.068769531249997,-0.010975538834095737,0.00778751161168325,-0.009990340031633627,-0.005284393160886267,-0.012903021395605703,-0.00930064038301805,-0.06946063963925082,0.07315428821771897,-0.38507883123799674,-0.9390311341352635,4.180182587723071,-13.496588937405958,-0.4169140624999985,0.24066406249999955,8.561230468750004,357.5,358.625,257.0625,360.0,360.0,0.0,-2.5,-1.375,257.0625,0.6231689453125,-0.009521484375,0.0234375,0.78167724609375,0.002181661564992912,0.002181661564992912,0.0,21.875,-6.5625,-38.75,,,False,,,False,,,,,,,,,,,,,,
66.51311206817627,66.50282406806946,0.12635302543640137,odometry_only,1467,-4,0.0,True,,,N/A,False,37,-0.4130859375000015,0.23933593750000043,11.078769531249996,-0.005998890004907505,0.012252832924895068,-0.010843123215529719,-0.01075935853592354,-0.009090473374975063,-0.010261160497616727,-0.07047422792237198,0.0717648159156277,-0.38631467760012306,-0.94787173107549,4.189338071348462,-13.545322889227807,-0.4169140624999985,0.24066406249999955,8.561230468750004,357.5,358.625,257.0625,360.0,360.0,0.0,-2.5,-1.375,257.0625,0.6231689453125,-0.009521484375,0.0234375,0.78167724609375,0.0,0.0,-0.001090830782496456,22.5625,-7.0,-39.1875,,,False,,,False,,,,,,,,,,,,,,
66.6370198726654,66.6267318725586,0.12389636039733887,odometry_only,1467,-4,0.0,True,,,N/A,False,37,-0.4230859375000015,0.25933593750000045,11.098769531249998,-3.1022228682298265e-05,0.013965240697324117,-0.013199842773670407,-0.013793834304111156,-0.003773884383596559,-0.012835602487318668,-0.07199525353687913,0.07096789236305955,-0.3877454800355198,-0.9566974561857388,4.198180102881154,-13.59327450735763,-0.4169140624999985,0.24066406249999955,8.561230468750004,357.5,358.625,257.0625,360.0,360.0,0.0,-2.5,-1.375,257.0625,0.6231689453125,-0.009521484375,0.0234375,0.78167724609375,-0.001090830782496456,0.004363323129985824,0.002181661564992912,21.5,-7.0,-38.75,,,False,,,False,,,,,,,,,,,,,,
66.76358461380005,66.75329661369324,0.12655234336853027,odometry_only,1462,-5,0.0,True,,,N/A,False,37,-0.43308593750000146,0.21933593750000047,11.088769531249996,-0.001770672545742358,0.006454564575780724,-0.014129170450709784,-0.006098447604101698,-0.0038439834911304428,-0.013873098806406674,-0.07325396098209501,0.07048586284755028,-0.3894355044040453,-0.9658882704206461,4.207130754981245,-13.642451544758774,-0.4169140624999985,0.24066406249999955,8.561230468750004,357.5,358.625,257.0625,360.0,360.0,0.0,-2.5,-1.375,257.0625,0.6231689453125,-0.009521484375,0.0234375,0.78167724609375,-0.001090830782496456,-0.001090830782496456,0.001090830782496456,22.25,-6.5625,-39.5625,,,False,,,False,,,,,,,,,,,,,,
66.88916754722595,66.87887954711914,0.12556910514831543,odometry_only,1471,-4,0.0,True,,,N/A,False,37,-0.4030859375000015,0.25933593750000045,11.098769531249998,-0.006520879846630596,-0.0005168622680902365,-0.0124465456722324,0.001780532416526424,-0.00683886095284396,-0.012155871212327815,-0.07352505935520008,0.06981514523891602,-0.3910697216406377,-0.9751037255397963,4.215939490999657,-13.691455216157781,-0.4169140624999985,0.24066406249999955,8.561230468750004,357.5,358.625,257.0625,360.0,360.0,0.0,-2.5,-1.375,257.0625,0.6231689453125,-0.009521484375,0.0234375,0.78167724609375,0.0,-0.002181661564992912,0.0,21.875,-6.1875,-40.0625,,,False,,,False,,,,,,,,,,,,,,
67.01447439193726,67.00418639183044,0.1252892017364502,odometry_only,1471,-4,0.0,True,,,N/A,False,37,-0.3930859375000015,0.21933593750000047,11.088769531249996,-0.006323367003962546,-0.0032187751256838966,-0.0077173142977053355,0.004437713058231752,-0.00581669600705121,-0.0075083402906664185,-0.07313551984933321,0.0690223429243983,-0.39230157832163115,-0.984291218987167,4.224636910031195,-13.74052919857554,-0.4169140624999985,0.24066406249999955,8.561230468750004,357.5,358.625,257.0625,360.0,360.0,0.0,-2.5,-1.375,257.0625,0.6231689453125,-0.009521484375,0.0234375,0.78167724609375,0.003272492347489368,0.001090830782496456,-0.001090830782496456,22.25,-6.5625,-40.0625,,,False,,,False,,,,,,,,,,,,,,
67.14121007919312,67.1309220790863,0.1267240047454834,odometry_only,1465,-5,0.0,True,,,N/A,False,37,-0.4230859375000015,0.25933593750000045,11.098769531249998,-0.004198753423053192,0.00391728485009052,-0.00791975226738093,-0.0029946556714180138,-0.005343376142646061,-0.007627417366899476,-0.07304408484376591,0.06831521840636921,-0.3932606102342431,-0.9935534514465776,4.233338892918101,-13.790303991830754,-0.4169140624999985,0.24066406249999955,8.561230468750004,357.5,358.625,257.0625,360.0,360.0,0.0,-2.5,-1.375,257.0625,0.6231689453125,-0.009521484375,0.0234375,0.78167724609375,0.0,0.001090830782496456,-0.003272492347489368,23.0,-6.1875,-38.375,,,False,,,False,,,,,,,,,,,,,,
67.26889729499817,67.25860929489136,0.12767529487609863,odometry_only,1471,-4,0.0,True,,,N/A,False,37,-0.4230859375000015,0.20933593750000046,11.078769531249996,-0.0033768557829851123,0.01078474984484451,-0.0079980645266226,-0.009872765339541489,-0.0060729178028600655,-0.007571736543028019,-0.07386551072970049,0.06758642905842685,-0.39423088846290166,-1.0029318144140629,4.242014534375209,-13.840575596485044,-0.4169140624999985,0.24066406249999955,8.561230468750004,357.5,358.625,257.0625,360.0,360.0,0.0,-2.5,-1.375,257.0625,0.6231689453125,-0.009521484375,0.0234375,0.78167724609375,0.002181661564992912,-0.003272492347489368,0.0,22.5625,-7.0,-39.1875,,,False,,,False,,,,,,,,,,,,,,
67.39199566841125,67.38170766830444,0.12307953834533691,odometry_only,1471,-4,0.0,True,,,N/A,False,37,-0.4030859375000015,0.23933593750000043,11.088769531249996,-0.005090168692288722,0.007311041484365514,-0.014101001477318565,-0.006192128145161101,-0.007265432697859867,-0.013677369056663726,-0.0748541405665326,0.0667655900474684,-0.39553855351663236,-1.0120839874262728,4.250282526618868,-13.889177825644092,-0.4169140624999985,0.24066406249999955,8.561230468750004,357.5,358.625,257.0625,360.0,360.0,0.0,-2.5,-1.375,257.0625,0.6231689453125,-0.009521484375,0.0234375,0.78167724609375,0.0,0.001090830782496456,0.001090830782496456,21.875,-6.5625,-38.75,,,False,,,False,,,,,,,,,,,,,,
67.5273585319519,67.51707053184509,0.13535141944885254,odometry_only,1471,-4,0.0,True,,,N/A,False,37,-0.4130859375000015,0.21933593750000047,11.098769531249998,-0.003688606826664566,-0.0025000006088357635,-0.012387582623479993,0.0030823154923876215,-0.0036372692874287,-0.012271007699270427,-0.07506459934491905,0.06602774195270009,-0.397294628329787,-1.022229844550772,4.259269409608651,-13.942833373918623,-0.4169140624999985,0.24066406249999955,8.561230468750004,357.5,358.625,257.0625,360.0,360.0,0.0,-2.5,-1.375,257.0625,0.6231689453125,-0.009521484375,0.0234375,0.78167724609375,0.004363323129985824,-0.002181661564992912,0.002181661564992912,22.25,-5.875,-39.1875,,,False,,,False,,,,,,,,,,,,,,
67.6484375,67.63814949989319,0.12106680870056152,odometry_only,1467,-4,0.0,True,,,N/A,False,37,-0.38308593750000147,0.24933593750000044,11.098769531249998,0.0068651056292284175,-0.005980493660987841,-0.009768441829477404,0.004157266526473032,0.0075403073301337185,-0.010206827905890338,-0.07462636279924434,0.06626400613273367,-0.39865528824139335,-1.0312911480898272,4.267277479487712,-13.991014932060999,-0.4169140624999985,0.24066406249999955,8.561230468750004,357.5,358.625,257.0625,360.0,360.0,0.0,-2.5,-1.375,257.0625,0.6231689453125,-0.009521484375,0.0234375,0.78167724609375,0.002181661564992912,0.003272492347489368,0.002181661564992912,21.875,-6.1875,-39.1875,,,False,,,False,,,,,,,,,,,,,,
67.77032780647278,67.76003980636597,0.12187719345092773,odometry_only,1465,-5,0.0,True,,,N/A,False,37,-0.4130859375000015,0.19933593750000045,11.078769531249996,0.009045258975946368,-0.005347921917291089,-0.00469368043570696,0.003126933035139054,0.009768912618057048,-0.005219027769847632,-0.07418247389969146,0.06731880570678882,-0.39959531823956235,-1.040359349778609,4.275417828587854,-14.039659203855198,-0.4169140624999985,0.24066406249999955,8.561230468750004,357.5,358.625,257.0625,360.0,360.0,0.0,-2.5,-1.375,257.0625,0.6231689453125,-0.009521484375,0.0234375,0.78167724609375,0.0,0.002181661564992912,0.003272492347489368,22.25,-6.1875,-39.1875,,,False,,,False,,,,,,,,,,,,,,
67.8944628238678,67.88417482376099,0.12412309646606445,odometry_only,1461,-5,0.0,True,,,N/A,False,37,-0.4130859375000015,0.21933593750000047,11.128769531249997,0.011943786821726633,-0.005096248213273403,-0.006736919177921393,0.002205586973952238,0.012436425510540633,-0.007381231342065795,-0.07385152945194363,0.06869690337008758,-0.4003773098281851,-1.0495465692177453,4.283859174077179,-14.08930674369713,-0.4169140624999985,0.24066406249999955,8.561230468750004,357.5,358.625,257.0625,360.0,360.0,0.0,-2.5,-1.375,257.0625,0.6231689453125,-0.009521484375,0.0234375,0.78167724609375,-0.004363323129985824,-0.001090830782496456,0.0,23.0,-6.1875,-38.375,,,False,,,False,,,,,,,,,,,,,,
68.01854753494263,68.00825953483582,0.12407302856445312,odometry_only,1465,-5,0.0,True,,,N/A,False,37,-0.4230859375000015,0.25933593750000045,11.088769531249996,0.002921862828190078,-0.009059577765031041,-0.007535003081682115,0.008070278078743547,0.004493000032331249,-0.007878646174920246,-0.07321405060283984,0.06974714591956784,-0.40132397943771264,-1.0586700051752378,4.292447760318226,-14.139041497178752,-0.4169140624999985,0.24066406249999955,8.561230468750004,357.5,358.625,257.0625,360.0,360.0,0.0,-2.5,-1.375,257.0625,0.6231689453125,-0.009521484375,0.0234375,0.78167724609375,0.002181661564992912,0.0,-0.002181661564992912,22.25,-6.5625,-38.75,,,False,,,False,,,,,,,,,,,,,,
68.14331483840942,68.13302683830261,0.1247563362121582,odometry_only,1461,-5,0.0,True,,,N/A,False,37,-0.4230859375000015,0.24933593750000044,11.098769531249998,-0.00061106121762007,-0.004506074504419921,-0.005812355259653586,0.004445073054045655,0.00012435486915613012,-0.005889604258878487,-0.0724333659259721,0.07003516805981824,-0.40218281767779873,-1.0677552242076882,4.301167124997889,-14.1891627792436,-0.4169140624999985,0.24066406249999955,8.561230468750004,357.5,358.625,257.0625,360.0,360.0,0.0,-2.5,-1.375,257.0625,0.6231689453125,-0.009521484375,0.0234375,0.78167724609375,0.0,-0.001090830782496456,0.001090830782496456,21.875,-5.5,-39.5625,,,False,,,False,,,,,,,,,,,,,,
68.26976418495178,68.25947618484497,0.12643766403198242,odometry_only,1465,-5,0.0,True,,,N/A,False,37,-0.4130859375000015,0.19933593750000045,11.078769531249996,5.165129410105861e-05,-0.0006777218404964971,-0.0030922138368478743,0.0006047396558662664,5.0904120124242583e-05,-0.003107323588112259,-0.07211412266455197,0.07004624772842086,-0.40275159294801766,-1.076893347607226,4.310022908491168,-14.240049792532846,-0.4169140624999985,0.24066406249999955,8.561230468750004,357.5,358.625,257.0625,360.0,360.0,0.0,-2.5,-1.375,257.0625,0.6231689453125,-0.009521484375,0.0234375,0.78167724609375,0.001090830782496456,0.002181661564992912,0.0,22.5625,-6.1875,-37.875,,,False,,,False,,,,,,,,,,,,,,
68.39359974861145,68.38331174850464,0.12382388114929199,odometry_only,1465,-5,0.0,True,,,N/A,False,37,-0.4030859375000015,0.21933593750000047,11.088769531249996,0.004364008660260152,0.004847537753787297,-0.0081376652652681,-0.005815161259610046,0.002777652963838282,-0.008199593487971253,-0.07243670997725181,0.07022136918651514,-0.40345162612611457,-1.0858427701677609,4.318707148854152,-14.289963398323252,-0.4169140624999985,0.24066406249999955,8.561230468750004,357.5,358.625,257.0625,360.0,360.0,0.0,-2.5,-1.375,257.0625,0.6231689453125,-0.009521484375,0.0234375,0.78167724609375,-0.001090830782496456,-0.002181661564992912,0.0,23.0,-6.1875,-39.1875,,,False,,,False,,,,,,,,,,,,,,
68.5230062007904,68.5127182006836,0.12939453125,odometry_only,1461,-5,0.0,True,,,N/A,False,37,-0.4230859375000015,0.24933593750000044,11.108769531249997,0.0040160670063430475,0.0029182687858764697,-0.014273403696868355,-0.003944997537244398,0.0025699226942965557,-0.014359931468370883,-0.07306816556347408,0.07056734270931928,-0.40491116570458885,-1.0952565377503518,4.327815793544678,-14.34226226058769,-0.4169140624999985,0.24066406249999955,8.561230468750004,357.5,358.625,257.0625,360.0,360.0,0.0,-2.5,-1.375,257.0625,0.6231689453125,-0.009521484375,0.0234375,0.78167724609375,-0.001090830782496456,0.0,-0.001090830782496456,21.5,-5.875,-39.1875,,,False,,,False,,,,,,,,,,,,,,
68.64602851867676,68.63574051856995,0.12301063537597656,odometry_only,1465,-5,0.0,True,,,N/A,False,37,-0.4230859375000015,0.22933593750000048,11.108769531249997,-0.0021858203622031535,0.002197832284286201,-0.012516667798879886,-0.001833754050434183,-0.003224093289969401,-0.012349810473577303,-0.07342358951571422,0.07052710773901028,-0.40655395686809254,-1.1042665596851682,4.336493852543515,-14.392171680744244,-0.4169140624999985,0.24066406249999955,8.561230468750004,357.5,358.625,257.0625,360.0,360.0,0.0,-2.5,-1.375,257.0625,0.6231689453125,-0.009521484375,0.0234375,0.78167724609375,0.006544984694978736,0.004363323129985824,0.001090830782496456,21.875,-5.5,-38.75,,,False,,,False,,,,,,,,,,,,,,
68.77440786361694,68.76411986351013,0.12836718559265137,odometry_only,1465,-5,0.0,True,,,N/A,False,37,-0.4230859375000015,0.23933593750000043,11.078769531249996,-0.006720258238836619,-0.0022053019277465673,-0.005641973451210134,0.0035681918588228575,-0.006327728686731053,-0.005393046294913972,-0.07331226706569005,0.06991403748679474,-0.4076927571619649,-1.113684594152609,4.345507869820538,-14.444432960273296,-0.4169140624999985,0.24066406249999955,8.561230468750004,357.5,358.625,257.0625,360.0,360.0,0.0,-2.5,-1.375,257.0625,0.6231689453125,-0.009521484375,0.0234375,0.78167724609375,0.0,0.004363323129985824,-0.001090830782496456,22.25,-5.5,-38.375,,,False,,,False,,,,,,,,,,,,,,
68.89777398109436,68.88748598098755,0.12335419654846191,odometry_only,1465,-5,0.0,True,,,N/A,False,37,-0.4230859375000015,0.20933593750000046,11.098769531249998,-0.00842894980708082,-0.007916919953332803,0.0010009913210001437,0.009611639616361477,-0.006400151686218431,0.0011752626519508016,-0.0724993733045573,0.06912901875820968,-0.40795289781821137,-1.1226778330252516,4.354083642064911,-14.494739617492458,-0.4169140624999985,0.24066406249999955,8.561230468750004,357.5,358.625,257.0625,360.0,360.0,0.0,-2.5,-1.375,257.0625,0.6231689453125,-0.009521484375,0.0234375,0.78167724609375,0.001090830782496456,0.001090830782496456,-0.002181661564992912,23.0,-5.875,-38.75,,,False,,,False,,,,,,,,,,,,,,
69.02191495895386,69.01162695884705,0.1241295337677002,odometry_only,1465,-5,0.0,True,,,N/A,False,37,-0.4230859375000015,0.23933593750000043,11.068769531249997,-0.0070694624241432365,-0.008130991378084677,0.001581177110275293,0.009525248322016261,-0.005000583111851518,0.001689453685754901,-0.07131164681577952,0.06842143481066287,-0.4077750998665233,-1.131603430464349,4.362620678900431,-14.545367585509391,-0.4169140624999985,0.24066406249999955,8.561230468750004,357.5,358.625,257.0625,360.0,360.0,0.0,-2.5,-1.375,257.0625,0.6231689453125,-0.009521484375,0.0234375,0.78167724609375,0.002181661564992912,-0.003272492347489368,0.002181661564992912,23.0,-6.1875,-40.375,,,False,,,False,,,,,,,,,,,,,,
69.14453387260437,69.13424587249756,0.12259769439697266,odometry_only,1461,-5,0.0,True,,,N/A,False,37,-0.4230859375000015,0.21933593750000047,11.078769531249996,-0.004519651326686877,-0.004171588538231464,-0.002235899063898813,0.00504244841907454,-0.0035826289852903272,-0.0021370837994333335,-0.07041866379921351,0.06789529380384797,-0.40780253907646313,-1.1402913351181314,4.370976737218369,-14.59536155457746,-0.4169140624999985,0.24066406249999955,8.561230468750004,357.5,358.625,257.0625,360.0,360.0,0.0,-2.5,-1.375,257.0625,0.6231689453125,-0.009521484375,0.0234375,0.78167724609375,-0.001090830782496456,-0.001090830782496456,0.002181661564992912,21.875,-5.875,-39.5625,,,False,,,False,,,,,,,,,,,,,,
69.27196598052979,69.26167798042297,0.12741994857788086,odometry_only,1465,-5,0.0,True,,,N/A,False,37,-0.4230859375000015,0.24933593750000044,11.078769531249996,-0.001448976145556387,0.003566054136039237,-0.007864797318739715,-0.003265112085836899,-0.0025849571064283415,-0.007702489900107416,-0.07030542974712013,0.06750235705251975,-0.408429418063875,-1.1492568634998028,4.379602918073211,-14.647363671580683,-0.4169140624999985,0.24066406249999955,8.561230468750004,357.5,358.625,257.0625,360.0,360.0,0.0,-2.5,-1.375,257.0625,0.6231689453125,-0.009521484375,0.0234375,0.78167724609375,0.00545415391248228,0.0,0.001090830782496456,22.25,-6.1875,-38.75,,,False,,,False,,,,,,,,,,,,,,
69.39474105834961,69.3844530582428,0.12276220321655273,odometry_only,1465,-5,0.0,True,,,N/A,False,37,-0.4130859375000015,0.20933593750000046,11.098769531249998,-0.000285465889494004,0.004475547959767423,-0.014042400850725131,-0.00449970091088084,-0.001953717044983397,-0.013900961239693036,-0.07078204252264093,0.06722376823326509,-0.4097554616933765,-1.1579169679708479,4.387872556058666,-14.697584760819419,-0.4169140624999985,0.24066406249999955,8.561230468750004,357.5,358.625,257.0625,360.0,360.0,0.0,-2.5,-1.375,257.0625,0.6231689453125,-0.009521484375,0.0234375,0.78167724609375,0.001090830782496456,0.0,-0.001090830782496456,21.875,-6.1875,-40.0625,,,False,,,False,,,,,,,,,,,,,,
69.5225191116333,69.51223111152649,0.12776517868041992,odometry_only,1465,-5,0.0,True,,,N/A,False,37,-0.4130859375000015,0.21933593750000047,11.068769531249997,0.00017928426094352404,0.004838834307435866,-0.004185908632775858,-0.0048162928927779,-0.0011037582057029946,-0.004068578618794066,-0.071377172329096,0.06702844879740763,-0.41090340242878876,-1.166998466714148,4.39644893530725,-14.750010574024538,-0.4169140624999985,0.24066406249999955,8.561230468750004,357.5,358.625,257.0625,360.0,360.0,0.0,-2.5,-1.375,257.0625,0.6231689453125,-0.009521484375,0.0234375,0.78167724609375,-0.003272492347489368,-0.001090830782496456,0.002181661564992912,21.875,-6.1875,-40.0625,,,False,,,False,,,,,,,,,,,,,,
69.64633703231812,69.6360490322113,0.12380576133728027,odometry_only,1461,-5,0.0,True,,,N/A,False,37,-0.4130859375000015,0.23933593750000043,11.098769531249998,0.0023845958344238137,0.0029474671898948746,0.003609323317046589,-0.0033532314224960615,0.001842184106111533,0.003572572138167326,-0.07188288941790397,0.06707415948780325,-0.41093410665876984,-1.1758666772210544,4.404750273065282,-14.800884683278598,-0.4169140624999985,0.24066406249999955,8.561230468750004,357.5,358.625,257.0625,360.0,360.0,0.0,-2.5,-1.375,257.0625,0.6231689453125,-0.009521484375,0.0234375,0.78167724609375,-0.002181661564992912,-0.001090830782496456,0.0,21.5,-6.5625,-39.1875,,,False,,,False,,,,,,,,,,,,,,
69.77447438240051,69.7641863822937,0.12812447547912598,odometry_only,1465,-5,0.0,True,,,N/A,False,37,-0.4030859375000015,0.24933593750000044,11.078769531249996,0.0012027737756985762,0.0021975442341532576,0.010812562480134747,-0.0022553944362087375,0.0012074038590491627,0.010800127066921844,-0.07224219054105657,0.06726952291703509,-0.4100133593853342,-1.185099652357619,4.41335662998631,-14.853476415020006,-0.4169140624999985,0.24066406249999955,8.561230468750004,357.5,358.625,257.0625,360.0,360.0,0.0,-2.5,-1.375,257.0625,0.6231689453125,-0.009521484375,0.0234375,0.78167724609375,0.003272492347489368,-0.002181661564992912,0.001090830782496456,21.0625,-6.1875,-39.5625,,,False,,,False,,,,,,,,,,,,,,
69.89948987960815,69.88920187950134,0.12500429153442383,odometry_only,1465,-5,0.0,True,,,N/A,False,37,-0.4230859375000015,0.21933593750000047,11.098769531249998,0.0007542679036743449,-0.00012379975377550334,0.0053992368301710725,2.9706298482188906e-05,0.0010239156532717217,0.005355998419402263,-0.07238130082547312,0.06740898517444739,-0.4090035668751546,-1.1941389308963728,4.4217743257307545,-14.904666730330954,-0.4169140624999985,0.24066406249999955,8.561230468750004,357.5,358.625,257.0625,360.0,360.0,0.0,-2.5,-1.375,257.0625,0.6231689453125,-0.009521484375,0.0234375,0.78167724609375,0.001090830782496456,-0.001090830782496456,0.0,21.5,-5.5,-40.375,,,False,,,False,,,,,,,,,,,,,,
70.02626180648804,70.01597380638123,0.12676000595092773,odometry_only,1461,-5,0.0,True,,,N/A,False,37,-0.4030859375000015,0.22933593750000048,11.088769531249996,-0.005564469373211626,0.0010161392506055327,0.0012343971718844614,0.00026891990055689046,-0.005584547446739069,0.0015033651127361995,-0.07236237389608947,0.06711993231780744,-0.4085688203940779,-1.203312785430905,4.4303007689216996,-14.956484470668734,-0.4169140624999985,0.24066406249999955,8.561230468750004,357.5,358.625,257.0625,360.0,360.0,0.0,-2.5,-1.375,257.0625,0.6231689453125,-0.009521484375,0.0234375,0.78167724609375,-0.001090830782496456,0.0,-0.002181661564992912,21.5,-5.875,-39.1875,,,False,,,False,,,,,,,,,,,,,,
70.1500792503357,70.13979125022888,0.12380456924438477,odometry_only,1471,-4,0.0,True,,,N/A,False,37,-0.4230859375000015,0.20933593750000046,11.088769531249996,-0.007979164224724018,-0.000577332013546493,-0.004415383402717149,0.002279922102742518,-0.007855907325687563,-0.0040721812174319945,-0.07220459475294423,0.06628793746103298,-0.40872783597973283,-1.212261811071185,4.43855902084759,-15.007077000912352,-0.4169140624999985,0.24066406249999955,8.561230468750004,357.5,358.625,257.0625,360.0,360.0,0.0,-2.5,-1.375,257.0625,0.6231689453125,-0.009521484375,0.0234375,0.78167724609375,-0.002181661564992912,0.004363323129985824,0.0,21.0625,-6.1875,-39.5625,,,False,,,False,,,,,,,,,,,,,,
70.27434968948364,70.26406168937683,0.12425756454467773,odometry_only,1467,-4,0.0,True,,,N/A,False,37,-0.3930859375000015,0.23933593750000043,11.078769531249996,-0.0028293270466843885,0.0008302939841200829,-0.010693126864862155,-0.0003311252848678002,-0.003458380007853001,-0.010534106775242328,-0.07208351837975346,0.06558499456672076,-0.4096353068662368,-1.2212262558364928,4.446752125529157,-15.057920906433935,-0.4169140624999985,0.24066406249999955,8.561230468750004,357.5,358.625,257.0625,360.0,360.0,0.0,-2.5,-1.375,257.0625,0.6231689453125,-0.009521484375,0.0234375,0.78167724609375,0.0,0.001090830782496456,0.002181661564992912,20.75,-5.875,-37.875,,,False,,,False,,,,,,,,,,,,,,
70.39817500114441,70.3878870010376,0.12381291389465332,odometry_only,1471,-4,0.0,True,,,N/A,False,37,-0.4130859375000015,0.22933593750000048,11.078769531249996,-0.0008216385882821695,-0.0006500868943578103,-0.013140534939724113,0.0006287208714008204,-0.0012930624704177692,-0.0131035896209986,-0.07206509529138805,0.06529084959750199,-0.4110986329005247,-1.230149985782742,4.454854185341355,-15.108729636741316,-0.4169140624999985,0.24066406249999955,8.561230468750004,357.5,358.625,257.0625,360.0,360.0,0.0,-2.5,-1.375,257.0625,0.6231689453125,-0.009521484375,0.0234375,0.78167724609375,-0.001090830782496456,-0.003272492347489368,0.0,20.75,-5.5,-40.0625,,,False,,,False,,,,,,,,,,,,,,
70.52853322029114,70.51824522018433,0.13034510612487793,odometry_only,1461,-5,0.0,True,,,N/A,False,37,-0.4130859375000015,0.22933593750000048,11.088769531249996,0.00204932236909494,-0.0012408770331257168,-0.00997778011471203,0.0006092389271686165,0.0017873527703977877,-0.01008611877805969,-0.07198441429072662,0.06532306375830568,-0.4126099654016648,-1.2395380600896007,4.463366627540229,-15.162412829072153,-0.4169140624999985,0.24066406249999955,8.561230468750004,357.5,358.625,257.0625,360.0,360.0,0.0,-2.5,-1.375,257.0625,0.6231689453125,-0.009521484375,0.0234375,0.78167724609375,-0.001090830782496456,-0.001090830782496456,-0.003272492347489368,21.875,-6.1875,-40.0625,,,False,,,False,,,,,,,,,,,,,,
70.65282392501831,70.6425359249115,0.12427902221679688,odometry_only,1471,-4,0.0,True,,,N/A,False,37,-0.4130859375000015,0.23933593750000043,11.098769531249998,-0.0029785223879405065,-0.0014607652315517844,-0.0047363585896659675,0.0020205531641231565,-0.002805590509678015,-0.004635142950334162,-0.07182100029585702,0.06525979096299468,-0.4135247374083659,-1.2484740582467515,4.47148098229175,-15.21374843561445,-0.4169140624999985,0.24066406249999955,8.561230468750004,357.5,358.625,257.0625,360.0,360.0,0.0,-2.5,-1.375,257.0625,0.6231689453125,-0.009521484375,0.0234375,0.78167724609375,-0.003272492347489368,0.0,-0.001090830782496456,21.875,-6.1875,-39.5625,,,False,,,False,,,,,,,,,,,,,,
70.77799415588379,70.76770615577698,0.12515902519226074,odometry_only,1471,-4,0.0,True,,,N/A,False,37,-0.4130859375000015,0.22933593750000048,11.098769531249998,-0.0008711440820660474,0.00049088827497023,-0.004722410202905549,-0.00035172511430376757,-0.0011864716683973164,-0.004665789950135651,-0.07171656584989257,0.06500996965763728,-0.41410678525596667,-1.2574565691753874,4.479633200417403,-15.265541212911977,-0.4169140624999985,0.24066406249999955,8.561230468750004,357.5,358.625,257.0625,360.0,360.0,0.0,-2.5,-1.375,257.0625,0.6231689453125,-0.009521484375,0.0234375,0.78167724609375,-0.001090830782496456,-0.003272492347489368,-0.002181661564992912,20.75,-6.1875,-39.1875,,,False,,,False,,,,,,,,,,,,,,
70.91232705116272,70.90203905105591,0.13431859016418457,odometry_only,1461,-5,0.0,True,,,N/A,False,37,-0.4230859375000015,0.22933593750000048,11.078769531249996,0.0020634649655924204,0.0054565283857230295,-0.004716841099505977,-0.005846387408826443,0.0005680164553126154,-0.004666614535059324,-0.07213282671778548,0.06496843464148666,-0.41473354296261333,-1.2671173929782198,4.488362458426027,-15.321205545090747,-0.4169140624999985,0.24066406249999955,8.561230468750004,357.5,358.625,257.0625,360.0,360.0,0.0,-2.5,-1.375,257.0625,0.6231689453125,-0.009521484375,0.0234375,0.78167724609375,0.0,0.002181661564992912,-0.001090830782496456,21.0625,-7.0,-39.5625,,,False,,,False,,,,,,,,,,,,,,
71.04442119598389,71.03413319587708,0.13208246231079102,odometry_only,1465,-5,0.0,True,,,N/A,False,37,-0.4130859375000015,0.21933593750000047,11.098769531249998,0.005228522504789843,0.0052122673500182935,-0.004714782149539856,-0.0063145280485517605,0.003704493918442709,-0.004810177705766626,-0.07293594854656742,0.06525059648669367,-0.41535940198960136,-1.276697913498883,4.496962283561595,-15.376025905148799,-0.4169140624999985,0.24066406249999955,8.561230468750004,357.5,358.625,257.0625,360.0,360.0,0.0,-2.5,-1.375,257.0625,0.6231689453125,-0.009521484375,0.0234375,0.78167724609375,0.002181661564992912,0.002181661564992912,0.0,21.875,-5.5,-39.5625,,,False,,,False,,,,,,,,,,,,,,
71.16785287857056,71.15756487846375,0.12341976165771484,odometry_only,1465,-5,0.0,True,,,N/A,False,37,-0.4130859375000015,0.22933593750000048,11.088769531249996,0.010441139530732998,0.001069544600581787,-0.0026874032580582992,-0.0034107862687918654,0.009799427980255581,-0.0031178846855995346,-0.07353609653411387,0.06608392189778453,-0.4158486417749763,-1.2857366859455708,4.505066921039817,-15.427319654473498,-0.4169140624999985,0.24066406249999955,8.561230468750004,357.5,358.625,257.0625,360.0,360.0,0.0,-2.5,-1.375,257.0625,0.6231689453125,-0.009521484375,0.0234375,0.78167724609375,-0.002181661564992912,0.001090830782496456,0.0,20.5,-5.5,-40.0625,,,False,,,False,,,,,,,,,,,,,,
71.29578232765198,71.28549432754517,0.12791800498962402,odometry_only,1465,-5,0.0,True,,,N/A,False,37,-0.43308593750000146,0.25933593750000045,11.108769531249997,0.004293303466788336,-0.0005771548702930166,0.00017341629704668675,-0.0003929757341648702,0.004317439062966576,-3.042407351007008e-05,-0.07377938135755066,0.0669868226322209,-0.41605000446275464,-1.2951588369635683,4.513577993121198,-15.480527062063649,-0.4169140624999985,0.24066406249999955,8.561230468750004,357.5,358.625,257.0625,360.0,360.0,0.0,-2.5,-1.375,257.0625,0.6231689453125,-0.009521484375,0.0234375,0.78167724609375,0.001090830782496456,0.002181661564992912,-0.001090830782496456,21.5,-5.5,-37.875,,,False,,,False,,,,,,,,,,,,,,
71.42288780212402,71.41259980201721,0.12709403038024902,odometry_only,1461,-5,0.0,True,,,N/A,False,37,-0.4230859375000015,0.23933593750000043,11.078769531249996,0.003991224341302484,0.0008427345232007108,-0.0007819956205748111,-0.001723196873885573,0.003661402728826262,-0.0009361158907809128,-0.07391385781041937,0.06749385421276356,-0.4161114251925473,-1.304544301476454,4.522123838735445,-15.53340843707459,-0.4169140624999985,0.24066406249999955,8.561230468750004,357.5,358.625,257.0625,360.0,360.0,0.0,-2.5,-1.375,257.0625,0.6231689453125,-0.009521484375,0.0234375,0.78167724609375,-0.001090830782496456,-0.002181661564992912,0.002181661564992912,21.5,-6.1875,-39.5625,,,False,,,False,,,,,,,,,,,,,,
71.54807806015015,71.53779006004333,0.12517905235290527,odometry_only,1461,-5,0.0,True,,,N/A,False,37,-0.4130859375000015,0.24933593750000044,11.098769531249998,-0.00020011223485770242,0.0054619560282648475,0.0008901357520185952,-0.005266262612459986,-0.0013654516372800327,0.001033136070958493,-0.07435132476789925,0.06763755670370775,-0.4161053527454404,-1.3138241490024962,4.530581649716263,-15.585496490881821,-0.4169140624999985,0.24066406249999955,8.561230468750004,357.5,358.625,257.0625,360.0,360.0,0.0,-2.5,-1.375,257.0625,0.6231689453125,-0.009521484375,0.0234375,0.78167724609375,-0.001090830782496456,0.001090830782496456,-0.001090830782496456,21.0625,-5.875,-38.75,,,False,,,False,,,,,,,,,,,,,,
71.67045497894287,71.66016697883606,0.12236452102661133,odometry_only,1461,-5,0.0,True,,,N/A,False,37,-0.4030859375000015,0.23933593750000043,11.088769531249996,0.006264567055647964,0.007241284558279645,-0.0004855541826534679,-0.008462768833514746,0.004467643561980786,-0.0005817817344712721,-0.07519129794642225,0.06782735581820706,-0.41607773786684166,-1.322973504703247,4.53886969928459,-15.63641133352643,-0.4169140624999985,0.24066406249999955,8.561230468750004,357.5,358.625,257.0625,360.0,360.0,0.0,-2.5,-1.375,257.0625,0.6231689453125,-0.009521484375,0.0234375,0.78167724609375,0.001090830782496456,-0.002181661564992912,0.002181661564992912,22.25,-5.875,-40.375,,,False,,,False,,,,,,,,,,,,,,
71.7937662601471,71.78347826004028,0.12329936027526855,odometry_only,1472,-4,0.0,True,,,N/A,False,37,-0.43308593750000146,0.23933593750000043,11.088769531249996,0.000716282450089604,0.005918700566205477,0.0009965646992244036,-0.005914401494995506,-0.0005694124941920255,0.0011103344126435772,-0.0760776458984592,0.06806768051663883,-0.41604515276329646,-1.3322991867060416,4.547247584806926,-15.687711443568983,-0.4169140624999985,0.24066406249999955,8.561230468750004,357.5,358.625,257.0625,360.0,360.0,0.0,-2.5,-1.375,257.0625,0.6231689453125,-0.009521484375,0.0234375,0.78167724609375,-0.001090830782496456,-0.001090830782496456,0.0,22.25,-5.875,-39.1875,,,False,,,False,,,,,,,,,,,,,,
71.91820168495178,71.90791368484497,0.12442350387573242,odometry_only,1465,-5,0.0,True,,,N/A,False,37,-0.43308593750000146,0.25933593750000045,11.048769531249997,-0.0055338538097241185,0.007431132344313485,-0.008585283996666108,-0.0061311591612925155,-0.0074566177188673515,-0.00814617129350246,-0.0768270213299607,0.06756836711597816,-0.4164828645020037,-1.341811653933798,4.555685740956079,-15.739504470060416,-0.4169140624999985,0.24066406249999955,8.561230468750004,357.5,358.625,257.0625,360.0,360.0,0.0,-2.5,-1.375,257.0625,0.6231689453125,-0.009521484375,0.0234375,0.78167724609375,0.0,0.0,0.0,21.5,-6.1875,-40.375,,,False,,,False,,,,,,,,,,,,,,
72.04114079475403,72.03085279464722,0.12292742729187012,odometry_only,1467,-4,0.0,True,,,N/A,False,37,-0.4230859375000015,0.21933593750000047,11.098769531249998,-0.003913514972036737,0.008018319789541348,-0.012305346837013335,-0.007118332321135945,-0.00618968894584415,-0.011918376910572435,-0.07764138428039094,0.06672961443081372,-0.417716106147254,-1.3513058557835769,4.563940193637098,-15.790777436716136,-0.4169140624999985,0.24066406249999955,8.561230468750004,357.5,358.625,257.0625,360.0,360.0,0.0,-2.5,-1.375,257.0625,0.6231689453125,-0.009521484375,0.0234375,0.78167724609375,0.0,0.001090830782496456,-0.002181661564992912,21.5,-5.875,-40.375,,,False,,,False,,,,,,,,,,,,,,
72.1700747013092,72.15978670120239,0.1289222240447998,odometry_only,1466,-5,0.0,True,,,N/A,False,37,-0.4130859375000015,0.22933593750000048,11.078769531249996,0.0029184031089209634,0.012375578497709271,-0.017916632377211573,-0.0129701218832783,-0.0007773129131626796,-0.017715796865148493,-0.07893630837721853,0.06628051374352002,-0.41962635794270203,-1.361399027970188,4.5725141744094575,-15.84475346309495,-0.4169140624999985,0.24066406249999955,8.561230468750004,357.5,358.625,257.0625,360.0,360.0,0.0,-2.5,-1.375,257.0625,0.6231689453125,-0.009521484375,0.0234375,0.78167724609375,-0.004363323129985824,-0.004363323129985824,0.0,22.25,-5.875,-39.1875,,,False,,,False,,,,,,,,,,,,,,
72.29753732681274,72.28724932670593,0.12745094299316406,odometry_only,1465,-5,0.0,True,,,N/A,False,37,-0.4130859375000015,0.23933593750000043,11.078769531249996,0.011670688579082732,0.01197923727994161,-0.01389267552061261,-0.01447914345904431,0.008028834848443816,-0.014092755107108479,-0.08068552575339283,0.06674262039791362,-0.42165337291475763,-1.3715710046113103,4.580991136352574,-15.898364410604358,-0.4169140624999985,0.24066406249999955,8.561230468750004,357.5,358.625,257.0625,360.0,360.0,0.0,-2.5,-1.375,257.0625,0.6231689453125,-0.009521484375,0.0234375,0.78167724609375,-0.001090830782496456,0.001090830782496456,-0.001090830782496456,21.5,-6.1875,-38.75,,,False,,,False,,,,,,,,,,,,,,
72.42257118225098,72.41228318214417,0.12501883506774902,odometry_only,1472,-4,0.0,True,,,N/A,False,37,-0.4030859375000015,0.22933593750000048,11.108769531249997,0.006862567270769209,0.01182802259095049,-0.008283754028603455,-0.013178528162261402,0.0036524218267868567,-0.008282737412230682,-0.08241439069678382,0.06747280894874598,-0.4230520519191751,-1.3817662853884345,4.589380864665093,-15.951166454698432,-0.4169140624999985,0.24066406249999955,8.561230468750004,357.5,358.625,257.0625,360.0,360.0,0.0,-2.5,-1.375,257.0625,0.6231689453125,-0.009521484375,0.0234375,0.78167724609375,0.0,-0.002181661564992912,-0.001090830782496456,21.875,-5.875,-40.875,,,False,,,False,,,,,,,,,,,,,,
72.54631972312927,72.53603172302246,0.12373042106628418,odometry_only,1461,-5,0.0,True,,,N/A,False,37,-0.43308593750000146,0.21933593750000047,11.108769531249997,0.0009427555774953258,0.009740823702930418,-2.5107165818976512e-05,-0.009704924940551028,-0.0012477924274583187,0.00017467345675102762,-0.0838300803407146,0.06762157185278962,-0.423553659002797,-1.3920510345891401,4.597738506975224,-16.00354189524318,-0.4169140624999985,0.24066406249999955,8.561230468750004,357.5,358.625,257.0625,360.0,360.0,0.0,-2.5,-1.375,257.0625,0.6231689453125,-0.009521484375,0.0234375,0.78167724609375,0.002181661564992912,0.0,0.0,22.25,-6.5625,-39.5625,,,False,,,False,,,,,,,,,,,,,,
72.67690396308899,72.66661596298218,0.13057398796081543,odometry_only,1465,-5,0.0,True,,,N/A,False,37,-0.4030859375000015,0.23933593750000043,11.078769531249996,0.0006482403801491244,0.00890675516820982,0.0032751425263183027,-0.008778978010689718,-0.0011891511052729226,0.0034630227433907236,-0.08503683880142669,0.0674624711350376,-0.4233161647528758,-1.403075848122663,4.60655773807662,-16.058831480328905,-0.4169140624999985,0.24066406249999955,8.561230468750004,357.5,358.625,257.0625,360.0,360.0,0.0,-2.5,-1.375,257.0625,0.6231689453125,-0.009521484375,0.0234375,0.78167724609375,0.0,0.001090830782496456,0.0,21.0625,-6.5625,-38.75,,,False,,,False,,,,,,,,,,,,,,
72.80295872688293,72.79267072677612,0.12604212760925293,odometry_only,1471,-4,0.0,True,,,N/A,False,37,-0.4130859375000015,0.23933593750000043,11.078769531249996,0.00258150490161505,0.006551873300157751,-0.0016218165019999246,-0.006985256416934002,0.0009792028373079426,-0.001571258940350773,-0.08603031762512106,0.06744923997184651,-0.4231969437855411,-1.4138566823026966,4.615060017630278,-16.112179636953556,-0.4169140624999985,0.24066406249999955,8.561230468750004,357.5,358.625,257.0625,360.0,360.0,0.0,-2.5,-1.375,257.0625,0.6231689453125,-0.009521484375,0.0234375,0.78167724609375,0.001090830782496456,-0.002181661564992912,0.0,23.0,-6.1875,-39.1875,,,False,,,False,,,,,,,,,,,,,,
72.92685508728027,72.91656708717346,0.12388467788696289,odometry_only,1461,-5,0.0,True,,,N/A,False,37,-0.4130859375000015,0.22933593750000048,11.088769531249996,0.00535430511881271,-0.00044222706706402003,-0.01162275813645474,-0.0009302252348513595,0.00474843596695375,-0.011854943764645132,-0.08652062107249686,0.06780402331600593,-0.42402859418421784,-1.4245448910325202,4.623437921108066,-16.16465876838805,-0.4169140624999985,0.24066406249999955,8.561230468750004,357.5,358.625,257.0625,360.0,360.0,0.0,-2.5,-1.375,257.0625,0.6231689453125,-0.009521484375,0.0234375,0.78167724609375,0.0,0.002181661564992912,0.001090830782496456,20.75,-6.5625,-40.375,,,False,,,False,,,,,,,,,,,,,,
73.05239939689636,73.04211139678955,0.1255323886871338,odometry_only,1467,-4,0.0,True,,,N/A,False,37,-0.3930859375000015,0.23933593750000043,11.108769531249997,0.00848447390745382,-0.0031918532487062792,-0.015554479089166247,0.0009949982675316734,0.008216864427205539,-0.015987781641471854,-0.08651655551573943,0.06861780588026846,-0.42577617609811275,-1.4354057760869197,4.632000600152105,-16.21799777975368,-0.4169140624999985,0.24066406249999955,8.561230468750004,357.5,358.625,257.0625,360.0,360.0,0.0,-2.5,-1.375,257.0625,0.6231689453125,-0.009521484375,0.0234375,0.78167724609375,0.001090830782496456,0.001090830782496456,0.001090830782496456,21.5,-6.1875,-40.375,,,False,,,False,,,,,,,,,,,,,,
73.1785774230957,73.16828942298889,0.1261589527130127,odometry_only,1465,-5,0.0,True,,,N/A,False,37,-0.4230859375000015,0.20933593750000046,11.098769531249998,0.007657222975779313,-0.006304720946753425,-0.015038810631809429,0.004221031579737728,0.008128056644517621,-0.015513412994019976,-0.08618753108431378,0.06964883494256119,-0.42776325496032397,-1.4462998594342797,4.640722387452782,-16.271838600114478,-0.4169140624999985,0.24066406249999955,8.561230468750004,357.5,358.625,257.0625,360.0,360.0,0.0,-2.5,-1.375,257.0625,0.6231689453125,-0.009521484375,0.0234375,0.78167724609375,-0.003272492347489368,-0.001090830782496456,0.001090830782496456,21.875,-5.875,-39.1875,,,False,,,False,,,,,,,,,,,,,,
73.30508875846863,73.29480075836182,0.12650060653686523,odometry_only,1461,-5,0.0,True,,,N/A,False,37,-0.4130859375000015,0.25933593750000045,11.068769531249997,0.005290753394974369,-0.0013715369124915411,-0.016885304788869297,-8.565250206620155e-05,0.004637786052925105,-0.017130975073764917,-0.08592596710352111,0.07045627836465154,-0.4298280224056238,-1.457186090391251,4.649584078358921,-16.326081508488237,-0.4169140624999985,0.24066406249999955,8.561230468750004,357.5,358.625,257.0625,360.0,360.0,0.0,-2.5,-1.375,257.0625,0.6231689453125,-0.009521484375,0.0234375,0.78167724609375,0.002181661564992912,0.002181661564992912,0.0,20.75,-5.5,-40.375,,,False,,,False,,,,,,,,,,,,,,
73.43159794807434,73.42130994796753,0.1264951229095459,odometry_only,1471,-4,0.0,True,,,N/A,False,37,-0.43308593750000146,0.22933593750000048,11.098769531249998,-0.0038075507544301996,0.0005333903087700164,-0.015552194756458986,0.000106931692713469,-0.004580689410536482,-0.015351174542984465,-0.08592462124660294,0.07045988958804988,-0.43188243915969227,-1.4680552210389644,4.658496682351481,-16.38058259386231,-0.4169140624999985,0.24066406249999955,8.561230468750004,357.5,358.625,257.0625,360.0,360.0,0.0,-2.5,-1.375,257.0625,0.6231689453125,-0.009521484375,0.0234375,0.78167724609375,0.0,0.0,0.001090830782496456,-2026.9375,-5.5,-39.5625,,,False,,,False,,,,,,,,,,,,,,
73.55606460571289,73.54577660560608,0.12445497512817383,odometry_only,1465,-5,0.0,True,,,N/A,False,37,-0.3930859375000015,0.21933593750000047,11.088769531249996,-0.007298872153846029,0.003297628765280485,-0.01910714543503924,-0.0018591981039880108,-0.008767216095439465,-0.0186791381282309,-0.0860336603829195,0.06962928296417016,-0.4340000600182423,-1.4787557528706072,4.667214079594337,-16.434464286311865,-0.4169140624999985,0.24066406249999955,8.561230468750004,357.5,358.625,257.0625,360.0,360.0,0.0,-2.5,-1.375,257.0625,0.6231689453125,-0.009521484375,0.0234375,0.78167724609375,0.001090830782496456,0.003272492347489368,-0.001090830782496456,22.25,-6.1875,-40.375,,,False,,,False,,,,,,,,,,,,,,
73.68273496627808,73.67244696617126,0.12665867805480957,odometry_only,1471,-4,0.0,True,,,N/A,False,37,-0.4130859375000015,0.21933593750000047,11.088769531249996,-0.006622727031503121,0.00028882022032199325,-0.014361693967828871,0.0009905390430901342,-0.007209978807814884,-0.014044116991609523,-0.08608867198708633,0.06861745777143505,-0.43607240213580695,-1.489656146411455,4.675969154307816,-16.48956540024603,-0.4169140624999985,0.24066406249999955,8.561230468750004,357.5,358.625,257.0625,360.0,360.0,0.0,-2.5,-1.375,257.0625,0.6231689453125,-0.009521484375,0.0234375,0.78167724609375,0.0,0.002181661564992912,0.002181661564992912,21.875,-6.1875,-39.5625,,,False,,,False,,,,,,,,,,,,,,
73.80720400810242,73.7969160079956,0.12445616722106934,odometry_only,1468,-4,0.0,True,,,N/A,False,37,-0.4230859375000015,0.23933593750000043,11.128769531249997,-0.004330339543995134,-0.0008642729136041491,-0.012543051331563856,0.0016289703000917318,-0.004633216592498452,-0.012357455430230754,-0.08592566494066024,0.06788047841784844,-0.4377153213919228,-1.5003602689520055,4.684463159293668,-16.54393953576357,-0.4169140624999985,0.24066406249999955,8.561230468750004,357.5,358.625,257.0625,360.0,360.0,0.0,-2.5,-1.375,257.0625,0.6231689453125,-0.009521484375,0.0234375,0.78167724609375,-0.003272492347489368,-0.002181661564992912,-0.001090830782496456,21.5,-7.0,-38.75,,,False,,,False,,,,,,,,,,,,,,
73.93281626701355,73.92252826690674,0.12560057640075684,odometry_only,1467,-4,0.0,True,,,N/A,False,37,-0.4230859375000015,0.20933593750000046,11.078769531249996,-0.003433070919186212,-0.0053966348418753194,-0.013871725816428817,0.005827329897596215,-0.0028167302736504304,-0.013836281202294375,-0.0854574071393369,0.06741261960757679,-0.4393602956014902,-1.5111231752712955,4.692959604841187,-16.59902013728428,-0.4169140624999985,0.24066406249999955,8.561230468750004,357.5,358.625,257.0625,360.0,360.0,0.0,-2.5,-1.375,257.0625,0.6231689453125,-0.009521484375,0.0234375,0.78167724609375,-0.001090830782496456,-0.001090830782496456,-0.002181661564992912,21.875,-6.1875,-39.5625,,,False,,,False,,,,,,,,,,,,,,
74.05752611160278,74.04723811149597,0.12469649314880371,odometry_only,1472,-4,0.0,True,,,N/A,False,37,-0.43308593750000146,0.22933593750000048,11.078769531249996,-0.007155628255884371,-0.005114772024941066,-0.01642039354480231,0.006346738847247295,-0.0066279820294692145,-0.01621055190274504,-0.08469837529941968,0.0668237583560776,-0.4412336629607031,-1.5217320899508473,4.70132900763372,-16.653923626544646,-0.4169140624999985,0.24066406249999955,8.561230468750004,357.5,358.625,257.0625,360.0,360.0,0.0,-2.5,-1.375,257.0625,0.6231689453125,-0.009521484375,0.0234375,0.78167724609375,0.0,0.001090830782496456,-0.001090830782496456,20.5,-5.875,-39.5625,,,False,,,False,,,,,,,,,,,,,,
74.1864173412323,74.17612934112549,0.12887954711914062,odometry_only,1461,-5,0.0,True,,,N/A,False,37,-0.4230859375000015,0.21933593750000047,11.078769531249996,-0.008624367742175768,-0.005003562710616345,-0.017425973470515155,0.006551672274696485,-0.008131716005782809,-0.0171473232707825,-0.08386720460744337,0.06587264675687832,-0.4433832368833136,-1.5325944177499833,4.709879933931368,-16.710928139257565,-0.4169140624999985,0.24066406249999955,8.561230468750004,357.5,358.625,257.0625,360.0,360.0,0.0,-2.5,-1.375,257.0625,0.6231689453125,-0.009521484375,0.0234375,0.78167724609375,-0.001090830782496456,-0.001090830782496456,0.002181661564992912,21.5,-6.5625,-39.1875,,,False,,,False,,,,,,,,,,,,,,
74.31019997596741,74.2999119758606,0.12377047538757324,odometry_only,1467,-4,0.0,True,,,N/A,False,37,-0.4030859375000015,0.22933593750000048,11.118769531249997,-0.005118597139803136,-0.000904010946265096,-0.013746136833879517,0.0018263580710973966,-0.005450341834304574,-0.013525226076176096,-0.08334872820808817,0.06503211787907374,-0.4452814148903245,-1.5429426154984607,4.717981006406113,-16.765923362462644,-0.4169140624999985,0.24066406249999955,8.561230468750004,357.5,358.625,257.0625,360.0,360.0,0.0,-2.5,-1.375,257.0625,0.6231689453125,-0.009521484375,0.0234375,0.78167724609375,0.002181661564992912,0.001090830782496456,-0.002181661564992912,21.0625,-6.1875,-39.5625,,,False,,,False,,,,,,,,,,,,,,
74.43537664413452,74.42508864402771,0.12516450881958008,odometry_only,1467,-4,0.0,True,,,N/A,False,37,-0.4230859375000015,0.23933593750000043,11.098769531249998,-0.0017028952934625935,0.0027450763579789745,-0.008224258343440437,-0.002413410596126194,-0.0026672187021213847,-0.008070632910797113,-0.08338546727856143,0.06452410264039626,-0.44663293243164526,-1.5533772173392177,4.726088926759033,-16.82174137305849,-0.4169140624999985,0.24066406249999955,8.561230468750004,357.5,358.625,257.0625,360.0,360.0,0.0,-2.5,-1.375,257.0625,0.6231689453125,-0.009521484375,0.0234375,0.78167724609375,0.004363323129985824,-0.002181661564992912,0.0,21.875,-6.1875,-39.5625,,,False,,,False,,,,,,,,,,,,,,
74.55977869033813,74.54949069023132,0.1243896484375,odometry_only,1467,-4,0.0,True,,,N/A,False,37,-0.4130859375000015,0.23933593750000043,11.098769531249998,-0.004444190696257275,0.00415994873305249,-0.004050404367785063,-0.003120978345540176,-0.005448610348297542,-0.0037461873135217465,-0.08372967762594656,0.06401934007921603,-0.44736787748832135,-1.5637709144008445,4.734083663583452,-16.877343596282884,-0.4169140624999985,0.24066406249999955,8.561230468750004,357.5,358.625,257.0625,360.0,360.0,0.0,-2.5,-1.375,257.0625,0.6231689453125,-0.009521484375,0.0234375,0.78167724609375,0.0,-0.001090830782496456,0.0,21.875,-5.5,-40.0625,,,False,,,False,,,,,,,,,,,,,,
74.68634128570557,74.67605328559875,0.12655115127563477,odometry_only,1467,-4,0.0,True,,,N/A,False,37,-0.4130859375000015,0.21933593750000047,11.068769531249997,-0.0014279269054763197,0.006762137724487848,-0.004457532633032933,-0.006336161188568856,-0.003109417559970214,-0.004221334250814655,-0.08432808357385448,0.06347782593699589,-0.44787202700171147,-1.5744048659811647,4.742151120155318,-16.933990416573437,-0.4169140624999985,0.24066406249999955,8.561230468750004,357.5,358.625,257.0625,360.0,360.0,0.0,-2.5,-1.375,257.0625,0.6231689453125,-0.009521484375,0.0234375,0.78167724609375,-0.003272492347489368,0.002181661564992912,-0.001090830782496456,20.75,-5.875,-40.375,,,False,,,False,,,,,,,,,,,,,,
74.81129789352417,74.80100989341736,0.12494444847106934,odometry_only,1471,-4,0.0,True,,,N/A,False,37,-0.4130859375000015,0.22933593750000048,11.098769531249998,0.003803503738244733,0.005725403266385645,-0.002577565012151059,-0.006466078330676184,0.0023064693197912345,-0.0026001451766907166,-0.08512786795181777,0.06342766397448589,-0.4482981799941247,-1.5849911561829224,4.750079188377788,-16.989976162698085,-0.4169140624999985,0.24066406249999955,8.561230468750004,357.5,358.625,257.0625,360.0,360.0,0.0,-2.5,-1.375,257.0625,0.6231689453125,-0.009521484375,0.0234375,0.78167724609375,0.001090830782496456,0.001090830782496456,0.0,23.0,-6.1875,-39.5625,,,False,,,False,,,,,,,,,,,,,,
74.93737435340881,74.927086353302,0.12606358528137207,odometry_only,1467,-4,0.0,True,,,N/A,False,37,-0.4030859375000015,0.22933593750000048,11.078769531249996,0.011976330547957338,-0.000809651286513449,-0.0018435526601375874,-0.001909640788255987,0.011752910945906596,-0.002389366310930011,-0.08565580454253893,0.06431385191604991,-0.44861267784759074,-1.5957559572140014,4.758130965119007,-17.046510061906744,-0.4169140624999985,0.24066406249999955,8.561230468750004,357.5,358.625,257.0625,360.0,360.0,0.0,-2.5,-1.375,257.0625,0.6231689453125,-0.009521484375,0.0234375,0.78167724609375,0.004363323129985824,-0.003272492347489368,0.0,22.25,-6.5625,-40.875,,,False,,,False,,,,,,,,,,,,,,
75.0748724937439,75.06458449363708,0.13748669624328613,odometry_only,1461,-5,0.0,True,,,N/A,False,37,-0.43308593750000146,0.23933593750000043,11.078769531249996,0.004687521679105314,-0.0034225479691598836,-0.003661380589919957,0.0022374749613335372,0.005147612578896761,-0.00394818850265722,-0.08563326812385288,0.06547565048815349,-0.44904834258438114,-1.6075309415657406,4.767053130065315,-17.108218285929528,-0.4169140624999985,0.24066406249999955,8.561230468750004,357.5,358.625,257.0625,360.0,360.0,0.0,-2.5,-1.375,257.0625,0.6231689453125,-0.009521484375,0.0234375,0.78167724609375,-0.001090830782496456,0.001090830782496456,-0.002181661564992912,21.0625,-5.875,-38.75,,,False,,,False,,,,,,,,,,,,,,
75.20594930648804,75.19566130638123,0.13106417655944824,odometry_only,1471,-4,0.0,True,,,N/A,False,37,-0.4030859375000015,0.23933593750000043,11.088769531249996,0.004136589568924086,-0.0022895053672393815,-0.008464143060181811,0.0011872511684318777,0.004126361574791939,-0.008692439280703148,-0.08540883866878322,0.0660833933810969,-0.44987670932019147,-1.6187396880076257,4.77567446894215,-17.167126721787795,-0.4169140624999985,0.24066406249999955,8.561230468750004,357.5,358.625,257.0625,360.0,360.0,0.0,-2.5,-1.375,257.0625,0.6231689453125,-0.009521484375,0.0234375,0.78167724609375,0.004363323129985824,0.001090830782496456,-0.002181661564992912,21.0625,-5.5,-40.375,,,False,,,False,,,,,,,,,,,,,,
75.36074614524841,75.3504581451416,0.1547839641571045,odometry_only,1466,-5,0.0,True,,,N/A,False,37,-0.4130859375000015,0.23933593750000043,11.078769531249996,0.0017141656463736193,0.0069708437441910066,-0.019196055176761755,-0.007451843788696911,-0.0008110006640509669,-0.01907437712718777,-0.0858936679085802,0.06633997573328489,-0.4520256382780094,-1.6319971285266721,4.785922975951432,-17.23692673210972,-0.4169140624999985,0.24066406249999955,8.561230468750004,357.5,358.625,257.0625,360.0,360.0,0.0,-2.5,-1.375,257.0625,0.6231689453125,-0.009521484375,0.0234375,0.78167724609375,0.002181661564992912,0.003272492347489368,0.001090830782496456,21.0625,-6.1875,-40.375,,,False,,,False,,,,,,,,,,,,,,
75.51042890548706,75.50014090538025,0.14967131614685059,odometry_only,1472,-4,0.0,True,,,N/A,False,37,-0.4130859375000015,0.22933593750000048,11.088769531249996,0.0074298345304409895,0.005726629745626985,-0.027150811480740944,-0.007628475145067499,0.004645473971575024,-0.02730181737534102,-0.0870222134999456,0.06662693106661843,-0.4554962313125473,-1.6449374023032255,4.795873641923791,-17.304841728436553,-0.4169140624999985,0.24066406249999955,8.561230468750004,357.5,358.625,257.0625,360.0,360.0,0.0,-2.5,-1.375,257.0625,0.6231689453125,-0.009521484375,0.0234375,0.78167724609375,-0.002181661564992912,-0.00545415391248228,-0.002181661564992912,20.75,-6.1875,-40.875,,,False,,,False,,,,,,,,,,,,,,
75.65446782112122,75.6441798210144,0.14401936531066895,odometry_only,1462,-5,0.0,True,,,N/A,False,37,-0.4230859375000015,0.23933593750000043,11.108769531249997,0.0050931895570262165,0.003153529637671787,-0.02987497815018224,-0.004638151654342082,0.002809728829178534,-0.029983205660021536,-0.0879055294030225,0.06716377785443185,-0.4596213076422273,-1.657533893557282,4.805507868415428,-17.370739052009018,-0.4169140624999985,0.24066406249999955,8.561230468750004,357.5,358.625,257.0625,360.0,360.0,0.0,-2.5,-1.375,257.0625,0.6231689453125,-0.009521484375,0.0234375,0.78167724609375,0.0,-0.003272492347489368,-0.003272492347489368,21.5,-6.1875,-40.875,,,False,,,False,,,,,,,,,,,,,,
75.80279994010925,75.79251194000244,0.14832043647766113,odometry_only,1465,-5,0.0,True,,,N/A,False,37,-0.43308593750000146,0.22933593750000048,11.098769531249998,0.00425291225787125,5.8822242297574406e-05,-0.020007617381647205,-0.001292943508075623,0.0031578339379759197,-0.020168090091152016,-0.08834538071466266,0.06760633361159794,-0.46334053868009445,-1.6706046995164021,4.81550244929382,-17.439186103958395,-0.4169140624999985,0.24066406249999955,8.561230468750004,357.5,358.625,257.0625,360.0,360.0,0.0,-2.5,-1.375,257.0625,0.6231689453125,-0.009521484375,0.0234375,0.78167724609375,-0.002181661564992912,-0.004363323129985824,0.0,21.875,-6.1875,-40.0625,,,False,,,False,,,,,,,,,,,,,,
75.92840552330017,75.91811752319336,0.12559175491333008,odometry_only,1465,-5,0.0,True,,,N/A,False,37,-0.4230859375000015,0.25933593750000045,11.078769531249996,-0.002144430889456034,0.005163812564638716,-0.006564625844814346,-0.004648608948252143,-0.003554170302347881,-0.006333732298804297,-0.08871848571461256,0.06758144532182922,-0.46500474387127244,-1.6817235803746982,4.823991684493363,-17.497482360558966,-0.4169140624999985,0.24066406249999955,8.561230468750004,357.5,358.625,257.0625,360.0,360.0,0.0,-2.5,-1.375,257.0625,0.6231689453125,-0.009521484375,0.0234375,0.78167724609375,0.0,0.002181661564992912,0.001090830782496456,21.875,-6.1875,-39.5625,,,False,,,False,,,,,,,,,,,,,,
76.0561854839325,76.04589748382568,0.12776827812194824,odometry_only,1467,-4,0.0,True,,,N/A,False,37,-0.4030859375000015,0.20933593750000046,11.118769531249997,-0.0046422245455860975,0.007157016954038454,0.0007381166601343305,-0.005929377614592552,-0.006075183778367354,0.001119187106177808,-0.08939425127917845,0.06696628232666944,-0.46533787060149795,-1.6931021592333402,4.832587150236797,-17.556916497516294,-0.4169140624999985,0.24066406249999955,8.561230468750004,357.5,358.625,257.0625,360.0,360.0,0.0,-2.5,-1.375,257.0625,0.6231689453125,-0.009521484375,0.0234375,0.78167724609375,-0.002181661564992912,0.001090830782496456,0.0,21.5,-5.875,-40.875,,,False,,,False,,,,,,,,,,,,,,
76.17894577980042,76.1686577796936,0.12274789810180664,odometry_only,1461,-5,0.0,True,,,N/A,False,37,-0.4130859375000015,0.22933593750000048,11.098769531249998,-0.005586040628999807,0.007910168983081927,0.0014752447827930224,-0.006442299210929231,-0.007125871058446045,0.0019156494862493931,-0.09015354994234227,0.06615608145969668,-0.46515161069509653,-1.7041217168377114,4.840757395409358,-17.614024311533793,-0.4169140624999985,0.24066406249999955,8.561230468750004,357.5,358.625,257.0625,360.0,360.0,0.0,-2.5,-1.375,257.0625,0.6231689453125,-0.009521484375,0.0234375,0.78167724609375,0.002181661564992912,0.0,0.001090830782496456,22.25,-6.1875,-39.1875,,,False,,,False,,,,,,,,,,,,,,
76.30206656455994,76.29177856445312,0.12310671806335449,odometry_only,1465,-5,0.0,True,,,N/A,False,37,-0.4130859375000015,0.23933593750000043,11.098769531249998,0.00011613639823948151,0.006182127970600663,0.0017655006003837032,-0.006026228011366829,-0.001175067527335407,0.0019112766777873774,-0.0909210296750525,0.06564513080662616,-0.46491605053493384,-1.715267465448411,4.848870202748797,-17.671273100209238,-0.4169140624999985,0.24066406249999955,8.561230468750004,357.5,358.625,257.0625,360.0,360.0,0.0,-2.5,-1.375,257.0625,0.6231689453125,-0.009521484375,0.0234375,0.78167724609375,0.001090830782496456,-0.002181661564992912,-0.001090830782496456,21.0625,-6.1875,-39.1875,,,False,,,False,,,,,,,,,,,,,,
76.42299389839172,76.41270589828491,0.12091612815856934,odometry_only,1465,-5,0.0,True,,,N/A,False,37,-0.4230859375000015,0.21933593750000047,11.098769531249998,0.0043494096487019665,0.0034981522489103477,-0.008172881420936518,-0.0044971871498006265,0.0030615906556354646,-0.00826755069935838,-0.09155725498319928,0.06575918634280398,-0.46530033855703545,-1.7262997492753576,4.856814653375312,-17.727512182268562,-0.4169140624999985,0.24066406249999955,8.561230468750004,357.5,358.625,257.0625,360.0,360.0,0.0,-2.5,-1.375,257.0625,0.6231689453125,-0.009521484375,0.0234375,0.78167724609375,0.0,0.001090830782496456,-0.001090830782496456,21.875,-6.5625,-39.5625,,,False,,,False,,,,,,,,,,,,,,
76.54660248756409,76.53631448745728,0.1235959529876709,odometry_only,1461,-5,0.0,True,,,N/A,False,37,-0.4230859375000015,0.22933593750000048,11.098769531249998,0.004016456076164153,0.0003958562384763619,-0.012151744001489367,-0.0014561416161621744,0.003233753395381251,-0.01230349521162869,-0.09192515865433833,0.06614822586648932,-0.46657158756869627,-1.7376385911603622,4.8649662645343845,-17.785099981654547,-0.4169140624999985,0.24066406249999955,8.561230468750004,357.5,358.625,257.0625,360.0,360.0,0.0,-2.5,-1.375,257.0625,0.6231689453125,-0.009521484375,0.0234375,0.78167724609375,0.0,0.002181661564992912,-0.003272492347489368,21.875,-5.875,-40.0625,,,False,,,False,,,,,,,,,,,,,,
76.67784309387207,76.66755509376526,0.13122868537902832,odometry_only,1465,-5,0.0,True,,,N/A,False,37,-0.43308593750000146,0.25933593750000045,11.098769531249998,-0.0023420807263928225,0.0012274748146080296,-0.013746485562704424,-0.0008707147905490576,-0.0032202799024084626,-0.013595203381293785,-0.09207783380799757,0.06614910992087446,-0.46827091365338475,-1.749711826563682,4.873646867261646,-17.846439057890453,-0.4169140624999985,0.24066406249999955,8.561230468750004,357.5,358.625,257.0625,360.0,360.0,0.0,-2.5,-1.375,257.0625,0.6231689453125,-0.009521484375,0.0234375,0.78167724609375,0.002181661564992912,0.0,0.0,21.0625,-5.875,-38.75,,,False,,,False,,,,,,,,,,,,,,
76.80398392677307,76.79369592666626,0.1261279582977295,odometry_only,1465,-5,0.0,True,,,N/A,False,37,-0.4030859375000015,0.24933593750000044,11.078769531249996,-0.010837764573839647,0.005624339220302244,-0.004120294227608559,-0.003122640001503189,-0.01200341005070615,-0.003497774109442576,-0.09232967065133757,0.06518904345510246,-0.46934886482945254,-1.7613412975797997,4.881929573827599,-17.905569092050257,-0.4169140624999985,0.24066406249999955,8.561230468750004,357.5,358.625,257.0625,360.0,360.0,0.0,-2.5,-1.375,257.0625,0.6231689453125,-0.009521484375,0.0234375,0.78167724609375,0.003272492347489368,0.001090830782496456,-0.003272492347489368,21.0625,-6.1875,-38.75,,,False,,,False,,,,,,,,,,,,,,
76.92447781562805,76.91418981552124,0.12048149108886719,odometry_only,1461,-5,0.0,True,,,N/A,False,37,-0.3930859375000015,0.24933593750000044,11.078769531249996,-0.010050942419448702,0.007294984177984753,-0.0064849986132958564,-0.004960432920708861,-0.011723171961560995,-0.005852759100577107,-0.09281660099046164,0.06375973646546233,-0.4699121479212621,-1.7724946470182739,4.889697544467059,-17.96215087571918,-0.4169140624999985,0.24066406249999955,8.561230468750004,357.5,358.625,257.0625,360.0,360.0,0.0,-2.5,-1.375,257.0625,0.6231689453125,-0.009521484375,0.0234375,0.78167724609375,0.0,0.002181661564992912,0.001090830782496456,23.0,-6.5625,-37.875,,,False,,,False,,,,,,,,,,,,,,
77.04918003082275,77.03889203071594,0.12468886375427246,odometry_only,1467,-4,0.0,True,,,N/A,False,37,-0.4130859375000015,0.22933593750000048,11.088769531249996,-0.005664223738365289,0.005933814191207608,-0.00947314708589288,-0.004655379557483547,-0.007293902988409248,-0.009064243900979124,-0.09341609335645162,0.06257412773174152,-0.47084213999870367,-1.7841052185442805,4.897573757457277,-18.02080166733553,-0.4169140624999985,0.24066406249999955,8.561230468750004,357.5,358.625,257.0625,360.0,360.0,0.0,-2.5,-1.375,257.0625,0.6231689453125,-0.009521484375,0.0234375,0.78167724609375,-0.003272492347489368,-0.004363323129985824,0.001090830782496456,21.5,-6.5625,-40.0625,,,False,,,False,,,,,,,,,,,,,,
77.17126941680908,77.16098141670227,0.12207770347595215,odometry_only,1467,-4,0.0,True,,,N/A,False,37,-0.4030859375000015,0.22933593750000048,11.108769531249997,0.0020844031232791988,0.003389987567467549,-0.010627640926431477,-0.003921516343280931,0.0007609133119954629,-0.010621968944131333,-0.09393961723371044,0.06217536154347717,-0.4720437638258386,-1.7955411959852565,4.905188323037535,-18.0783543402249,-0.4169140624999985,0.24066406249999955,8.561230468750004,357.5,358.625,257.0625,360.0,360.0,0.0,-2.5,-1.375,257.0625,0.6231689453125,-0.009521484375,0.0234375,0.78167724609375,0.0,-0.001090830782496456,0.0,22.25,-6.1875,-39.5625,,,False,,,False,,,,,,,,,,,,,,
77.29456996917725,77.28428196907043,0.12328886985778809,odometry_only,1467,-4,0.0,True,,,N/A,False,37,-0.4230859375000015,0.23933593750000043,11.098769531249998,-0.0009232665717292402,0.002382232088091042,-0.007033438906925069,-0.0022166591544891833,-0.0017696287684002008,-0.0069247057667687385,-0.09431800159376487,0.06211317984916306,-0.4731254186732732,-1.8071462305189354,4.912850019939821,-18.136618760392263,-0.4169140624999985,0.24066406249999955,8.561230468750004,357.5,358.625,257.0625,360.0,360.0,0.0,-2.5,-1.375,257.0625,0.6231689453125,-0.009521484375,0.0234375,0.78167724609375,0.0,-0.003272492347489368,0.003272492347489368,21.5,-6.5625,-39.1875,,,False,,,False,,,,,,,,,,,,,,
77.41704964637756,77.40676164627075,0.122467041015625,odometry_only,1471,-4,0.0,True,,,N/A,False,37,-0.4130859375000015,0.21933593750000047,11.108769531249997,-7.951116148295244e-05,-0.002052963869020474,-0.011688648037610352,0.0018512808203629445,-0.00018820946502953398,-0.011721041427316331,-0.0943403749954807,0.06199329452154536,-0.4742671634164657,-1.8186984470907837,4.920449496283352,-18.194630943496605,-0.4169140624999985,0.24066406249999955,8.561230468750004,357.5,358.625,257.0625,360.0,360.0,0.0,-2.5,-1.375,257.0625,0.6231689453125,-0.009521484375,0.0234375,0.78167724609375,-0.001090830782496456,0.0,0.002181661564992912,22.25,-5.875,-40.0625,,,False,,,False,,,,,,,,,,,,,,
77.5436270236969,77.53333902359009,0.12656521797180176,odometry_only,1467,-4,0.0,True,,,N/A,False,37,-0.4230859375000015,0.22933593750000048,11.088769531249996,-0.0038360223829821067,-0.003822380713714129,-0.015592402195915074,0.004358197962712385,-0.003642419680084427,-0.015497985600536404,-0.09394742297764509,0.061750882315185114,-0.47598965446084596,-1.8306137901867332,4.928280350640393,-18.254765674138522,-0.4169140624999985,0.24066406249999955,8.561230468750004,357.5,358.625,257.0625,360.0,360.0,0.0,-2.5,-1.375,257.0625,0.6231689453125,-0.009521484375,0.0234375,0.78167724609375,-0.003272492347489368,-0.004363323129985824,0.001090830782496456,20.75,-6.5625,-40.0625,,,False,,,False,,,,,,,,,,,,,,
77.66717004776001,77.6568820476532,0.12352633476257324,odometry_only,1467,-4,0.0,True,,,N/A,False,37,-0.4130859375000015,0.22933593750000048,11.078769531249996,0.0008094208552026829,-0.008553625445051035,-0.025194437044710125,0.007795521217943928,0.0014668675580127028,-0.025409790964955985,-0.09319677078558507,0.061616513325322884,-0.47851624831205675,-1.8421724083505675,4.9358999117467315,-18.31371898197791,-0.4169140624999985,0.24066406249999955,8.561230468750004,357.5,358.625,257.0625,360.0,360.0,0.0,-2.5,-1.375,257.0625,0.6231689453125,-0.009521484375,0.0234375,0.78167724609375,-0.003272492347489368,-0.001090830782496456,-0.001090830782496456,21.0625,-6.1875,-39.5625,,,False,,,False,,,,,,,,,,,,,,
77.80291485786438,77.79262685775757,0.1357266902923584,odometry_only,1465,-5,0.0,True,,,N/A,False,37,-0.4230859375000015,0.24933593750000044,11.088769531249996,0.002695980640442009,-0.004171078976002499,-0.029093917002467974,0.003047107628926667,0.0021409261697579616,-0.029278896635931567,-0.09246095372185797,0.06186135027628681,-0.48222760559430733,-1.8547717625878704,4.94427953262224,-18.37891827373263,-0.4169140624999985,0.24066406249999955,8.561230468750004,357.5,358.625,257.0625,360.0,360.0,0.0,-2.5,-1.375,257.0625,0.6231689453125,-0.009521484375,0.0234375,0.78167724609375,0.0,-0.001090830782496456,-0.002181661564992912,21.875,-6.1875,-40.0625,,,False,,,False,,,,,,,,,,,,,,
77.94431257247925,77.93402457237244,0.1413862705230713,odometry_only,1461,-5,0.0,True,,,N/A,False,37,-0.4030859375000015,0.20933593750000046,11.098769531249998,0.007669479283674831,-0.0025269433898297165,-0.026291081901916764,0.0003749714768862803,0.006754661709552258,-0.02665823108408445,-0.09221903622075507,0.06249020727346976,-0.4861819765303602,-1.8678273700969825,4.953070334100088,-18.447378183310338,-0.4169140624999985,0.24066406249999955,8.561230468750004,357.5,358.625,257.0625,360.0,360.0,0.0,-2.5,-1.375,257.0625,0.6231689453125,-0.009521484375,0.0234375,0.78167724609375,0.002181661564992912,-0.001090830782496456,0.001090830782496456,21.0625,-6.1875,-39.1875,,,False,,,False,,,,,,,,,,,,,,
78.06787443161011,78.0575864315033,0.1235494613647461,odometry_only,1465,-5,0.0,True,,,N/A,False,37,-0.3930859375000015,0.21933593750000047,11.108769531249997,0.011399560352893232,0.0041182853092941556,-0.013166808151308993,-0.006746321834250739,0.009546895353817357,-0.013550609500437696,-0.0926126246731643,0.06349723157076276,-0.48866586682851954,-1.8792452961702801,4.960853174204053,-18.507599146290126,-0.4169140624999985,0.24066406249999955,8.561230468750004,357.5,358.625,257.0625,360.0,360.0,0.0,-2.5,-1.375,257.0625,0.6231689453125,-0.009521484375,0.0234375,0.78167724609375,-0.001090830782496456,0.003272492347489368,-0.001090830782496456,20.75,-5.5,-40.0625,,,False,,,False,,,,,,,,,,,,,,
78.19207835197449,78.18179035186768,0.1241922378540039,odometry_only,1465,-5,0.0,True,,,N/A,False,37,-0.4130859375000015,0.24933593750000044,11.108769531249997,0.012863834441103738,0.006726924642808376,0.00011154707916999004,-0.009425429896723795,0.011037202244539246,-0.0002891925035399148,-0.09361682769190885,0.06477542414323532,-0.48952526481968467,-1.8908094223920522,4.968818408288352,-18.56834101913429,-0.4169140624999985,0.24066406249999955,8.561230468750004,357.5,358.625,257.0625,360.0,360.0,0.0,-2.5,-1.375,257.0625,0.6231689453125,-0.009521484375,0.0234375,0.78167724609375,-0.003272492347489368,-0.006544984694978736,-0.001090830782496456,21.0625,-6.1875,-39.5625,,,False,,,False,,,,,,,,,,,,,,
78.31775212287903,78.30746412277222,0.12566184997558594,odometry_only,1465,-5,0.0,True,,,N/A,False,37,-0.4030859375000015,0.25933593750000045,11.118769531249997,0.009356496911276352,0.009791241102647404,0.0032799892511512284,-0.0115841496579867,0.007094534928581731,0.0031057715815983405,-0.09493687900893594,0.06591465796145807,-0.489348296550909,-1.9026564261939434,4.977029787033721,-18.6298445504413,-0.4169140624999985,0.24066406249999955,8.561230468750004,357.5,358.625,257.0625,360.0,360.0,0.0,-2.5,-1.375,257.0625,0.6231689453125,-0.009521484375,0.0234375,0.78167724609375,-0.002181661564992912,-0.001090830782496456,-0.002181661564992912,22.25,-5.875,-38.375,,,False,,,False,,,,,,,,,,,,,,
78.44255185127258,78.43226385116577,0.12478756904602051,odometry_only,1461,-5,0.0,True,,,N/A,False,37,-0.4230859375000015,0.23933593750000043,11.078769531249996,0.0039295396971566554,0.010976150160734822,-0.0016009497217735979,-0.011598016734673375,0.0013097472886064948,-0.0015002547971595742,-0.09638330210361613,0.06643903293518788,-0.48924812228261266,-1.9145936163491832,4.985287834704351,-18.69090288453299,-0.4169140624999985,0.24066406249999955,8.561230468750004,357.5,358.625,257.0625,360.0,360.0,0.0,-2.5,-1.375,257.0625,0.6231689453125,-0.009521484375,0.0234375,0.78167724609375,-0.003272492347489368,-0.001090830782496456,0.0,23.0,-6.5625,-40.375,,,False,,,False,,,,,,,,,,,,,,
78.56878137588501,78.5584933757782,0.12621760368347168,odometry_only,1465,-5,0.0,True,,,N/A,False,37,-0.43308593750000146,0.21933593750000047,11.098769531249998,-0.0043261905110042855,0.007350805580441328,0.0005788244744465059,-0.006191061172141816,-0.005818224325879868,0.0009509637467889655,-0.09750594949618453,0.06615450835123458,-0.48928278738266395,-1.9268297347076375,4.99365565422689,-18.752656797807067,-0.4169140624999985,0.24066406249999955,8.561230468750004,357.5,358.625,257.0625,360.0,360.0,0.0,-2.5,-1.375,257.0625,0.6231689453125,-0.009521484375,0.0234375,0.78167724609375,0.004363323129985824,0.003272492347489368,0.0,20.75,-6.1875,-39.5625,,,False,,,False,,,,,,,,,,,,,,
78.6984441280365,78.68815612792969,0.12965035438537598,odometry_only,1461,-5,0.0,True,,,N/A,False,-110,-0.4130859375000015,0.21933593750000047,11.078769531249996,-0.005486026485563671,0.001803370916571504,-0.002700649193447512,-0.0005722557550271284,-0.005873982230249335,-0.0024106006385679214,-0.09794438271439856,0.06539655898946,-0.4893774086028105,-1.9394998371255583,5.002183475477137,-18.816098618423254,-0.4169140624999985,0.24066406249999955,8.561230468750004,357.5,358.625,257.0625,360.0,360.0,0.0,-2.5,-1.375,257.0625,0.6231689453125,-0.009521484375,0.0234375,0.78167724609375,0.001090830782496456,0.001090830782496456,-0.001090830782496456,21.5,-7.0,-39.5625,,,False,,,False,,,,,,,,,,,,,,
78.82700753211975,78.81671953201294,0.12855172157287598,odometry_only,1461,-5,0.0,True,,,N/A,False,37,-0.4230859375000015,0.23933593750000043,11.078769531249996,-0.003866882985438482,-0.004417387979825189,-0.008061609149165523,0.0050529098646899945,-0.003174943101171677,-0.007990211565717631,-0.0976563848146137,0.06481493152459071,-0.490045929760119,-1.9520722448289736,5.010552931114213,-18.879051896570857,-0.4169140624999985,0.24066406249999955,8.561230468750004,357.5,358.625,257.0625,360.0,360.0,0.0,-2.5,-1.375,257.0625,0.6231689453125,-0.009521484375,0.0234375,0.78167724609375,0.001090830782496456,-0.001090830782496456,0.0,21.5,-5.0625,-39.1875,,,False,,,False,,,,,,,,,,,,,,
78.9517982006073,78.94151020050049,0.12477612495422363,odometry_only,1461,-5,0.0,True,,,N/A,False,37,-0.3930859375000015,0.23933593750000043,9.798769531249997,0.004886301511059818,-0.006768670508428987,-0.016193803661423846,0.005274988448403352,0.005476837297916563,-0.016556233569709238,-0.09701204724939917,0.06495854224355294,-0.491577334912819,-1.9642172311309045,5.018649246703531,-18.940293470136258,-0.4169140624999985,0.24066406249999955,8.561230468750004,357.5,358.625,257.0625,360.0,360.0,0.0,-2.5,-1.375,257.0625,0.6231689453125,-0.009521484375,0.0234375,0.78167724609375,-0.001090830782496456,0.0,-0.001090830782496456,21.5,-6.1875,-39.1875,,,False,,,False,,,,,,,,,,,,,,
79.07521843910217,79.06493043899536,0.12340807914733887,odometry_only,1466,-5,0.0,True,,,N/A,False,37,-0.44308593750000147,0.21933593750000047,11.118769531249997,0.004227134973181355,-0.005653799969764214,-0.013267306917180956,0.004377354238161502,0.004729159220258582,-0.01357679564394224,-0.09641645871428875,0.06558829345659915,-0.4934366645398927,-1.9761525513175637,5.026704513819791,-19.001072812939107,-0.4169140624999985,0.24066406249999955,8.561230468750004,357.5,358.625,257.0625,360.0,360.0,0.0,-2.5,-1.375,257.0625,0.6231689453125,-0.009521484375,0.0234375,0.78167724609375,-0.002181661564992912,0.001090830782496456,0.0,21.875,-5.5,-39.1875,,,False,,,False,,,,,,,,,,,,,,
79.1986939907074,79.18840599060059,0.12346315383911133,odometry_only,1465,-5,0.0,True,,,N/A,False,37,-0.43308593750000146,0.21933593750000047,11.088769531249996,-8.513458666845313e-05,0.0008640567787219231,-0.004012200833239039,-0.0008806604857583215,-0.00046953949945521974,-0.003981904984830979,-0.09620060229494815,0.06585124649904198,-0.4945205908183653,-1.9880431062352741,5.034818483890834,-19.06206097224149,-0.4169140624999985,0.24066406249999955,8.561230468750004,357.5,358.625,257.0625,360.0,360.0,0.0,-2.5,-1.375,257.0625,0.6231689453125,-0.009521484375,0.0234375,0.78167724609375,0.0,0.004363323129985824,0.0,20.75,-6.1875,-39.5625,,,False,,,False,,,,,,,,,,,,,,
79.32265090942383,79.31236290931702,0.12394523620605469,odometry_only,1471,-4,0.0,True,,,N/A,False,37,-0.44308593750000147,0.22933593750000048,11.098769531249998,-0.007867813045421206,0.005452491201985771,-0.0024093186010957527,-0.0035933432961948245,-0.008990119944011552,-0.0019242104601617086,-0.09647786802271863,0.06526500663696731,-0.4948866082553102,-1.9999838954929463,5.042944101373531,-19.12337712673807,-0.4169140624999985,0.24066406249999955,8.561230468750004,357.5,358.625,257.0625,360.0,360.0,0.0,-2.5,-1.375,257.0625,0.6231689453125,-0.009521484375,0.0234375,0.78167724609375,0.0,0.001090830782496456,-0.002181661564992912,21.5,-6.1875,-39.1875,,,False,,,False,,,,,,,,,,,,,,
79.44981026649475,79.43952226638794,0.12714624404907227,odometry_only,1465,-5,0.0,True,,,N/A,False,37,-0.44308593750000147,0.23933593750000043,11.058769531249997,-0.01504145636548913,0.013414946998195124,-0.007926900035568943,-0.0098325263604048,-0.018012809124160405,-0.006921133546010285,-0.09733139247268315,0.06354834613229653,-0.4954489343891636,-2.0123049552599057,5.051133168367521,-19.186335849035842,-0.4169140624999985,0.24066406249999955,8.561230468750004,357.5,358.625,257.0625,360.0,360.0,0.0,-2.5,-1.375,257.0625,0.6231689453125,-0.009521484375,0.0234375,0.78167724609375,0.0,0.002181661564992912,0.0,19.25,-7.0,-40.375,,,False,,,False,,,,,,,,,,,,,,
79.57717442512512,79.56688642501831,0.1273512840270996,odometry_only,1461,-5,0.0,True,,,N/A,False,37,-0.4230859375000015,0.12933593750000044,11.048769531249997,-0.01985608573733729,0.01443051215572679,-0.012103639626732079,-0.009807883038722879,-0.02312952751783278,-0.010855058783784411,-0.09858200815058156,0.06092858143268001,-0.4965808448483196,-2.02477986682365,5.059059316646095,-19.24950398212535,-0.4169140624999985,0.24066406249999955,8.561230468750004,357.5,358.625,257.0625,360.0,360.0,0.0,-2.5,-1.375,257.0625,0.6231689453125,-0.009521484375,0.0234375,0.78167724609375,0.003272492347489368,0.002181661564992912,0.003272492347489368,21.0625,-5.875,-40.375,,,False,,,False,,,,,,,,,,,,,,
79.70440173149109,79.69411373138428,0.12721586227416992,odometry_only,1465,-5,0.0,True,,,N/A,False,37,-0.37308593750000146,0.19933593750000045,11.098769531249998,-0.009403192552979165,0.006618455077860981,-0.009607984662912038,-0.004490309299176056,-0.011093551488017047,-0.009017071856720854,-0.09949148658419543,0.0587517221799769,-0.49784486996564803,-2.037378912036821,5.066671933156754,-19.312757344514186,-0.4169140624999985,0.24066406249999955,-319.11876953125,357.5,358.625,257.0625,360.0,360.0,0.0,-2.5,-1.375,257.0625,0.6231689453125,-0.009521484375,0.0234375,0.78167724609375,-0.002181661564992912,-0.001090830782496456,0.003272492347489368,22.25,-5.875,-38.375,,,False,,,False,,,,,,,,,,,,,,
79.82902359962463,79.81873559951782,0.12460947036743164,odometry_only,1461,-5,0.0,True,,,N/A,False,37,-0.3930859375000015,0.25933593750000045,11.048769531249997,0.006792564179354874,-0.0004322256587345171,-0.008655283934559532,-0.0012183938166247818,0.0062907207219604945,-0.008954442274339313,-0.09984716582006786,0.058452483080965546,-0.49896458039443414,-2.0497986539867474,5.073974310127955,-19.374863293347495,-0.4169140624999985,0.24066406249999955,8.561230468750004,357.5,358.625,257.0625,360.0,360.0,0.0,-2.5,-1.375,257.0625,0.6231689453125,-0.009521484375,0.0234375,0.78167724609375,0.0,0.002181661564992912,0.0,22.5625,-6.1875,-39.1875,,,False,,,False,,,,,,,,,,,,,,
79.95666909217834,79.94638109207153,0.12763237953186035,odometry_only,1461,-5,0.0,True,,,N/A,False,37,-0.4130859375000015,0.21933593750000047,11.078769531249996,0.017269698316668785,-0.0052588676766462715,-0.010333720472450438,0.0011241458090347342,0.017484401731070333,-0.01121231199612921,-0.09985318036880529,0.05996972080713639,-0.5002515458119212,-2.0625427691754585,5.081531563963778,-19.438629459274658,-0.4169140624999985,0.24066406249999955,8.561230468750004,357.5,358.625,257.0625,360.0,360.0,0.0,-2.5,-1.375,257.0625,0.6231689453125,-0.009521484375,0.0234375,0.78167724609375,0.0,-0.001090830782496456,-0.001090830782496456,20.75,-5.875,-39.5625,,,False,,,False,,,,,,,,,,,,,,
80.0800518989563,80.06976389884949,0.12337112426757812,odometry_only,1461,-5,0.0,True,,,N/A,False,37,-0.4030859375000015,0.23933593750000043,11.098769531249998,0.015161757843829725,0.0010170072960814349,-0.010969873599856766,-0.0045315831824900305,0.01400622066849995,-0.011599218421838068,-0.10006337005862256,0.06191223755179677,-0.5016586878888856,-2.0748747339684224,5.089049921079115,-19.50043285524809,-0.4169140624999985,0.24066406249999955,8.561230468750004,357.5,358.625,257.0625,360.0,360.0,0.0,-2.5,-1.375,257.0625,0.6231689453125,-0.009521484375,0.0234375,0.78167724609375,0.0,0.0,0.001090830782496456,22.5625,-6.5625,-39.1875,,,False,,,False,,,,,,,,,,,,,,
80.20369458198547,80.19340658187866,0.12363123893737793,odometry_only,1471,-4,0.0,True,,,N/A,False,37,-0.43308593750000146,0.22933593750000048,11.088769531249996,0.0062225998760007395,0.003479850696143464,-0.011219519352531878,-0.004940975136373995,0.004741962488662521,-0.011393343716571677,-0.10064892211905643,0.06307116810756921,-0.5030799873606437,-2.087281888644366,5.096775847723255,-19.562541398862788,-0.4169140624999985,0.24066406249999955,8.561230468750004,357.5,358.625,257.0625,360.0,360.0,0.0,-2.5,-1.375,257.0625,0.6231689453125,-0.009521484375,0.0234375,0.78167724609375,0.002181661564992912,0.004363323129985824,0.001090830782496456,21.875,-6.1875,-40.375,,,False,,,False,,,,,,,,,,,,,,
80.32782411575317,80.31753611564636,0.12411618232727051,odometry_only,1467,-4,0.0,True,,,N/A,False,37,-0.4130859375000015,0.20933593750000046,11.078769531249996,0.004747712137363265,0.0003836049627084469,-0.011317431597022087,-0.0015954200230609776,0.003989035811626527,-0.011502800072309872,-0.1010545583257422,0.06361299719603809,-0.5045008783391899,-2.099799221621832,5.104637625202655,-19.625069944081122,-0.4169140624999985,0.24066406249999955,8.561230468750004,357.5,358.625,257.0625,360.0,360.0,0.0,-2.5,-1.375,257.0625,0.6231689453125,-0.009521484375,0.0234375,0.78167724609375,-0.002181661564992912,0.0,0.001090830782496456,21.875,-6.5625,-37.875,,,False,,,False,,,,,,,,,,,,,,
80.45465683937073,80.44436883926392,0.12682104110717773,odometry_only,1465,-5,0.0,True,,,N/A,False,37,-0.43308593750000146,0.25933593750000045,11.078769531249996,7.035654792815656e-05,0.005308298428824883,-0.015452320979058371,-0.005410963048528383,-0.0018606687438635643,-0.015304136584800135,-0.10149883672350954,0.06374795805973406,-0.5062007201470643,-2.1126432378418016,5.112713649673626,-19.68915905856548,-0.4169140624999985,0.24066406249999955,8.561230468750004,357.5,358.625,257.0625,360.0,360.0,0.0,-2.5,-1.375,257.0625,0.6231689453125,-0.009521484375,0.0234375,0.78167724609375,0.001090830782496456,0.004363323129985824,0.0,21.5,-6.1875,-39.5625,,,False,,,False,,,,,,,,,,,,,,
80.58064937591553,80.57036137580872,0.12598061561584473,odometry_only,1471,-4,0.0,True,,,N/A,False,37,-0.43308593750000146,0.22933593750000048,11.088769531249996,-0.0017283833515426296,0.00720215543002768,-0.014999544472600126,-0.0068490155205097655,-0.004011153669608045,-0.014725702661410829,-0.10227109654729179,0.06337809015851602,-0.5080923089646056,-2.125478768660529,5.1207213585812985,-19.753049688676654,-0.4169140624999985,0.24066406249999955,8.561230468750004,357.5,358.625,257.0625,360.0,360.0,0.0,-2.5,-1.375,257.0625,0.6231689453125,-0.009521484375,0.0234375,0.78167724609375,-0.003272492347489368,-0.001090830782496456,0.0,22.5625,-5.875,-40.0625,,,False,,,False,,,,,,,,,,,,,,
80.70462250709534,80.69433450698853,0.1239614486694336,odometry_only,1471,-4,0.0,True,,,N/A,False,37,-0.4130859375000015,0.26933593750000046,11.108769531249997,-0.0024203640084701256,0.02011134168796455,-0.010765155398356985,-0.019216291831946657,-0.00734829149461287,-0.010146405152269106,-0.10388664317700405,0.06267402351919711,-0.5096339002226286,-2.1382565746958493,5.1285341598909655,-19.816129096296503,-0.4169140624999985,0.24066406249999955,8.561230468750004,357.5,358.625,257.0625,360.0,360.0,0.0,-2.5,-1.375,257.0625,0.6231689453125,-0.009521484375,0.0234375,0.78167724609375,0.0,-0.002181661564992912,0.0,21.875,-6.5625,-40.875,,,False,,,False,,,,,,,,,,,,,,
80.83238101005554,80.82209300994873,0.12774419784545898,odometry_only,1462,-5,0.0,True,,,N/A,False,37,-0.44308593750000147,0.22933593750000048,11.068769531249997,-0.006801837636504396,0.019055911389144423,-0.01114412901959827,-0.017215336202860903,-0.011398765542475054,-0.010357833230936576,-0.10621360772675936,0.06147660963761418,-0.5109435489649758,-2.151676118705265,5.136463921413277,-19.88131552008932,-0.4169140624999985,0.24066406249999955,8.561230468750004,357.5,358.625,257.0625,360.0,360.0,0.0,-2.5,-1.375,257.0625,0.6231689453125,-0.009521484375,0.0234375,0.78167724609375,0.002181661564992912,0.0,0.003272492347489368,21.5,-6.5625,-39.1875,,,False,,,False,,,,,,,,,,,,,,
80.962717294693,80.95242929458618,0.13032007217407227,odometry_only,1472,-4,0.0,True,,,N/A,False,37,-0.4230859375000015,0.22933593750000048,11.088769531249996,-0.006426878392190051,0.018647702492711787,-0.01129070469008729,-0.016903230275006408,-0.010950031802597952,-0.010530868735087708,-0.10843677474969514,0.06002036119610736,-0.5123046575388933,-2.1656627453735267,5.144380668417268,-19.947990410151107,-0.4169140624999985,0.24066406249999955,8.561230468750004,357.5,358.625,257.0625,360.0,360.0,0.0,-2.5,-1.375,257.0625,0.6231689453125,-0.009521484375,0.0234375,0.78167724609375,0.0,0.003272492347489368,0.001090830782496456,21.5,-6.1875,-41.25,,,False,,,False,,,,,,,,,,,,,,
81.08379673957825,81.07350873947144,0.12106919288635254,odometry_only,1471,-4,0.0,True,,,N/A,False,37,-0.4130859375000015,0.19933593750000045,11.098769531249998,-0.00830004067993725,0.014474663950420762,-0.015367344033871942,-0.01247627241309615,-0.012044508131053233,-0.014623073718504305,-0.11021525108862064,0.05862839600082728,-0.5138273412942764,-2.178898757519132,5.1515630230526686,-20.010106896597904,-0.4169140624999985,0.24066406249999955,8.561230468750004,357.5,358.625,257.0625,360.0,360.0,0.0,-2.5,-1.375,257.0625,0.6231689453125,-0.009521484375,0.0234375,0.78167724609375,0.002181661564992912,0.0,0.001090830782496456,22.25,-7.0,-39.1875,,,False,,,False,,,,,,,,,,,,,,
81.20926880836487,81.19898080825806,0.12546014785766602,odometry_only,1471,-4,0.0,True,,,N/A,False,37,-0.4030859375000015,0.22933593750000048,11.118769531249997,-0.0029345190823017444,0.010756691262755939,-0.008848405586753164,-0.00995630124866139,-0.005677188548030837,-0.008441189858683352,-0.11162244809283668,0.05751671265800398,-0.5152741642535875,-2.192814652788987,5.158848814305309,-20.074662510121193,-0.4169140624999985,0.24066406249999955,8.561230468750004,357.5,358.625,257.0625,360.0,360.0,0.0,-2.5,-1.375,257.0625,0.6231689453125,-0.009521484375,0.0234375,0.78167724609375,0.003272492347489368,0.00545415391248228,0.001090830782496456,21.5,-6.1875,-39.5625,,,False,,,False,,,,,,,,,,,,,,
81.33422231674194,81.32393431663513,0.12494182586669922,odometry_only,1467,-4,0.0,True,,,N/A,False,37,-0.4230859375000015,0.25933593750000045,11.118769531249997,0.0011809038464659673,0.009316022657380995,-0.010395096103950742,-0.00949257571743525,-0.0014245155651922367,-0.010203068004825294,-0.11283743719243713,0.05707306271866841,-0.5164388880632856,-2.206836866739673,5.166007342185917,-20.13911456638468,-0.4169140624999985,0.24066406249999955,8.561230468750004,357.5,358.625,257.0625,360.0,360.0,0.0,-2.5,-1.375,257.0625,0.6231689453125,-0.009521484375,0.0234375,0.78167724609375,0.0,0.003272492347489368,0.0,21.875,-5.875,-39.5625,,,False,,,False,,,,,,,,,,,,,,
81.45763158798218,81.44734358787537,0.1233975887298584,odometry_only,1471,-4,0.0,True,,,N/A,False,37,-0.44308593750000147,0.23933593750000043,11.098769531249998,-0.001278528177086363,0.006731699780823916,-0.006941025850956965,-0.006375408073107673,-0.0030776404882916658,-0.00670899076080618,-0.11381647266131587,0.056795285118125684,-0.5174823416993539,-2.220821139715747,5.173032881963774,-20.20290625972934,-0.4169140624999985,0.24066406249999955,8.561230468750004,357.5,358.625,257.0625,360.0,360.0,0.0,-2.5,-1.375,257.0625,0.6231689453125,-0.009521484375,0.0234375,0.78167724609375,0.001090830782496456,-0.001090830782496456,0.0,21.5,-6.1875,-40.875,,,False,,,False,,,,,,,,,,,,,,
81.58390927314758,81.57362127304077,0.1262655258178711,odometry_only,1471,-4,0.0,True,,,N/A,False,37,-0.4030859375000015,0.20933593750000046,11.088769531249996,-0.0022514254378355547,0.0036647085997196837,-0.009664051251466693,-0.0032079866686973157,-0.0034755748718625482,-0.009461611546533985,-0.11442149884941298,0.05638156252650187,-0.5185032365009179,-2.23523043345795,5.180178049052903,-20.268310891614934,-0.4169140624999985,0.24066406249999955,8.561230468750004,357.5,358.625,257.0625,360.0,360.0,0.0,-2.5,-1.375,257.0625,0.6231689453125,-0.009521484375,0.0234375,0.78167724609375,-0.001090830782496456,0.001090830782496456,0.0,23.0,-6.5625,-39.5625,,,False,,,False,,,,,,,,,,,,,,
81.70595383644104,81.69566583633423,0.12202978134155273,odometry_only,1468,-4,0.0,True,,,N/A,False,37,-0.4530859375000015,0.22933593750000048,11.088769531249996,-0.010693022904003167,0.00047711538776944173,-0.0046499680501462266,0.0018543781348010879,-0.01074433252716943,-0.00416067074700029,-0.11450408912611969,0.05551393643120137,-0.5193343985657444,-2.2491983031800205,5.187005340688359,-20.331634441452543,-0.4169140624999985,0.24066406249999955,8.561230468750004,357.5,358.625,257.0625,360.0,360.0,0.0,-2.5,-1.375,257.0625,0.6231689453125,-0.009521484375,0.0234375,0.78167724609375,-0.001090830782496456,-0.001090830782496456,-0.001090830782496456,23.375,-6.1875,-39.1875,,,False,,,False,,,,,,,,,,,,,,
81.8307409286499,81.82045292854309,0.12477445602416992,odometry_only,1467,-4,0.0,True,,,N/A,False,37,-0.2830859375000015,0.16933593750000048,11.098769531249998,0.016475072560114035,-0.013003819467782878,-0.002653498064047937,0.008960342120695755,0.018804251486307374,-0.003698754345372204,-0.11382938870765309,0.056016772433064035,-0.5198247263110262,-2.2634433959244284,5.193963432452624,-20.396464698717068,-0.4169140624999985,0.24066406249999955,8.561230468750004,357.5,358.625,257.0625,360.0,360.0,0.0,-2.5,-1.375,257.0625,0.6231689453125,-0.009521484375,0.0234375,0.78167724609375,-0.001090830782496456,0.001090830782496456,0.002181661564992912,21.875,-5.875,-39.5625,,,False,,,False,,,,,,,,,,,,,,
81.9555025100708,81.94521450996399,0.12475037574768066,odometry_only,1471,-4,0.0,True,,,N/A,False,37,-0.5330859375000014,0.19933593750000045,11.088769531249996,0.010772836680404237,-0.0182530876808902,-0.00594637178743237,0.015301923490201047,0.01425824648623493,-0.006866010639454523,-0.11231602533192839,0.05807905195567983,-0.5204837055117977,-2.2775492586119546,5.201080180934492,-20.461354132598757,-0.4169140624999985,0.24066406249999955,8.561230468750004,357.5,358.625,257.0625,360.0,360.0,0.0,-2.5,-1.375,257.0625,0.6231689453125,-0.009521484375,0.0234375,0.78167724609375,-0.001090830782496456,-0.004363323129985824,-0.002181661564992912,20.75,-5.875,-40.875,,,False,,,False,,,,,,,,,,,,,,
82.08410167694092,82.0738136768341,0.1285874843597412,odometry_only,1471,-4,0.0,True,,,N/A,False,37,-0.4130859375000015,0.21933593750000047,11.098769531249998,0.016762188235340297,-0.020321504776159318,-0.015480148531083617,0.01584493796922664,0.02008779041050536,-0.016702937661496116,-0.11031347705154379,0.06028728719681917,-0.5219990413973097,-2.2918629424398302,5.208690395826738,-20.528379249555496,-0.4169140624999985,0.24066406249999955,8.561230468750004,357.5,358.625,257.0625,360.0,360.0,0.0,-2.5,-1.375,257.0625,0.6231689453125,-0.009521484375,0.0234375,0.78167724609375,-0.004363323129985824,0.002181661564992912,0.002181661564992912,21.875,-5.875,-40.0625,,,False,,,False,,,,,,,,,,,,,,
82.2103660106659,82.20007801055908,0.1262493133544922,odometry_only,1467,-4,0.0,True,,,N/A,False,37,-0.44308593750000147,0.22933593750000048,11.078769531249996,-0.01572229565869909,-0.008839132063861308,-0.023188283255054745,0.011791404355488014,-0.014470772200495672,-0.02268428645528267,-0.10856894243048133,0.06064185954287587,-0.524485346397151,-2.305679820022318,5.216324006696954,-20.59443821725312,-0.4169140624999985,0.24066406249999955,8.561230468750004,357.5,358.625,257.0625,360.0,360.0,0.0,-2.5,-1.375,257.0625,0.6231689453125,-0.009521484375,0.0234375,0.78167724609375,0.003272492347489368,0.004363323129985824,-0.001090830782496456,21.0625,-7.0,-39.5625,,,False,,,False,,,,,,,,,,,,,,
82.33359026908875,82.32330226898193,0.12321209907531738,odometry_only,1467,-4,0.0,True,,,N/A,False,37,-0.4230859375000015,0.24933593750000044,11.098769531249998,-0.013985989727960035,-0.008492259470186834,0.23107110081062393,0.014708296721517041,-0.0005234034025283774,0.23118168626827493,-0.10693640053319821,0.059718127617899616,-0.5116406452557988,-2.3189562528565686,5.223738910028333,-20.658269846422147,-0.4169140624999985,0.24066406249999955,8.561230468750004,357.5,358.625,257.0625,360.0,360.0,0.0,-2.5,-1.375,257.0625,0.6231689453125,-0.009521484375,0.0234375,0.78167724609375,0.002181661564992912,0.004363323129985824,0.0,21.5,-6.1875,-39.1875,,,False,,,False,,,,,,,,,,,,,,
82.46911287307739,82.45882487297058,0.13551092147827148,odometry_only,1472,-4,0.0,True,,,N/A,False,37,-0.44308593750000147,0.22933593750000048,11.078769531249996,-0.025879963083323142,-0.006251033815536881,0.34293109644718045,0.01678028366390725,-0.007177546554104252,0.34347851421747605,-0.10480287726116247,0.059196346205458945,-0.4727042786034426,-2.3333027451800974,5.2317960149907865,-20.72496459026446,-0.4169140624999985,0.24066406249999955,8.561230468750004,357.5,358.625,257.0625,360.0,360.0,0.0,-2.5,-1.375,257.0625,0.6231689453125,-0.009521484375,0.0234375,0.78167724609375,0.002181661564992912,-0.001090830782496456,0.0,21.5,-5.875,-40.0625,,,False,,,False,,,,,,,,,,,,,,
82.59188675880432,82.58159875869751,0.12276172637939453,odometry_only,1471,-4,0.0,True,,,N/A,False,37,-0.38308593750000147,0.20933593750000046,11.078769531249996,-0.013938618936650946,-0.011519641697132262,0.3807628757200254,0.019792885064672465,0.007456748070958738,0.38060477319431735,-0.1025579845950198,0.05921348383556735,-0.4282594214008731,-2.3460307338725896,5.23906411256885,-20.780266519873308,-0.4169140624999985,0.24066406249999955,8.561230468750004,357.5,358.625,257.0625,360.0,360.0,0.0,-2.5,-1.375,257.0625,0.6231689453125,-0.009521484375,0.0234375,0.78167724609375,0.0,0.004363323129985824,0.0,21.5,-6.1875,-40.0625,,,False,,,False,,,,,,,,,,,,,,
82.72216820716858,82.71188020706177,0.13026833534240723,odometry_only,1461,-5,0.0,True,,,N/A,False,37,-0.4230859375000015,0.23933593750000043,11.098769531249998,-0.011202607085230803,-0.005362684424729045,0.13939708556086658,0.00972359183939199,-0.002955373301028519,0.13957980435221032,-0.10063545343928726,0.05950667713458291,-0.39437763190698333,-2.3592655693352045,5.2467968514394325,-20.833848299636006,-0.4169140624999985,0.24066406249999955,8.561230468750004,357.5,358.625,257.0625,360.0,360.0,0.0,-2.5,-1.375,257.0625,0.6231689453125,-0.009521484375,0.0234375,0.78167724609375,0.001090830782496456,-0.001090830782496456,0.0,21.0625,-5.875,-38.375,,,False,,,False,,,,,,,,,,,,,,
82.85174942016602,82.8414614200592,0.1295642852783203,odometry_only,1465,-5,0.0,True,,,N/A,False,37,-0.4030859375000015,0.20933593750000046,11.078769531249996,0.006352929644336492,-0.0030326520035535843,0.04805487031532249,0.00222670025208436,0.009191385380377382,0.04763808870053205,-0.0998612879124376,0.05991065935860681,-0.3822492556546375,-2.3722541778321387,5.254532962365723,-20.884159853443432,-0.4169140624999985,0.24066406249999955,8.561230468750004,357.5,358.625,257.0625,360.0,360.0,0.0,-2.5,-1.375,257.0625,0.6231689453125,-0.009521484375,0.0234375,0.78167724609375,0.001090830782496456,0.002181661564992912,-0.001090830782496456,21.875,-5.875,-39.1875,,,False,,,False,,,,,,,,,,,,,,
82.9841525554657,82.97386455535889,0.13238739967346191,odometry_only,1465,-5,0.0,True,,,N/A,False,37,-0.4230859375000015,0.19933593750000045,11.078769531249996,0.00892355727369203,-0.004220740919988945,0.01926099448301018,0.002398612233717199,0.01056191445468644,0.0187382779147185,-0.09955512136610137,0.06121820335867397,-0.3778555583666548,-2.385454287770441,5.262550929945996,-20.934474003347212,-0.4169140624999985,0.24066406249999955,8.561230468750004,357.5,358.625,257.0625,360.0,360.0,0.0,-2.5,-1.375,257.0625,0.6231689453125,-0.009521484375,0.0234375,0.78167724609375,-0.001090830782496456,-0.002181661564992912,0.0,22.25,-6.1875,-40.0625,,,False,,,False,,,,,,,,,,,,,,
83.11893820762634,83.10865020751953,0.13477063179016113,odometry_only,1465,-5,0.0,True,,,N/A,False,37,-0.3930859375000015,0.23933593750000043,9.818769531249997,0.018278379294300276,-0.0046697633623128286,0.008378731151249747,0.0005929482118176763,0.01924343906908049,0.0074463038081934215,-0.09935353412045977,0.06322664652123756,-0.3760911020556758,-2.3988578103546687,5.27093668546667,-20.98527893722781,-0.4169140624999985,0.24066406249999955,8.561230468750004,357.5,358.625,257.0625,360.0,360.0,0.0,-2.5,-1.375,257.0625,0.6231689453125,-0.009521484375,0.0234375,0.78167724609375,0.001090830782496456,-0.002181661564992912,0.0,19.6875,-5.875,-39.1875,,,False,,,False,,,,,,,,,,,,,,
83.23972225189209,83.22943425178528,0.1207728385925293,odometry_only,1461,-5,0.0,True,,,N/A,False,37,-0.4530859375000015,0.23933593750000043,11.088769531249996,0.00955194730473596,-0.002820226282697392,0.0024959610053428803,0.0006531692235143745,0.010049368318080133,0.002001689614121739,-0.09927828555051743,0.06499553427048337,-0.37552057156336754,-2.4108524747029003,5.278679563839041,-21.03066607489894,-0.4169140624999985,0.24066406249999955,8.561230468750004,357.5,358.625,257.0625,360.0,360.0,0.0,-2.5,-1.375,257.0625,0.6231689453125,-0.009521484375,0.0234375,0.78167724609375,-0.002181661564992912,-0.001090830782496456,-0.003272492347489368,21.0625,-6.5625,-40.0625,,,False,,,False,,,,,,,,,,,,,,
83.36737442016602,83.3570864200592,0.1276395320892334,odometry_only,1465,-5,0.0,True,,,N/A,False,37,-0.4130859375000015,0.22933593750000048,11.078769531249996,0.003956967001421513,0.004090138073361704,-0.003998113472177556,-0.004926809518957737,0.0027503928242958234,-0.004066154930874975,-0.09955102827433147,0.06581241203201678,-0.37565232525688996,-2.423541714994014,5.287027696368843,-21.078605753433063,-0.4169140624999985,0.24066406249999955,8.561230468750004,357.5,358.625,257.0625,360.0,360.0,0.0,-2.5,-1.375,257.0625,0.6231689453125,-0.009521484375,0.0234375,0.78167724609375,0.0,-0.003272492347489368,0.0,22.5625,-5.5,-40.375,,,False,,,False,,,,,,,,,,,,,,
83.49101758003235,83.48072957992554,0.12363052368164062,odometry_only,1465,-5,0.0,True,,,N/A,False,37,-0.4730859375000015,0.23933593750000043,11.088769531249996,-0.012361103112529548,0.00873926154333141,-0.012545295598638363,-0.005939474419685335,-0.014587703755956747,-0.011767648315823463,-0.1002227304612354,0.06508068555728495,-0.37663109595052063,-2.435890782199178,5.2951188874694815,-21.12510835009351,-0.4169140624999985,0.24066406249999955,8.561230468750004,357.5,358.625,257.0625,360.0,360.0,0.0,-2.5,-1.375,257.0625,0.6231689453125,-0.009521484375,0.0234375,0.78167724609375,0.002181661564992912,0.0,-0.002181661564992912,23.0,-5.5,-39.1875,,,False,,,False,,,,,,,,,,,,,,
83.61646819114685,83.60618019104004,0.12543821334838867,odometry_only,1462,-5,0.0,True,,,N/A,False,37,-0.44308593750000147,0.25933593750000045,11.128769531249997,-0.014708645630702656,0.012609708806930893,-0.009792950854510093,-0.009148670909728932,-0.017600299313955663,-0.008819420818210225,-0.10116904545766667,0.06306188275911383,-0.3779222985356471,-2.448521894476341,5.303155874881223,-21.172433264933662,-0.4169140624999985,0.24066406249999955,8.561230468750004,357.5,358.625,257.0625,360.0,360.0,0.0,-2.5,-1.375,257.0625,0.6231689453125,-0.009521484375,0.0234375,0.78167724609375,0.0,0.001090830782496456,0.001090830782496456,22.25,-6.5625,-40.375,,,False,,,False,,,,,,,,,,,,,,
83.73941206932068,83.72912406921387,0.12293195724487305,odometry_only,1461,-5,0.0,True,,,N/A,False,37,-0.37308593750000146,1.4893359375000004,11.098769531249998,-0.011565743188511838,0.008029808401283839,-0.008733007504836942,-0.005370845859295318,-0.013470608416803509,-0.00801288850417298,-0.10206150176499962,0.061152079008755286,-0.378956912900623,-2.4610136589473552,5.3107908075998544,-21.21895558636357,-0.4169140624999985,0.24066406249999955,8.561230468750004,357.5,358.625,257.0625,360.0,360.0,0.0,-2.5,-1.375,257.0625,0.6231689453125,-0.009521484375,0.0234375,0.78167724609375,0.0,-0.001090830782496456,0.001090830782496456,20.75,-6.1875,-39.5625,,,False,,,False,,,,,,,,,,,,,,
83.86445450782776,83.85416650772095,0.1250300407409668,odometry_only,1465,-5,0.0,True,,,N/A,False,37,-0.4230859375000015,0.21933593750000047,11.078769531249996,-0.004211794367969145,0.00010743311539635793,-0.006276822138589796,0.0007451819871549526,-0.004429749211824459,-0.006080400937289555,-0.10235067523619348,0.06003303778696267,-0.37983795517714314,-2.47379249035656,5.318366697644938,-21.26639166299847,-0.4169140624999985,0.24066406249999955,8.561230468750004,357.5,358.625,257.0625,360.0,360.0,0.0,-2.5,-1.375,257.0625,0.6231689453125,-0.009521484375,0.0234375,0.78167724609375,-0.004363323129985824,-0.004363323129985824,-0.002181661564992912,21.875,-5.875,-39.5625,,,False,,,False,,,,,,,,,,,,,,
83.99016404151917,83.97987604141235,0.12569808959960938,odometry_only,1472,-4,0.0,True,,,N/A,False,37,-0.4230859375000015,0.26933593750000046,11.078769531249996,0.0027365376272163733,-0.0009390503665662549,-0.015525204072463602,8.223954975352971e-05,0.00212038759281005,-0.015649268621263836,-0.102298672582952,0.059887896615110285,-0.3812036441527136,-2.486654506385896,5.325903613823609,-21.314222400569268,-0.4169140624999985,0.24066406249999955,8.561230468750004,357.5,358.625,257.0625,360.0,360.0,0.0,-2.5,-1.375,257.0625,0.6231689453125,-0.009521484375,0.0234375,0.78167724609375,0.004363323129985824,-0.001090830782496456,0.001090830782496456,21.875,-5.875,-39.5625,,,False,,,False,,,,,,,,,,,,,,
84.11257290840149,84.10228490829468,0.12239599227905273,odometry_only,1467,-4,0.0,True,,,N/A,False,37,-0.44308593750000147,0.22933593750000048,11.088769531249996,-0.002677744912984792,0.0047194706647521465,-0.015033336360380423,-0.004217833557334551,-0.004385564852502529,-0.01477909416391698,-0.10255176264906259,0.059749272305916284,-0.3830657989809732,-2.4991909425304053,5.333225168825382,-21.36099415899972,-0.4169140624999985,0.24066406249999955,8.561230468750004,357.5,358.625,257.0625,360.0,360.0,0.0,-2.5,-1.375,257.0625,0.6231689453125,-0.009521484375,0.0234375,0.78167724609375,0.001090830782496456,0.001090830782496456,0.002181661564992912,22.5625,-5.875,-40.375,,,False,,,False,,,,,,,,,,,,,,
84.23468351364136,84.22439551353455,0.12209916114807129,odometry_only,1467,-4,0.0,True,,,N/A,False,37,-0.38308593750000147,0.23933593750000043,11.118769531249997,0.0032633439532885377,0.010982928930864935,-0.014839726107568963,-0.011645623313476055,1.731820765074263e-05,-0.01469254131611905,-0.10352022003747988,0.059482592680404144,-0.38486502996586025,-2.5117715506414786,5.3405042241738565,-21.407876014016797,-0.4169140624999985,0.24066406249999955,8.561230468750004,357.5,358.625,257.0625,360.0,360.0,0.0,-2.5,-1.375,257.0625,0.6231689453125,-0.009521484375,0.0234375,0.78167724609375,0.001090830782496456,-0.001090830782496456,0.0,21.5,-6.5625,-40.875,,,False,,,False,,,,,,,,,,,,,,
84.36775326728821,84.3574652671814,0.1330573558807373,odometry_only,1467,-4,0.0,True,,,N/A,False,37,-0.4230859375000015,0.18933593750000044,11.108769531249997,0.003600462939322523,-0.0010635839809617562,-0.006417362432986712,0.00014132032713637025,0.003431147093495266,-0.006594265921711043,-0.10428558610578649,0.05971201451781262,-0.38628121310896457,-2.5255965961925226,5.3484340838083755,-21.459179354067246,-0.4169140624999985,0.24066406249999955,8.561230468750004,357.5,358.625,257.0625,360.0,360.0,0.0,-2.5,-1.375,257.0625,0.6231689453125,-0.009521484375,0.0234375,0.78167724609375,-0.001090830782496456,-0.003272492347489368,0.001090830782496456,22.25,-6.1875,-40.375,,,False,,,False,,,,,,,,,,,,,,
84.49195170402527,84.48166370391846,0.12418437004089355,odometry_only,1467,-4,0.0,True,,,N/A,False,37,-0.4030859375000015,0.20933593750000046,11.108769531249997,0.011849454453499287,-0.005454515652894097,-0.007410482587537447,0.002566183593906657,0.012391507069674118,-0.008058648666991075,-0.1041174712713775,0.060694477687626675,-0.38719104459269504,-2.5385367973900124,5.355910386000058,-21.50720593660064,-0.4169140624999985,0.24066406249999955,8.561230468750004,357.5,358.625,257.0625,360.0,360.0,0.0,-2.5,-1.375,257.0625,0.6231689453125,-0.009521484375,0.0234375,0.78167724609375,0.0,-0.003272492347489368,-0.002181661564992912,22.5625,-5.875,-40.375,,,False,,,False,,,,,,,,,,,,,,
84.61477208137512,84.60448408126831,0.12280893325805664,odometry_only,1467,-4,0.0,True,,,N/A,False,37,-0.3930859375000015,0.23933593750000043,11.108769531249997,0.011011637104833515,-0.003116527253631681,-0.0037512864615451137,0.0005267593866543943,0.01123359979094104,-0.004309269573058492,-0.10392755075734215,0.062145164773456545,-0.3879504900155367,-2.5513116910025104,5.363453288726282,-21.554803089095266,-0.4169140624999985,0.24066406249999955,8.561230468750004,357.5,358.625,257.0625,360.0,360.0,0.0,-2.5,-1.375,257.0625,0.6231689453125,-0.009521484375,0.0234375,0.78167724609375,-0.002181661564992912,-0.001090830782496456,0.0,21.5,-5.0625,-39.5625,,,False,,,False,,,,,,,,,,,,,,
84.73811435699463,84.72782635688782,0.12333011627197266,odometry_only,1467,-4,0.0,True,,,N/A,False,37,-0.3930859375000015,0.22933593750000048,11.098769531249998,0.016759804758399457,0.005908479396930712,-0.004336158853983423,-0.009560764353617903,0.014797180463278967,-0.004923280739745304,-0.10448463319883075,0.06375035435115811,-0.3885198157673192,-2.5641634404424156,5.371216643232161,-21.60268417564223,-0.4169140624999985,0.24066406249999955,8.561230468750004,357.5,358.625,257.0625,360.0,360.0,0.0,-2.5,-1.375,257.0625,0.6231689453125,-0.009521484375,0.0234375,0.78167724609375,-0.001090830782496456,-0.001090830782496456,0.001090830782496456,23.0,-6.1875,-38.375,,,False,,,False,,,,,,,,,,,,,,
84.8627679347992,84.85247993469238,0.12462711334228516,odometry_only,1467,-4,0.0,True,,,N/A,False,37,-0.4030859375000015,0.22933593750000048,11.088769531249996,0.016989042646911888,0.007428113693577881,-0.004566477534611717,-0.011096374987654886,0.014671542174478617,-0.005125765555823419,-0.10577185302183684,0.0655866552692722,-0.38914600758314905,-2.5772652699120027,5.37927609231082,-21.651143298996793,-0.4169140624999985,0.24066406249999955,8.561230468750004,357.5,358.625,257.0625,360.0,360.0,0.0,-2.5,-1.375,257.0625,0.6231689453125,-0.009521484375,0.0234375,0.78167724609375,0.0,0.0,0.0,22.25,-5.875,-39.5625,,,False,,,False,,,,,,,,,,,,,,
84.98826026916504,84.97797226905823,0.12548017501831055,odometry_only,1471,-4,0.0,True,,,N/A,False,37,-0.4030859375000015,0.22933593750000048,11.098769531249998,0.017078612764996774,0.003942371459411535,-0.0046564699505901655,-0.007720162506238677,0.015529005654170095,-0.005305948866269091,-0.10695240423082301,0.06748144028286604,-0.38980049425886165,-2.5906116084273547,5.387624796270438,-21.70001447068731,-0.4169140624999985,0.24066406249999955,8.561230468750004,357.5,358.625,257.0625,360.0,360.0,0.0,-2.5,-1.375,257.0625,0.6231689453125,-0.009521484375,0.0234375,0.78167724609375,-0.003272492347489368,-0.00545415391248228,-0.001090830782496456,21.0625,-6.5625,-39.5625,,,False,,,False,,,,,,,,,,,,,,
85.11324906349182,85.10296106338501,0.12497711181640625,odometry_only,1471,-4,0.0,True,,,N/A,False,37,-0.4030859375000015,0.24933593750000044,11.098769531249998,0.011003598897465171,-0.001481389811702009,-0.008764485473252892,-0.0011370021964607663,0.010619228683798068,-0.009275188313334442,-0.10750587566253582,0.06911540568619497,-0.3907116484647145,-2.604012796640448,5.39616053591666,-21.748787547354926,-0.4169140624999985,0.24066406249999955,8.561230468750004,357.5,358.625,257.0625,360.0,360.0,0.0,-2.5,-1.375,257.0625,0.6231689453125,-0.009521484375,0.0234375,0.78167724609375,0.0,-0.001090830782496456,0.002181661564992912,21.875,-5.875,-39.5625,,,False,,,False,,,,,,,,,,,,,,
85.23598527908325,85.22569727897644,0.12272334098815918,odometry_only,1461,-5,0.0,True,,,N/A,False,37,-0.4130859375000015,0.23933593750000043,11.078769531249996,0.0005685075419415049,-0.0015542911195055677,-0.010351282107764955,0.0012397942746211915,0.00039688130336646267,-0.010401608451177524,-0.10749956816890634,0.06979137259735389,-0.39191904958415746,-2.617205889839266,5.404684087875089,-21.796811074367152,-0.4169140624999985,0.24066406249999955,8.561230468750004,357.5,358.625,257.0625,360.0,360.0,0.0,-2.5,-1.375,257.0625,0.6231689453125,-0.009521484375,0.0234375,0.78167724609375,-0.001090830782496456,0.0,-0.001090830782496456,20.75,-6.1875,-40.375,,,False,,,False,,,,,,,,,,,,,,
85.36117649078369,85.35088849067688,0.12517905235290527,odometry_only,1467,-4,0.0,True,,,N/A,False,37,-0.4130859375000015,0.23933593750000043,11.058769531249997,-0.0076438881068926975,-0.0015831907438058446,-0.010980321942028444,0.00309145413260303,-0.00762434899783588,-0.010668420781810678,-0.10722847738334566,0.06933900881890144,-0.3932378127303742,-2.630645616467177,5.4133921925246815,-21.84595367035361,-0.4169140624999985,0.24066406249999955,8.561230468750004,357.5,358.625,257.0625,360.0,360.0,0.0,-2.5,-1.375,257.0625,0.6231689453125,-0.009521484375,0.0234375,0.78167724609375,0.002181661564992912,-0.002181661564992912,0.001090830782496456,21.0625,-6.5625,-38.375,,,False,,,False,,,,,,,,,,,,,,
85.4868733882904,85.4765853881836,0.12568426132202148,odometry_only,1467,-4,0.0,True,,,N/A,False,37,-0.4030859375000015,0.22933593750000048,11.108769531249997,-0.008799542802330246,0.0024876412773345347,-0.005102055347190517,-0.0005342292380912106,-0.00936919459821127,-0.00464586624027782,-0.10706777592239516,0.06827109833184507,-0.39420019515639654,-2.6441124496175816,5.422039904858525,-21.895437952532674,-0.4169140624999985,0.24066406249999955,8.561230468750004,357.5,358.625,257.0625,360.0,360.0,0.0,-2.5,-1.375,257.0625,0.6231689453125,-0.009521484375,0.0234375,0.78167724609375,0.002181661564992912,0.006544984694978736,0.001090830782496456,21.5,-6.1875,-40.875,,,False,,,False,,,,,,,,,,,,,,
85.61485719680786,85.60456919670105,0.12797141075134277,odometry_only,1467,-4,0.0,True,,,N/A,False,37,-0.4230859375000015,0.22933593750000048,11.078769531249996,-0.005140139159232442,0.0040768647819670635,-0.0069177853150277375,-0.002925781893138254,-0.006246945518347678,-0.006581267559985058,-0.10728916717523455,0.06727188859124172,-0.3949185712319534,-2.6578282298238562,5.430712718485524,-21.945930273425212,-0.4169140624999985,0.24066406249999955,8.561230468750004,357.5,358.625,257.0625,360.0,360.0,0.0,-2.5,-1.375,257.0625,0.6231689453125,-0.009521484375,0.0234375,0.78167724609375,0.0,0.004363323129985824,-0.002181661564992912,21.875,-5.875,-40.375,,,False,,,False,,,,,,,,,,,,,,
85.7379457950592,85.72765779495239,0.12307405471801758,odometry_only,1468,-4,0.0,True,,,N/A,False,37,-0.44308593750000147,0.22933593750000048,11.098769531249998,-0.0037581516292405845,0.004677041007378722,-0.011652293667756344,-0.003886962120858717,-0.005264215852204686,-0.011355787991377202,-0.1077084031900138,0.06656352593904807,-0.39602236431015764,-2.671058541193543,5.4389485520510785,-21.99460242741503,-0.4169140624999985,0.24066406249999955,8.561230468750004,357.5,358.625,257.0625,360.0,360.0,0.0,-2.5,-1.375,257.0625,0.6231689453125,-0.009521484375,0.0234375,0.78167724609375,-0.003272492347489368,0.001090830782496456,0.0,22.5625,-5.875,-41.25,,,False,,,False,,,,,,,,,,,,,,
85.8656165599823,85.85532855987549,0.12765932083129883,odometry_only,1467,-4,0.0,True,,,N/A,False,37,-0.4030859375000015,0.23933593750000043,11.078769531249996,-0.005261064042103965,0.004916090641307458,-0.015591400717766626,-0.0038410315299240126,-0.006971935910972775,-0.015217657665687624,-0.10820167840043757,0.0657824965272101,-0.3977185383225218,-2.6848400083817765,5.447396153722462,-22.045266639688084,-0.4169140624999985,0.24066406249999955,8.561230468750004,357.5,358.625,257.0625,360.0,360.0,0.0,-2.5,-1.375,257.0625,0.6231689453125,-0.009521484375,0.0234375,0.78167724609375,0.001090830782496456,0.001090830782496456,0.001090830782496456,21.0625,-5.875,-40.875,,,False,,,False,,,,,,,,,,,,,,
85.9876537322998,85.977365732193,0.1220242977142334,odometry_only,1467,-4,0.0,True,,,N/A,False,37,-0.4030859375000015,0.23933593750000043,11.088769531249996,-0.005828116523803453,0.007023864453951535,-0.013042475700214736,-0.005732393281111922,-0.007868874005887214,-0.012594771757492941,-0.1087857736200809,0.06487702682340248,-0.39941543440656696,-2.6980788791045787,5.4553679720107295,-22.093901496291295,-0.4169140624999985,0.24066406249999955,8.561230468750004,357.5,358.625,257.0625,360.0,360.0,0.0,-2.5,-1.375,257.0625,0.6231689453125,-0.009521484375,0.0234375,0.78167724609375,-0.001090830782496456,0.001090830782496456,-0.001090830782496456,20.75,-6.5625,-39.5625,,,False,,,False,,,,,,,,,,,,,,
86.11241722106934,86.10212922096252,0.12475109100341797,odometry_only,1465,-5,0.0,True,,,N/A,False,37,-0.43308593750000146,0.23933593750000043,11.088769531249996,-0.008089033624784773,0.00786309850434039,-0.009992453570202151,-0.006002187605918877,-0.010109074519241807,-0.009428163539750156,-0.10951772450414338,0.06375564247714591,-0.4007891270092813,-2.7116956788850084,5.463391504927692,-22.143814692322564,-0.4169140624999985,0.24066406249999955,8.561230468750004,357.5,358.625,257.0625,360.0,360.0,0.0,-2.5,-1.375,257.0625,0.6231689453125,-0.009521484375,0.0234375,0.78167724609375,-0.004363323129985824,-0.002181661564992912,0.001090830782496456,22.25,-6.5625,-40.0625,,,False,,,False,,,,,,,,,,,,,,
86.23775672912598,86.22746872901917,0.12532782554626465,odometry_only,1466,-5,0.0,True,,,N/A,False,37,-0.38308593750000147,0.23933593750000043,11.078769531249996,-0.004893562331490181,0.0061517393974374526,-0.008802464169766527,-0.005030143657021878,-0.0065593355910869185,-0.008423004022283864,-0.1102090535480886,0.06271113467992546,-0.4019077510162872,-2.725464618538795,5.471316408020162,-22.194114819470425,-0.4169140624999985,0.24066406249999955,8.561230468750004,357.5,358.625,257.0625,360.0,360.0,0.0,-2.5,-1.375,257.0625,0.6231689453125,-0.009521484375,0.0234375,0.78167724609375,0.002181661564992912,0.002181661564992912,0.001090830782496456,20.5,-6.5625,-40.375,,,False,,,False,,,,,,,,,,,,,,
